-- phpMyAdmin SQL Dump
-- version 4.9.7
-- https://www.phpmyadmin.net/
--
-- Host: localhost:3306
-- Generation Time: Aug 23, 2021 at 07:26 AM
-- Server version: 10.3.30-MariaDB
-- PHP Version: 7.3.28

SET SQL_MODE = "NO_AUTO_VALUE_ON_ZERO";
SET AUTOCOMMIT = 0;
START TRANSACTION;
SET time_zone = "+00:00";


/*!40101 SET @OLD_CHARACTER_SET_CLIENT=@@CHARACTER_SET_CLIENT */;
/*!40101 SET @OLD_CHARACTER_SET_RESULTS=@@CHARACTER_SET_RESULTS */;
/*!40101 SET @OLD_COLLATION_CONNECTION=@@COLLATION_CONNECTION */;
/*!40101 SET NAMES utf8mb4 */;

--
-- Database: `safeworl_mlm`
--

-- --------------------------------------------------------

--
-- Table structure for table `admins`
--

CREATE TABLE `admins` (
  `id` bigint(20) UNSIGNED NOT NULL,
  `name` varchar(255) COLLATE utf8mb4_unicode_ci NOT NULL,
  `email` varchar(255) COLLATE utf8mb4_unicode_ci NOT NULL,
  `username` varchar(255) COLLATE utf8mb4_unicode_ci NOT NULL,
  `email_verified_at` timestamp NULL DEFAULT NULL,
  `image` varchar(255) COLLATE utf8mb4_unicode_ci DEFAULT NULL,
  `access` text COLLATE utf8mb4_unicode_ci DEFAULT NULL,
  `password` varchar(255) COLLATE utf8mb4_unicode_ci NOT NULL,
  `created_at` timestamp NULL DEFAULT NULL,
  `updated_at` timestamp NULL DEFAULT NULL
) ENGINE=InnoDB DEFAULT CHARSET=utf8mb4 COLLATE=utf8mb4_unicode_ci;

--
-- Dumping data for table `admins`
--

INSERT INTO `admins` (`id`, `name`, `email`, `username`, `email_verified_at`, `image`, `access`, `password`, `created_at`, `updated_at`) VALUES
(1, 'Super Admin', 'admin@safeworld1.com', 'admin', NULL, '60e0c309d44731625342729.jpg', NULL, '$2y$10$Rfqn11pkECYQiRzya72xSemR1IyXUau/DLD6nrODX8/nBlKtXYtW6', NULL, '2021-08-12 21:54:31');

-- --------------------------------------------------------

--
-- Table structure for table `admin_notifications`
--

CREATE TABLE `admin_notifications` (
  `id` bigint(20) UNSIGNED NOT NULL,
  `user_id` int(11) NOT NULL DEFAULT 0,
  `title` varchar(100) COLLATE utf8mb4_unicode_ci DEFAULT NULL,
  `read_status` tinyint(4) NOT NULL DEFAULT 0,
  `click_url` text COLLATE utf8mb4_unicode_ci DEFAULT NULL,
  `created_at` timestamp NULL DEFAULT NULL,
  `updated_at` timestamp NULL DEFAULT NULL
) ENGINE=InnoDB DEFAULT CHARSET=utf8mb4 COLLATE=utf8mb4_unicode_ci;

--
-- Dumping data for table `admin_notifications`
--

INSERT INTO `admin_notifications` (`id`, `user_id`, `title`, `read_status`, `click_url`, `created_at`, `updated_at`) VALUES
(1, 23, 'New member registered', 0, 'https://safeworld1.com/admin/user/detail/23', '2021-07-03 13:13:13', '2021-07-03 13:13:13'),
(2, 24, 'New member registered', 0, 'https://safeworld1.com/admin/user/detail/24', '2021-07-03 13:18:48', '2021-07-03 13:18:48'),
(3, 25, 'New member registered', 0, 'https://safeworld1.com/admin/user/detail/25', '2021-07-03 13:23:22', '2021-07-03 13:23:22'),
(4, 23, 'Deposit request from cute0966', 0, 'https://safeworld1.com/admin/deposit/details/1', '2021-07-03 23:22:13', '2021-07-03 23:22:13'),
(5, 23, 'Deposit request from cute0966', 0, 'https://safeworld1.com/admin/deposit/details/2', '2021-07-03 23:31:27', '2021-07-03 23:31:27'),
(6, 23, 'New withdraw request from cute0966', 1, 'https://safeworld1.com/admin/withdraw/details/3', '2021-07-04 04:54:44', '2021-07-05 01:09:02'),
(7, 23, 'New withdraw request from cute0966', 1, 'https://safeworld1.com/admin/withdraw/details/6', '2021-07-05 00:33:28', '2021-07-05 00:58:42'),
(8, 23, 'Deposit request from cute0966', 0, 'https://safeworld1.com/admin/deposit/details/5', '2021-07-05 06:25:44', '2021-07-05 06:25:44'),
(9, 23, 'Deposit request from cute0966', 0, 'https://safeworld1.com/admin/deposit/details/6', '2021-07-05 10:21:38', '2021-07-05 10:21:38'),
(10, 0, 'New support ticket has opened', 0, 'https://safeworld1.com/admin/tickets/view/1', '2021-07-05 15:44:16', '2021-07-05 15:44:16'),
(11, 23, 'Deposit request from cute0966', 0, 'https://safeworld1.com/admin/deposit/details/7', '2021-07-06 04:43:14', '2021-07-06 04:43:14'),
(12, 23, 'Deposit request from cute0966', 0, 'https://safeworld1.com/admin/deposit/details/8', '2021-07-06 04:43:50', '2021-07-06 04:43:50'),
(13, 23, 'Deposit request from cute0966', 0, 'https://safeworld1.com/admin/deposit/details/9', '2021-07-06 10:02:29', '2021-07-06 10:02:29'),
(14, 23, 'Deposit request from cute0966', 0, 'https://safeworld1.com/admin/deposit/details/10', '2021-07-06 10:35:01', '2021-07-06 10:35:01'),
(15, 23, 'Deposit request from cute0966', 0, 'https://safeworld1.com/admin/deposit/details/11', '2021-07-06 10:58:17', '2021-07-06 10:58:17'),
(16, 23, 'Deposit request from cute0966', 0, 'https://safeworld1.com/admin/deposit/details/12', '2021-07-06 11:02:22', '2021-07-06 11:02:22'),
(17, 23, 'Deposit request from cute0966', 0, 'https://safeworld1.com/admin/deposit/details/13', '2021-07-06 11:06:37', '2021-07-06 11:06:37'),
(18, 23, 'Deposit request from cute0966', 0, 'https://safeworld1.com/admin/deposit/details/14', '2021-07-06 11:18:26', '2021-07-06 11:18:26'),
(19, 23, 'Deposit request from cute0966', 0, 'https://safeworld1.com/admin/deposit/details/15', '2021-07-06 11:22:20', '2021-07-06 11:22:20'),
(20, 23, 'Deposit request from cute0966', 0, 'https://safeworld1.com/admin/deposit/details/16', '2021-07-06 11:27:28', '2021-07-06 11:27:28'),
(21, 23, 'Deposit request from cute0966', 0, 'https://safeworld1.com/admin/deposit/details/17', '2021-07-06 11:30:41', '2021-07-06 11:30:41'),
(22, 25, 'Deposit request from Cute096', 0, 'https://safeworld1.com/admin/deposit/details/18', '2021-07-06 13:05:24', '2021-07-06 13:05:24'),
(23, 25, 'Deposit request from Cute096', 0, 'https://safeworld1.com/admin/deposit/details/20', '2021-07-06 20:32:14', '2021-07-06 20:32:14'),
(24, 23, 'Deposit request from cute0966', 0, 'https://safeworld1.com/admin/deposit/details/21', '2021-07-07 08:12:19', '2021-07-07 08:12:19'),
(25, 23, 'Deposit request from cute0966', 0, 'https://safeworld1.com/admin/deposit/details/22', '2021-07-07 08:28:21', '2021-07-07 08:28:21'),
(26, 23, 'New withdraw request from cute0966', 0, 'https://safeworld1.com/admin/withdraw/details/7', '2021-07-07 10:20:17', '2021-07-07 10:20:17'),
(27, 26, 'New member registered', 1, 'https://safeworld1.com/admin/user/detail/26', '2021-07-07 10:49:44', '2021-07-07 10:59:41'),
(28, 27, 'New member registered', 0, 'https://safeworld1.com/admin/user/detail/27', '2021-07-07 11:02:53', '2021-07-07 11:02:53'),
(29, 28, 'New member registered', 0, 'https://safeworld1.com/admin/user/detail/28', '2021-07-07 11:11:50', '2021-07-07 11:11:50'),
(30, 29, 'New member registered', 0, 'https://safeworld1.com/admin/user/detail/29', '2021-07-07 11:18:45', '2021-07-07 11:18:45'),
(31, 23, 'Deposit request from cute0966', 0, 'https://safeworld1.com/admin/deposit/details/23', '2021-07-08 03:45:10', '2021-07-08 03:45:10'),
(32, 30, 'New member registered', 0, 'https://safeworld1.com/admin/user/detail/30', '2021-07-08 04:14:46', '2021-07-08 04:14:46'),
(33, 31, 'New member registered', 0, 'https://safeworld1.com/admin/user/detail/31', '2021-07-08 04:34:21', '2021-07-08 04:34:21'),
(34, 32, 'New member registered', 0, 'https://safeworld1.com/admin/user/detail/32', '2021-07-08 04:43:12', '2021-07-08 04:43:12'),
(35, 33, 'New member registered', 0, 'https://safeworld1.com/admin/user/detail/33', '2021-07-08 04:53:17', '2021-07-08 04:53:17'),
(36, 32, 'Deposit request from cute46', 0, 'https://safeworld1.com/admin/deposit/details/24', '2021-07-08 20:58:59', '2021-07-08 20:58:59'),
(37, 34, 'New member registered', 0, 'https://safeworld1.com/admin/user/detail/34', '2021-07-09 11:49:19', '2021-07-09 11:49:19'),
(38, 35, 'New member registered', 0, 'https://safeworld1.com/admin/user/detail/35', '2021-07-09 11:51:48', '2021-07-09 11:51:48'),
(39, 36, 'New member registered', 0, 'https://safeworld1.com/admin/user/detail/36', '2021-07-09 11:56:04', '2021-07-09 11:56:04'),
(40, 37, 'New member registered', 0, 'https://safeworld1.com/admin/user/detail/37', '2021-07-09 11:57:52', '2021-07-09 11:57:52'),
(41, 38, 'New member registered', 0, 'https://safeworld1.com/admin/user/detail/38', '2021-07-10 00:42:41', '2021-07-10 00:42:41'),
(42, 39, 'New member registered', 0, 'https://safeworld1.com/admin/user/detail/39', '2021-07-10 00:47:20', '2021-07-10 00:47:20'),
(43, 40, 'New member registered', 0, 'https://safeworld1.com/admin/user/detail/40', '2021-07-10 08:33:43', '2021-07-10 08:33:43'),
(44, 41, 'New member registered', 0, 'https://safeworld1.com/admin/user/detail/41', '2021-07-10 08:38:13', '2021-07-10 08:38:13'),
(45, 42, 'New member registered', 0, 'https://safeworld1.com/admin/user/detail/42', '2021-07-10 08:40:48', '2021-07-10 08:40:48'),
(46, 43, 'New member registered', 0, 'https://safeworld1.com/admin/user/detail/43', '2021-07-10 08:42:59', '2021-07-10 08:42:59'),
(47, 44, 'New member registered', 0, 'https://safeworld1.com/admin/user/detail/44', '2021-07-10 08:45:20', '2021-07-10 08:45:20'),
(48, 45, 'New member registered', 0, 'https://safeworld1.com/admin/user/detail/45', '2021-07-10 08:47:00', '2021-07-10 08:47:00'),
(49, 46, 'New member registered', 0, 'https://safeworld1.com/admin/user/detail/46', '2021-07-10 08:57:56', '2021-07-10 08:57:56'),
(50, 47, 'New member registered', 0, 'https://safeworld1.com/admin/user/detail/47', '2021-07-10 09:03:03', '2021-07-10 09:03:03'),
(51, 48, 'New member registered', 0, 'https://safeworld1.com/admin/user/detail/48', '2021-07-10 09:05:35', '2021-07-10 09:05:35'),
(52, 49, 'New member registered', 0, 'https://safeworld1.com/admin/user/detail/49', '2021-07-10 09:28:05', '2021-07-10 09:28:05'),
(53, 50, 'New member registered', 0, 'https://safeworld1.com/admin/user/detail/50', '2021-07-10 09:29:47', '2021-07-10 09:29:47'),
(54, 51, 'New member registered', 0, 'https://safeworld1.com/admin/user/detail/51', '2021-07-10 09:32:33', '2021-07-10 09:32:33'),
(55, 52, 'New member registered', 0, 'https://safeworld1.com/admin/user/detail/52', '2021-07-10 09:34:03', '2021-07-10 09:34:03'),
(56, 53, 'New member registered', 0, 'https://safeworld1.com/admin/user/detail/53', '2021-07-10 09:38:15', '2021-07-10 09:38:15'),
(57, 54, 'New member registered', 0, 'https://safeworld1.com/admin/user/detail/54', '2021-07-10 09:40:09', '2021-07-10 09:40:09'),
(58, 55, 'New member registered', 0, 'https://safeworld1.com/admin/user/detail/55', '2021-07-10 09:42:09', '2021-07-10 09:42:09'),
(59, 56, 'New member registered', 0, 'https://safeworld1.com/admin/user/detail/56', '2021-07-10 09:44:21', '2021-07-10 09:44:21'),
(60, 57, 'New member registered', 0, 'https://safeworld1.com/admin/user/detail/57', '2021-07-10 09:45:49', '2021-07-10 09:45:49'),
(61, 58, 'New member registered', 0, 'https://safeworld1.com/admin/user/detail/58', '2021-07-10 09:47:42', '2021-07-10 09:47:42'),
(62, 59, 'New member registered', 0, 'https://safeworld1.com/admin/user/detail/59', '2021-07-10 09:50:21', '2021-07-10 09:50:21'),
(63, 60, 'New member registered', 0, 'https://safeworld1.com/admin/user/detail/60', '2021-07-10 09:54:01', '2021-07-10 09:54:01'),
(64, 61, 'New member registered', 0, 'https://safeworld1.com/admin/user/detail/61', '2021-07-10 09:55:41', '2021-07-10 09:55:41'),
(65, 62, 'New member registered', 0, 'https://safeworld1.com/admin/user/detail/62', '2021-07-10 09:57:11', '2021-07-10 09:57:11'),
(66, 63, 'New member registered', 0, 'https://safeworld1.com/admin/user/detail/63', '2021-07-10 09:58:46', '2021-07-10 09:58:46'),
(67, 64, 'New member registered', 0, 'https://safeworld1.com/admin/user/detail/64', '2021-07-10 10:00:13', '2021-07-10 10:00:13'),
(68, 65, 'New member registered', 0, 'https://safeworld1.com/admin/user/detail/65', '2021-07-10 10:03:26', '2021-07-10 10:03:26'),
(69, 66, 'New member registered', 0, 'https://safeworld1.com/admin/user/detail/66', '2021-07-10 10:04:50', '2021-07-10 10:04:50'),
(70, 67, 'New member registered', 0, 'https://safeworld1.com/admin/user/detail/67', '2021-07-10 10:06:19', '2021-07-10 10:06:19'),
(71, 0, 'New support ticket has opened', 0, 'https://safeworld1.com/admin/tickets/view/2', '2021-07-12 00:58:19', '2021-07-12 00:58:19'),
(72, 24, 'Deposit request from cute09', 0, 'https://safeworld1.com/admin/deposit/details/25', '2021-07-12 23:39:05', '2021-07-12 23:39:05'),
(73, 0, 'New support ticket has opened', 0, 'https://safeworld1.com/admin/tickets/view/3', '2021-07-13 15:57:52', '2021-07-13 15:57:52'),
(74, 68, 'New member registered', 0, 'https://safeworld1.com/admin/user/detail/68', '2021-07-17 01:36:46', '2021-07-17 01:36:46'),
(75, 69, 'New member registered', 0, 'https://safeworld1.com/admin/user/detail/69', '2021-07-17 01:40:17', '2021-07-17 01:40:17'),
(76, 70, 'New member registered', 0, 'https://safeworld1.com/admin/user/detail/70', '2021-07-17 01:44:58', '2021-07-17 01:44:58'),
(77, 30, 'Deposit request from active', 0, 'https://safeworld1.com/admin/deposit/details/26', '2021-07-17 02:07:55', '2021-07-17 02:07:55'),
(78, 23, 'Deposit request from cute0966', 0, 'https://safeworld1.com/admin/deposit/details/27', '2021-07-17 02:07:56', '2021-07-17 02:07:56'),
(79, 23, 'New withdraw request from cute0966', 0, 'https://safeworld1.com/admin/withdraw/details/8', '2021-07-17 03:53:49', '2021-07-17 03:53:49'),
(80, 71, 'New member registered', 0, 'https://www.safeworld1.com/admin/user/detail/71', '2021-07-18 02:08:12', '2021-07-18 02:08:12'),
(81, 71, 'Deposit request from Abcd46', 0, 'https://www.safeworld1.com/admin/deposit/details/28', '2021-07-18 02:11:06', '2021-07-18 02:11:06'),
(82, 33, 'Deposit request from cute461', 0, 'https://www.safeworld1.com/admin/deposit/details/29', '2021-07-18 02:25:56', '2021-07-18 02:25:56'),
(83, 24, 'Deposit request from cute09', 0, 'https://safeworld1.com/admin/deposit/details/30', '2021-07-31 07:23:15', '2021-07-31 07:23:15'),
(84, 72, 'New member registered', 0, 'https://safeworld1.com/admin/user/detail/72', '2021-07-31 12:18:30', '2021-07-31 12:18:30'),
(85, 72, 'Deposit request from R123469', 0, 'https://safeworld1.com/admin/deposit/details/31', '2021-07-31 12:22:57', '2021-07-31 12:22:57'),
(86, 73, 'New member registered', 0, 'https://safeworld1.com/admin/user/detail/73', '2021-07-31 12:31:12', '2021-07-31 12:31:12'),
(87, 73, 'Deposit request from Test44555', 0, 'https://safeworld1.com/admin/deposit/details/32', '2021-07-31 12:33:00', '2021-07-31 12:33:00'),
(88, 74, 'New member registered', 0, 'https://safeworld1.com/admin/user/detail/74', '2021-07-31 12:42:36', '2021-07-31 12:42:36'),
(89, 74, 'Deposit request from Test4368', 0, 'https://safeworld1.com/admin/deposit/details/34', '2021-07-31 12:44:44', '2021-07-31 12:44:44'),
(90, 24, 'Deposit request from cute09', 0, 'https://safeworld1.com/admin/deposit/details/35', '2021-08-01 05:00:49', '2021-08-01 05:00:49'),
(91, 75, 'New member registered', 0, 'https://safeworld1.com/admin/user/detail/75', '2021-08-03 07:46:24', '2021-08-03 07:46:24'),
(92, 75, 'Deposit request from rooydeeb', 0, 'https://safeworld1.com/admin/deposit/details/36', '2021-08-03 07:54:48', '2021-08-03 07:54:48'),
(93, 76, 'New member registered', 0, 'https://safeworld1.com/admin/user/detail/76', '2021-08-03 08:18:48', '2021-08-03 08:18:48'),
(94, 77, 'New member registered', 0, 'https://safeworld1.com/admin/user/detail/77', '2021-08-04 03:54:03', '2021-08-04 03:54:03'),
(95, 78, 'New member registered', 0, 'https://safeworld1.com/admin/user/detail/78', '2021-08-04 03:54:03', '2021-08-04 03:54:03'),
(96, 79, 'New member registered', 0, 'https://safeworld1.com/admin/user/detail/79', '2021-08-04 12:34:34', '2021-08-04 12:34:34'),
(97, 79, 'Deposit request from Red45162', 0, 'https://safeworld1.com/admin/deposit/details/42', '2021-08-04 12:38:29', '2021-08-04 12:38:29'),
(98, 80, 'New member registered', 0, 'https://safeworld1.com/admin/user/detail/80', '2021-08-04 12:47:56', '2021-08-04 12:47:56'),
(99, 80, 'Deposit request from Cute09677', 0, 'https://safeworld1.com/admin/deposit/details/43', '2021-08-04 13:04:31', '2021-08-04 13:04:31'),
(100, 81, 'New member registered', 0, 'https://safeworld1.com/admin/user/detail/81', '2021-08-04 13:29:39', '2021-08-04 13:29:39'),
(101, 81, 'Deposit request from Assr4678', 0, 'https://safeworld1.com/admin/deposit/details/44', '2021-08-04 13:31:41', '2021-08-04 13:31:41'),
(102, 82, 'New member registered', 0, 'https://safeworld1.com/admin/user/detail/82', '2021-08-04 13:34:12', '2021-08-04 13:34:12'),
(103, 81, 'Deposit request from Assr4678', 0, 'https://safeworld1.com/admin/deposit/details/45', '2021-08-04 13:35:19', '2021-08-04 13:35:19'),
(104, 82, 'Deposit request from subashdeb', 1, 'https://safeworld1.com/admin/deposit/details/46', '2021-08-04 13:38:21', '2021-08-06 07:37:44'),
(105, 83, 'New member registered', 0, 'https://safeworld1.com/admin/user/detail/83', '2021-08-06 07:32:52', '2021-08-06 07:32:52'),
(106, 83, 'Deposit request from merajali', 0, 'https://safeworld1.com/admin/deposit/details/48', '2021-08-06 07:34:57', '2021-08-06 07:34:57'),
(107, 84, 'New member registered', 0, 'https://www.safeworld1.com/admin/user/detail/84', '2021-08-06 08:22:58', '2021-08-06 08:22:58'),
(108, 85, 'New member registered', 0, 'https://www.safeworld1.com/admin/user/detail/85', '2021-08-06 08:52:55', '2021-08-06 08:52:55'),
(109, 85, 'Deposit request from ashabul', 0, 'https://safeworld1.com/admin/deposit/details/49', '2021-08-06 09:55:28', '2021-08-06 09:55:28'),
(110, 86, 'New member registered', 0, 'https://safeworld1.com/admin/user/detail/86', '2021-08-07 02:12:43', '2021-08-07 02:12:43'),
(111, 87, 'New member registered', 0, 'https://safeworld1.com/admin/user/detail/87', '2021-08-07 03:53:27', '2021-08-07 03:53:27'),
(112, 88, 'New member registered', 0, 'https://safeworld1.com/admin/user/detail/88', '2021-08-07 04:14:21', '2021-08-07 04:14:21'),
(113, 86, 'Deposit request from Ichhemoni', 0, 'https://safeworld1.com/admin/deposit/details/50', '2021-08-07 04:34:08', '2021-08-07 04:34:08'),
(114, 32, 'Deposit request from cute46', 0, 'https://safeworld1.com/admin/deposit/details/51', '2021-08-07 05:31:18', '2021-08-07 05:31:18'),
(115, 89, 'New member registered', 0, 'https://www.safeworld1.com/admin/user/detail/89', '2021-08-07 08:00:56', '2021-08-07 08:00:56'),
(116, 90, 'New member registered', 0, 'https://safeworld1.com/admin/user/detail/90', '2021-08-07 10:40:35', '2021-08-07 10:40:35'),
(117, 91, 'New member registered', 0, 'https://www.safeworld1.com/admin/user/detail/91', '2021-08-08 01:18:42', '2021-08-08 01:18:42'),
(118, 92, 'New member registered', 0, 'https://www.safeworld1.com/admin/user/detail/92', '2021-08-08 03:21:05', '2021-08-08 03:21:05'),
(119, 93, 'New member registered', 0, 'https://safeworld1.com/admin/user/detail/93', '2021-08-08 03:22:18', '2021-08-08 03:22:18'),
(120, 94, 'New member registered', 0, 'https://safeworld1.com/admin/user/detail/94', '2021-08-08 05:03:46', '2021-08-08 05:03:46'),
(121, 95, 'New member registered', 0, 'https://www.safeworld1.com/admin/user/detail/95', '2021-08-08 07:27:39', '2021-08-08 07:27:39'),
(122, 96, 'New member registered', 0, 'https://safeworld1.com/admin/user/detail/96', '2021-08-08 09:11:50', '2021-08-08 09:11:50'),
(123, 97, 'New member registered', 0, 'https://safeworld1.com/admin/user/detail/97', '2021-08-08 09:11:50', '2021-08-08 09:11:50'),
(124, 98, 'New member registered', 0, 'https://www.safeworld1.com/admin/user/detail/98', '2021-08-08 20:10:41', '2021-08-08 20:10:41'),
(125, 99, 'New member registered', 0, 'https://safeworld1.com/admin/user/detail/99', '2021-08-09 05:19:27', '2021-08-09 05:19:27'),
(126, 100, 'New member registered', 0, 'https://safeworld1.com/admin/user/detail/100', '2021-08-09 05:30:08', '2021-08-09 05:30:08'),
(127, 101, 'New member registered', 0, 'https://safeworld1.com/admin/user/detail/101', '2021-08-09 06:58:41', '2021-08-09 06:58:41'),
(128, 102, 'New member registered', 0, 'https://safeworld1.com/admin/user/detail/102', '2021-08-09 07:09:30', '2021-08-09 07:09:30'),
(129, 103, 'New member registered', 0, 'https://safeworld1.com/admin/user/detail/103', '2021-08-09 07:18:15', '2021-08-09 07:18:15'),
(130, 0, 'New support ticket has opened', 0, 'https://safeworld1.com/admin/tickets/view/4', '2021-08-12 10:47:27', '2021-08-12 10:47:27'),
(131, 104, 'New member registered', 0, 'https://safeworld1.com/admin/user/detail/104', '2021-08-13 07:40:22', '2021-08-13 07:40:22'),
(132, 105, 'New member registered', 0, 'https://safeworld1.com/admin/user/detail/105', '2021-08-14 00:23:59', '2021-08-14 00:23:59'),
(133, 24, 'Deposit request from cute09', 0, 'https://safeworld1.com/admin/deposit/details/57', '2021-08-14 05:52:20', '2021-08-14 05:52:20'),
(134, 24, 'New withdraw request from cute09', 0, 'https://safeworld1.com/admin/withdraw/details/12', '2021-08-14 05:54:04', '2021-08-14 05:54:04'),
(135, 106, 'New member registered', 0, 'https://www.safeworld1.com/admin/user/detail/106', '2021-08-15 08:57:08', '2021-08-15 08:57:08'),
(136, 107, 'New member registered', 0, 'https://www.safeworld1.com/admin/user/detail/107', '2021-08-15 23:50:29', '2021-08-15 23:50:29'),
(137, 108, 'New member registered', 0, 'https://safeworld1.com/admin/user/detail/108', '2021-08-17 09:33:51', '2021-08-17 09:33:51'),
(138, 109, 'New member registered', 0, 'https://safeworld1.com/admin/user/detail/109', '2021-08-17 09:47:38', '2021-08-17 09:47:38'),
(139, 110, 'New member registered', 0, 'https://safeworld1.com/admin/user/detail/110', '2021-08-17 09:52:32', '2021-08-17 09:52:32'),
(140, 111, 'New member registered', 0, 'https://safeworld1.com/admin/user/detail/111', '2021-08-18 17:01:35', '2021-08-18 17:01:35'),
(141, 112, 'New member registered', 0, 'https://safeworld1.com/admin/user/detail/112', '2021-08-18 17:24:47', '2021-08-18 17:24:47'),
(142, 113, 'New member registered', 0, 'https://safeworld1.com/admin/user/detail/113', '2021-08-18 17:30:38', '2021-08-18 17:30:38'),
(143, 114, 'New member registered', 0, 'https://safeworld1.com/admin/user/detail/114', '2021-08-19 19:08:05', '2021-08-19 19:08:05'),
(144, 115, 'New member registered', 0, 'https://safeworld1.com/admin/user/detail/115', '2021-08-19 21:20:47', '2021-08-19 21:20:47'),
(145, 116, 'New member registered', 0, 'https://safeworld1.com/admin/user/detail/116', '2021-08-19 22:51:35', '2021-08-19 22:51:35'),
(146, 117, 'New member registered', 0, 'https://safeworld1.com/admin/user/detail/117', '2021-08-19 23:01:23', '2021-08-19 23:01:23'),
(147, 118, 'New member registered', 0, 'https://safeworld1.com/admin/user/detail/118', '2021-08-19 23:04:40', '2021-08-19 23:04:40'),
(148, 119, 'New member registered', 0, 'https://www.safeworld1.com/admin/user/detail/119', '2021-08-20 00:44:09', '2021-08-20 00:44:09'),
(149, 104, 'New withdraw request from dream1', 0, 'https://www.safeworld1.com/admin/withdraw/details/13', '2021-08-21 00:07:37', '2021-08-21 00:07:37'),
(150, 120, 'New member registered', 0, 'https://safeworld1.com/admin/user/detail/120', '2021-08-21 02:23:21', '2021-08-21 02:23:21'),
(151, 121, 'New member registered', 0, 'https://safeworld1.com/admin/user/detail/121', '2021-08-21 08:00:44', '2021-08-21 08:00:44'),
(152, 122, 'New member registered', 0, 'https://safeworld1.com/admin/user/detail/122', '2021-08-22 02:45:16', '2021-08-22 02:45:16'),
(153, 123, 'New member registered', 0, 'https://safeworld1.com/admin/user/detail/123', '2021-08-22 02:52:56', '2021-08-22 02:52:56'),
(154, 124, 'New member registered', 0, 'https://safeworld1.com/admin/user/detail/124', '2021-08-22 03:04:20', '2021-08-22 03:04:20');

-- --------------------------------------------------------

--
-- Table structure for table `admin_password_resets`
--

CREATE TABLE `admin_password_resets` (
  `id` bigint(20) UNSIGNED NOT NULL,
  `email` varchar(255) COLLATE utf8mb4_unicode_ci NOT NULL,
  `token` varchar(20) COLLATE utf8mb4_unicode_ci NOT NULL,
  `status` tinyint(1) NOT NULL DEFAULT 1,
  `created_at` timestamp NULL DEFAULT NULL,
  `updated_at` timestamp NULL DEFAULT NULL
) ENGINE=InnoDB DEFAULT CHARSET=utf8mb4 COLLATE=utf8mb4_unicode_ci;

-- --------------------------------------------------------

--
-- Table structure for table `bv_logs`
--

CREATE TABLE `bv_logs` (
  `id` int(10) NOT NULL,
  `user_id` int(10) DEFAULT NULL,
  `position` int(10) DEFAULT NULL COMMENT '1=L,2=R',
  `amount` decimal(16,8) NOT NULL DEFAULT 0.00000000,
  `trx_type` varchar(50) DEFAULT NULL,
  `details` varchar(191) DEFAULT NULL,
  `updated_at` timestamp NULL DEFAULT NULL,
  `created_at` timestamp NULL DEFAULT NULL
) ENGINE=InnoDB DEFAULT CHARSET=latin1;

--
-- Dumping data for table `bv_logs`
--

INSERT INTO `bv_logs` (`id`, `user_id`, `position`, `amount`, `trx_type`, `details`, `updated_at`, `created_at`) VALUES
(1, 1, 1, 75.00000000, '+', 'cute0966 Subscribed to WHITE Packeg plan.', '2021-07-03 23:33:50', '2021-07-03 23:33:50'),
(2, 1, 1, 300.00000000, '+', 'cute0966 Subscribed to BLACK Packeg plan.', '2021-07-04 06:34:45', '2021-07-04 06:34:45'),
(3, 1, 1, 50.00000000, '+', 'cute0966 Subscribed to WHITE Packeg plan.', '2021-07-04 06:41:52', '2021-07-04 06:41:52'),
(4, 1, 1, 3000.00000000, '+', 'cute0966 Subscribed to Titeniam Pack plan.', '2021-07-07 20:27:15', '2021-07-07 20:27:15'),
(5, 1, 2, 3.00000000, '+', 'cute46 Subscribed to WHITE Packeg plan.', '2021-07-09 08:07:02', '2021-07-09 08:07:02'),
(6, 23, 1, 4.00000000, '+', 'cute09 Subscribed to Stater Pack plan.', '2021-07-12 23:19:44', '2021-07-12 23:19:44'),
(7, 1, 1, 4.00000000, '+', 'cute09 Subscribed to Stater Pack plan.', '2021-07-12 23:19:44', '2021-07-12 23:19:44'),
(8, 23, 1, 300.00000000, '+', 'cute09 Subscribed to BLACK Packeg plan.', '2021-07-13 01:10:35', '2021-07-13 01:10:35'),
(9, 1, 1, 300.00000000, '+', 'cute09 Subscribed to BLACK Packeg plan.', '2021-07-13 01:10:35', '2021-07-13 01:10:35'),
(10, 23, 2, 4.00000000, '+', 'Cute096 Subscribed to Stater Pack plan.', '2021-07-13 03:37:12', '2021-07-13 03:37:12'),
(11, 1, 1, 4.00000000, '+', 'Cute096 Subscribed to Stater Pack plan.', '2021-07-13 03:37:12', '2021-07-13 03:37:12'),
(12, 1, 2, 66.00000000, '+', 'active Subscribed to Green Package plan.', '2021-07-17 03:43:44', '2021-07-17 03:43:44'),
(13, 1, 2, 12.00000000, '+', 'active Subscribed to White Packege plan.', '2021-07-17 03:44:40', '2021-07-17 03:44:40'),
(14, 1, 2, 12.00000000, '+', 'active Subscribed to White Packege plan.', '2021-07-17 03:44:42', '2021-07-17 03:44:42'),
(15, 1, 1, 12.00000000, '+', 'cute0966 Subscribed to White Packege plan.', '2021-07-17 03:49:05', '2021-07-17 03:49:05'),
(16, 32, 1, 120.00000000, '+', 'Abcd46 Subscribed to Blue Package plan.', '2021-07-18 02:12:35', '2021-07-18 02:12:35'),
(17, 30, 2, 120.00000000, '+', 'Abcd46 Subscribed to Blue Package plan.', '2021-07-18 02:12:35', '2021-07-18 02:12:35'),
(18, 1, 2, 120.00000000, '+', 'Abcd46 Subscribed to Blue Package plan.', '2021-07-18 02:12:36', '2021-07-18 02:12:36'),
(19, 30, 2, 12.00000000, '+', 'cute46 Subscribed to White Packege plan.', '2021-07-19 05:45:26', '2021-07-19 05:45:26'),
(20, 1, 2, 12.00000000, '+', 'cute46 Subscribed to White Packege plan.', '2021-07-19 05:45:26', '2021-07-19 05:45:26'),
(21, 1, 2, 4.00000000, '+', 'active Subscribed to Starter Packege plan.', '2021-07-19 05:46:44', '2021-07-19 05:46:44'),
(22, 23, 1, 66.00000000, '+', 'cute09 Subscribed to Green Package plan.', '2021-07-28 03:27:28', '2021-07-28 03:27:28'),
(23, 1, 1, 66.00000000, '+', 'cute09 Subscribed to Green Package plan.', '2021-07-28 03:27:29', '2021-07-28 03:27:29'),
(24, 23, 1, 4.00000000, '+', 'cute09 Subscribed to Starter Packege plan.', '2021-07-28 03:37:47', '2021-07-28 03:37:47'),
(25, 1, 1, 4.00000000, '+', 'cute09 Subscribed to Starter Packege plan.', '2021-07-28 03:37:48', '2021-07-28 03:37:48'),
(26, 23, 1, 66.00000000, '+', 'cute09 Subscribed to Green Package plan.', '2021-07-28 03:39:03', '2021-07-28 03:39:03'),
(27, 1, 1, 66.00000000, '+', 'cute09 Subscribed to Green Package plan.', '2021-07-28 03:39:05', '2021-07-28 03:39:05'),
(28, 23, 1, 12.00000000, '+', 'cute09 Subscribed to White Packege plan.', '2021-07-30 08:57:49', '2021-07-30 08:57:49'),
(29, 1, 1, 12.00000000, '+', 'cute09 Subscribed to White Packege plan.', '2021-07-30 08:57:49', '2021-07-30 08:57:49'),
(30, 23, 1, 66.00000000, '+', 'cute09 Subscribed to Green Package plan.', '2021-07-31 07:24:55', '2021-07-31 07:24:55'),
(31, 1, 1, 66.00000000, '+', 'cute09 Subscribed to Green Package plan.', '2021-07-31 07:24:55', '2021-07-31 07:24:55'),
(32, 24, 1, 12.00000000, '+', 'R123469 Subscribed to White Packege plan.', '2021-07-31 12:25:27', '2021-07-31 12:25:27'),
(33, 23, 1, 12.00000000, '+', 'R123469 Subscribed to White Packege plan.', '2021-07-31 12:25:27', '2021-07-31 12:25:27'),
(34, 1, 1, 12.00000000, '+', 'R123469 Subscribed to White Packege plan.', '2021-07-31 12:25:27', '2021-07-31 12:25:27'),
(35, 72, 1, 12.00000000, '+', 'Test44555 Subscribed to White Packege plan.', '2021-07-31 12:34:07', '2021-07-31 12:34:07'),
(36, 24, 1, 12.00000000, '+', 'Test44555 Subscribed to White Packege plan.', '2021-07-31 12:34:07', '2021-07-31 12:34:07'),
(37, 23, 1, 12.00000000, '+', 'Test44555 Subscribed to White Packege plan.', '2021-07-31 12:34:08', '2021-07-31 12:34:08'),
(38, 1, 1, 12.00000000, '+', 'Test44555 Subscribed to White Packege plan.', '2021-07-31 12:34:08', '2021-07-31 12:34:08'),
(39, 73, 1, 12.00000000, '+', 'Test4368 Subscribed to White Packege plan.', '2021-07-31 12:45:39', '2021-07-31 12:45:39'),
(40, 72, 1, 12.00000000, '+', 'Test4368 Subscribed to White Packege plan.', '2021-07-31 12:45:39', '2021-07-31 12:45:39'),
(41, 24, 1, 12.00000000, '+', 'Test4368 Subscribed to White Packege plan.', '2021-07-31 12:45:39', '2021-07-31 12:45:39'),
(42, 23, 1, 12.00000000, '+', 'Test4368 Subscribed to White Packege plan.', '2021-07-31 12:45:39', '2021-07-31 12:45:39'),
(43, 1, 1, 12.00000000, '+', 'Test4368 Subscribed to White Packege plan.', '2021-07-31 12:45:39', '2021-07-31 12:45:39'),
(44, 23, 1, 120.00000000, '+', 'cute09 Subscribed to Blue Package plan.', '2021-08-01 04:54:42', '2021-08-01 04:54:42'),
(45, 1, 1, 120.00000000, '+', 'cute09 Subscribed to Blue Package plan.', '2021-08-01 04:54:42', '2021-08-01 04:54:42'),
(46, 71, 1, 12.00000000, '+', 'rooydeeb Subscribed to White Packege plan.', '2021-08-03 08:04:23', '2021-08-03 08:04:23'),
(47, 32, 1, 12.00000000, '+', 'rooydeeb Subscribed to White Packege plan.', '2021-08-03 08:04:23', '2021-08-03 08:04:23'),
(48, 30, 2, 12.00000000, '+', 'rooydeeb Subscribed to White Packege plan.', '2021-08-03 08:04:23', '2021-08-03 08:04:23'),
(49, 1, 2, 12.00000000, '+', 'rooydeeb Subscribed to White Packege plan.', '2021-08-03 08:04:23', '2021-08-03 08:04:23'),
(50, 75, 1, 4.00000000, '+', 'Red45162 Subscribed to Starter Packege plan.', '2021-08-04 12:39:42', '2021-08-04 12:39:42'),
(51, 71, 1, 4.00000000, '+', 'Red45162 Subscribed to Starter Packege plan.', '2021-08-04 12:39:42', '2021-08-04 12:39:42'),
(52, 32, 1, 4.00000000, '+', 'Red45162 Subscribed to Starter Packege plan.', '2021-08-04 12:39:42', '2021-08-04 12:39:42'),
(53, 30, 2, 4.00000000, '+', 'Red45162 Subscribed to Starter Packege plan.', '2021-08-04 12:39:42', '2021-08-04 12:39:42'),
(54, 1, 2, 4.00000000, '+', 'Red45162 Subscribed to Starter Packege plan.', '2021-08-04 12:39:42', '2021-08-04 12:39:42'),
(55, 32, 2, 12.00000000, '+', 'Cute09677 Subscribed to White Packege plan.', '2021-08-04 13:05:46', '2021-08-04 13:05:46'),
(56, 30, 2, 12.00000000, '+', 'Cute09677 Subscribed to White Packege plan.', '2021-08-04 13:05:46', '2021-08-04 13:05:46'),
(57, 1, 2, 12.00000000, '+', 'Cute09677 Subscribed to White Packege plan.', '2021-08-04 13:05:46', '2021-08-04 13:05:46'),
(58, 80, 2, 12.00000000, '+', 'Assr4678 Subscribed to White Packege plan.', '2021-08-04 13:32:40', '2021-08-04 13:32:40'),
(59, 32, 2, 12.00000000, '+', 'Assr4678 Subscribed to White Packege plan.', '2021-08-04 13:32:40', '2021-08-04 13:32:40'),
(60, 30, 2, 12.00000000, '+', 'Assr4678 Subscribed to White Packege plan.', '2021-08-04 13:32:40', '2021-08-04 13:32:40'),
(61, 1, 2, 12.00000000, '+', 'Assr4678 Subscribed to White Packege plan.', '2021-08-04 13:32:40', '2021-08-04 13:32:40'),
(62, 80, 2, 4.00000000, '+', 'Assr4678 Subscribed to Starter Packege plan.', '2021-08-04 13:36:02', '2021-08-04 13:36:02'),
(63, 32, 2, 4.00000000, '+', 'Assr4678 Subscribed to Starter Packege plan.', '2021-08-04 13:36:02', '2021-08-04 13:36:02'),
(64, 30, 2, 4.00000000, '+', 'Assr4678 Subscribed to Starter Packege plan.', '2021-08-04 13:36:02', '2021-08-04 13:36:02'),
(65, 1, 2, 4.00000000, '+', 'Assr4678 Subscribed to Starter Packege plan.', '2021-08-04 13:36:02', '2021-08-04 13:36:02'),
(66, 80, 2, 12.00000000, '+', 'Assr4678 Subscribed to White Packege plan.', '2021-08-04 13:45:36', '2021-08-04 13:45:36'),
(67, 32, 2, 12.00000000, '+', 'Assr4678 Subscribed to White Packege plan.', '2021-08-04 13:45:36', '2021-08-04 13:45:36'),
(68, 30, 2, 12.00000000, '+', 'Assr4678 Subscribed to White Packege plan.', '2021-08-04 13:45:38', '2021-08-04 13:45:38'),
(69, 1, 2, 12.00000000, '+', 'Assr4678 Subscribed to White Packege plan.', '2021-08-04 13:45:38', '2021-08-04 13:45:38'),
(70, 80, 2, 66.00000000, '+', 'Assr4678 Subscribed to Green Package plan.', '2021-08-04 13:49:58', '2021-08-04 13:49:58'),
(71, 32, 2, 66.00000000, '+', 'Assr4678 Subscribed to Green Package plan.', '2021-08-04 13:49:58', '2021-08-04 13:49:58'),
(72, 30, 2, 66.00000000, '+', 'Assr4678 Subscribed to Green Package plan.', '2021-08-04 13:49:58', '2021-08-04 13:49:58'),
(73, 1, 2, 66.00000000, '+', 'Assr4678 Subscribed to Green Package plan.', '2021-08-04 13:49:58', '2021-08-04 13:49:58'),
(74, 81, 2, 12.00000000, '+', 'merajali Subscribed to White Packege plan.', '2021-08-06 08:12:22', '2021-08-06 08:12:22'),
(75, 80, 2, 12.00000000, '+', 'merajali Subscribed to White Packege plan.', '2021-08-06 08:12:23', '2021-08-06 08:12:23'),
(76, 32, 2, 12.00000000, '+', 'merajali Subscribed to White Packege plan.', '2021-08-06 08:12:23', '2021-08-06 08:12:23'),
(77, 30, 2, 12.00000000, '+', 'merajali Subscribed to White Packege plan.', '2021-08-06 08:12:23', '2021-08-06 08:12:23'),
(78, 1, 2, 12.00000000, '+', 'merajali Subscribed to White Packege plan.', '2021-08-06 08:12:23', '2021-08-06 08:12:23'),
(79, 75, 1, 66.00000000, '+', 'sumon08 Subscribed to Green Package plan.', '2021-08-06 12:23:04', '2021-08-06 12:23:04'),
(80, 75, 1, 66.00000000, '+', 'sumon08 Subscribed to Green Package plan.', '2021-08-06 12:23:06', '2021-08-06 12:23:06'),
(81, 71, 1, 66.00000000, '+', 'sumon08 Subscribed to Green Package plan.', '2021-08-06 12:23:06', '2021-08-06 12:23:06'),
(82, 71, 1, 66.00000000, '+', 'sumon08 Subscribed to Green Package plan.', '2021-08-06 12:23:09', '2021-08-06 12:23:09'),
(83, 32, 1, 66.00000000, '+', 'sumon08 Subscribed to Green Package plan.', '2021-08-06 12:23:13', '2021-08-06 12:23:13'),
(84, 32, 1, 66.00000000, '+', 'sumon08 Subscribed to Green Package plan.', '2021-08-06 12:23:13', '2021-08-06 12:23:13'),
(85, 30, 2, 66.00000000, '+', 'sumon08 Subscribed to Green Package plan.', '2021-08-06 12:23:23', '2021-08-06 12:23:23'),
(86, 30, 2, 66.00000000, '+', 'sumon08 Subscribed to Green Package plan.', '2021-08-06 12:23:23', '2021-08-06 12:23:23'),
(87, 1, 2, 66.00000000, '+', 'sumon08 Subscribed to Green Package plan.', '2021-08-06 12:23:30', '2021-08-06 12:23:30'),
(88, 1, 2, 66.00000000, '+', 'sumon08 Subscribed to Green Package plan.', '2021-08-06 12:23:30', '2021-08-06 12:23:30'),
(89, 77, 2, 4.00000000, '+', 'ashabul Subscribed to Starter Packege plan.', '2021-08-07 04:03:33', '2021-08-07 04:03:33'),
(90, 75, 1, 4.00000000, '+', 'ashabul Subscribed to Starter Packege plan.', '2021-08-07 04:03:33', '2021-08-07 04:03:33'),
(91, 71, 1, 4.00000000, '+', 'ashabul Subscribed to Starter Packege plan.', '2021-08-07 04:03:33', '2021-08-07 04:03:33'),
(92, 32, 1, 4.00000000, '+', 'ashabul Subscribed to Starter Packege plan.', '2021-08-07 04:03:33', '2021-08-07 04:03:33'),
(93, 30, 2, 4.00000000, '+', 'ashabul Subscribed to Starter Packege plan.', '2021-08-07 04:03:33', '2021-08-07 04:03:33'),
(94, 1, 2, 4.00000000, '+', 'ashabul Subscribed to Starter Packege plan.', '2021-08-07 04:03:33', '2021-08-07 04:03:33'),
(95, 85, 1, 4.00000000, '+', 'Shanu2021 Subscribed to Starter Packege plan.', '2021-08-07 04:26:45', '2021-08-07 04:26:45'),
(96, 77, 2, 4.00000000, '+', 'Shanu2021 Subscribed to Starter Packege plan.', '2021-08-07 04:26:45', '2021-08-07 04:26:45'),
(97, 75, 1, 4.00000000, '+', 'Shanu2021 Subscribed to Starter Packege plan.', '2021-08-07 04:26:45', '2021-08-07 04:26:45'),
(98, 71, 1, 4.00000000, '+', 'Shanu2021 Subscribed to Starter Packege plan.', '2021-08-07 04:26:45', '2021-08-07 04:26:45'),
(99, 32, 1, 4.00000000, '+', 'Shanu2021 Subscribed to Starter Packege plan.', '2021-08-07 04:26:45', '2021-08-07 04:26:45'),
(100, 30, 2, 4.00000000, '+', 'Shanu2021 Subscribed to Starter Packege plan.', '2021-08-07 04:26:45', '2021-08-07 04:26:45'),
(101, 1, 2, 4.00000000, '+', 'Shanu2021 Subscribed to Starter Packege plan.', '2021-08-07 04:26:45', '2021-08-07 04:26:45'),
(102, 75, 2, 4.00000000, '+', 'Uttomroy Subscribed to Starter Packege plan.', '2021-08-08 02:42:34', '2021-08-08 02:42:34'),
(103, 71, 1, 4.00000000, '+', 'Uttomroy Subscribed to Starter Packege plan.', '2021-08-08 02:42:34', '2021-08-08 02:42:34'),
(104, 32, 1, 4.00000000, '+', 'Uttomroy Subscribed to Starter Packege plan.', '2021-08-08 02:42:34', '2021-08-08 02:42:34'),
(105, 30, 2, 4.00000000, '+', 'Uttomroy Subscribed to Starter Packege plan.', '2021-08-08 02:42:34', '2021-08-08 02:42:34'),
(106, 1, 2, 4.00000000, '+', 'Uttomroy Subscribed to Starter Packege plan.', '2021-08-08 02:42:34', '2021-08-08 02:42:34'),
(107, 90, 2, 4.00000000, '+', 'Bidhanroy Subscribed to Starter Packege plan.', '2021-08-08 03:33:53', '2021-08-08 03:33:53'),
(108, 75, 2, 4.00000000, '+', 'Bidhanroy Subscribed to Starter Packege plan.', '2021-08-08 03:33:53', '2021-08-08 03:33:53'),
(109, 71, 1, 4.00000000, '+', 'Bidhanroy Subscribed to Starter Packege plan.', '2021-08-08 03:33:53', '2021-08-08 03:33:53'),
(110, 32, 1, 4.00000000, '+', 'Bidhanroy Subscribed to Starter Packege plan.', '2021-08-08 03:33:53', '2021-08-08 03:33:53'),
(111, 30, 2, 4.00000000, '+', 'Bidhanroy Subscribed to Starter Packege plan.', '2021-08-08 03:33:54', '2021-08-08 03:33:54'),
(112, 1, 2, 4.00000000, '+', 'Bidhanroy Subscribed to Starter Packege plan.', '2021-08-08 03:33:54', '2021-08-08 03:33:54'),
(113, 93, 2, 4.00000000, '+', 'Mizanur Subscribed to Starter Packege plan.', '2021-08-08 05:14:04', '2021-08-08 05:14:04'),
(114, 90, 2, 4.00000000, '+', 'Mizanur Subscribed to Starter Packege plan.', '2021-08-08 05:14:04', '2021-08-08 05:14:04'),
(115, 75, 2, 4.00000000, '+', 'Mizanur Subscribed to Starter Packege plan.', '2021-08-08 05:14:04', '2021-08-08 05:14:04'),
(116, 71, 1, 4.00000000, '+', 'Mizanur Subscribed to Starter Packege plan.', '2021-08-08 05:14:04', '2021-08-08 05:14:04'),
(117, 32, 1, 4.00000000, '+', 'Mizanur Subscribed to Starter Packege plan.', '2021-08-08 05:14:04', '2021-08-08 05:14:04'),
(118, 30, 2, 4.00000000, '+', 'Mizanur Subscribed to Starter Packege plan.', '2021-08-08 05:14:04', '2021-08-08 05:14:04'),
(119, 1, 2, 4.00000000, '+', 'Mizanur Subscribed to Starter Packege plan.', '2021-08-08 05:14:04', '2021-08-08 05:14:04'),
(120, 30, 1, 4.00000000, '+', 'Rashed32 Subscribed to Starter Packege plan.', '2021-08-09 05:40:26', '2021-08-09 05:40:26'),
(121, 1, 2, 4.00000000, '+', 'Rashed32 Subscribed to Starter Packege plan.', '2021-08-09 05:40:26', '2021-08-09 05:40:26'),
(122, 83, 1, 4.00000000, '+', 'Faruksw Subscribed to Starter Packege plan.', '2021-08-09 07:25:45', '2021-08-09 07:25:45'),
(123, 81, 2, 4.00000000, '+', 'Faruksw Subscribed to Starter Packege plan.', '2021-08-09 07:25:46', '2021-08-09 07:25:46'),
(124, 80, 2, 4.00000000, '+', 'Faruksw Subscribed to Starter Packege plan.', '2021-08-09 07:25:46', '2021-08-09 07:25:46'),
(125, 32, 2, 4.00000000, '+', 'Faruksw Subscribed to Starter Packege plan.', '2021-08-09 07:25:46', '2021-08-09 07:25:46'),
(126, 30, 2, 4.00000000, '+', 'Faruksw Subscribed to Starter Packege plan.', '2021-08-09 07:25:47', '2021-08-09 07:25:47'),
(127, 1, 2, 4.00000000, '+', 'Faruksw Subscribed to Starter Packege plan.', '2021-08-09 07:25:48', '2021-08-09 07:25:48'),
(128, 1, 1, 666.00000000, '+', 'cute0966 Subscribed to Red Package plan.', '2021-08-12 21:44:23', '2021-08-12 21:44:23'),
(129, 94, 1, 4.00000000, '+', 'Belayet Subscribed to Starter Packege plan.', '2021-08-14 02:53:56', '2021-08-14 02:53:56'),
(130, 93, 2, 4.00000000, '+', 'Belayet Subscribed to Starter Packege plan.', '2021-08-14 02:53:56', '2021-08-14 02:53:56'),
(131, 90, 2, 4.00000000, '+', 'Belayet Subscribed to Starter Packege plan.', '2021-08-14 02:53:56', '2021-08-14 02:53:56'),
(132, 75, 2, 4.00000000, '+', 'Belayet Subscribed to Starter Packege plan.', '2021-08-14 02:53:56', '2021-08-14 02:53:56'),
(133, 71, 1, 4.00000000, '+', 'Belayet Subscribed to Starter Packege plan.', '2021-08-14 02:53:56', '2021-08-14 02:53:56'),
(134, 32, 1, 4.00000000, '+', 'Belayet Subscribed to Starter Packege plan.', '2021-08-14 02:53:56', '2021-08-14 02:53:56'),
(135, 30, 2, 4.00000000, '+', 'Belayet Subscribed to Starter Packege plan.', '2021-08-14 02:53:56', '2021-08-14 02:53:56'),
(136, 1, 2, 4.00000000, '+', 'Belayet Subscribed to Starter Packege plan.', '2021-08-14 02:53:56', '2021-08-14 02:53:56'),
(137, 94, 1, 4.00000000, '+', 'Belayet Subscribed to Starter Packege plan.', '2021-08-14 02:53:59', '2021-08-14 02:53:59'),
(138, 93, 2, 4.00000000, '+', 'Belayet Subscribed to Starter Packege plan.', '2021-08-14 02:53:59', '2021-08-14 02:53:59'),
(139, 90, 2, 4.00000000, '+', 'Belayet Subscribed to Starter Packege plan.', '2021-08-14 02:53:59', '2021-08-14 02:53:59'),
(140, 75, 2, 4.00000000, '+', 'Belayet Subscribed to Starter Packege plan.', '2021-08-14 02:53:59', '2021-08-14 02:53:59'),
(141, 71, 1, 4.00000000, '+', 'Belayet Subscribed to Starter Packege plan.', '2021-08-14 02:53:59', '2021-08-14 02:53:59'),
(142, 32, 1, 4.00000000, '+', 'Belayet Subscribed to Starter Packege plan.', '2021-08-14 02:53:59', '2021-08-14 02:53:59'),
(143, 30, 2, 4.00000000, '+', 'Belayet Subscribed to Starter Packege plan.', '2021-08-14 02:53:59', '2021-08-14 02:53:59'),
(144, 1, 2, 4.00000000, '+', 'Belayet Subscribed to Starter Packege plan.', '2021-08-14 02:53:59', '2021-08-14 02:53:59'),
(145, 94, 1, 4.00000000, '+', 'Belayet Subscribed to Starter Packege plan.', '2021-08-14 02:54:44', '2021-08-14 02:54:44'),
(146, 93, 2, 4.00000000, '+', 'Belayet Subscribed to Starter Packege plan.', '2021-08-14 02:54:44', '2021-08-14 02:54:44'),
(147, 90, 2, 4.00000000, '+', 'Belayet Subscribed to Starter Packege plan.', '2021-08-14 02:54:44', '2021-08-14 02:54:44'),
(148, 75, 2, 4.00000000, '+', 'Belayet Subscribed to Starter Packege plan.', '2021-08-14 02:54:44', '2021-08-14 02:54:44'),
(149, 71, 1, 4.00000000, '+', 'Belayet Subscribed to Starter Packege plan.', '2021-08-14 02:54:44', '2021-08-14 02:54:44'),
(150, 32, 1, 4.00000000, '+', 'Belayet Subscribed to Starter Packege plan.', '2021-08-14 02:54:45', '2021-08-14 02:54:45'),
(151, 30, 2, 4.00000000, '+', 'Belayet Subscribed to Starter Packege plan.', '2021-08-14 02:54:45', '2021-08-14 02:54:45'),
(152, 1, 2, 4.00000000, '+', 'Belayet Subscribed to Starter Packege plan.', '2021-08-14 02:54:45', '2021-08-14 02:54:45'),
(153, 94, 1, 4.00000000, '+', 'Belayet Subscribed to Starter Packege plan.', '2021-08-14 02:55:45', '2021-08-14 02:55:45'),
(154, 93, 2, 4.00000000, '+', 'Belayet Subscribed to Starter Packege plan.', '2021-08-14 02:55:45', '2021-08-14 02:55:45'),
(155, 90, 2, 4.00000000, '+', 'Belayet Subscribed to Starter Packege plan.', '2021-08-14 02:55:45', '2021-08-14 02:55:45'),
(156, 75, 2, 4.00000000, '+', 'Belayet Subscribed to Starter Packege plan.', '2021-08-14 02:55:45', '2021-08-14 02:55:45'),
(157, 71, 1, 4.00000000, '+', 'Belayet Subscribed to Starter Packege plan.', '2021-08-14 02:55:45', '2021-08-14 02:55:45'),
(158, 32, 1, 4.00000000, '+', 'Belayet Subscribed to Starter Packege plan.', '2021-08-14 02:55:45', '2021-08-14 02:55:45'),
(159, 30, 2, 4.00000000, '+', 'Belayet Subscribed to Starter Packege plan.', '2021-08-14 02:55:45', '2021-08-14 02:55:45'),
(160, 1, 2, 4.00000000, '+', 'Belayet Subscribed to Starter Packege plan.', '2021-08-14 02:55:46', '2021-08-14 02:55:46'),
(161, 94, 1, 4.00000000, '+', 'Belayet Subscribed to Starter Packege plan.', '2021-08-14 02:57:23', '2021-08-14 02:57:23'),
(162, 93, 2, 4.00000000, '+', 'Belayet Subscribed to Starter Packege plan.', '2021-08-14 02:57:23', '2021-08-14 02:57:23'),
(163, 90, 2, 4.00000000, '+', 'Belayet Subscribed to Starter Packege plan.', '2021-08-14 02:57:23', '2021-08-14 02:57:23'),
(164, 75, 2, 4.00000000, '+', 'Belayet Subscribed to Starter Packege plan.', '2021-08-14 02:57:23', '2021-08-14 02:57:23'),
(165, 71, 1, 4.00000000, '+', 'Belayet Subscribed to Starter Packege plan.', '2021-08-14 02:57:23', '2021-08-14 02:57:23'),
(166, 32, 1, 4.00000000, '+', 'Belayet Subscribed to Starter Packege plan.', '2021-08-14 02:57:23', '2021-08-14 02:57:23'),
(167, 30, 2, 4.00000000, '+', 'Belayet Subscribed to Starter Packege plan.', '2021-08-14 02:57:23', '2021-08-14 02:57:23'),
(168, 1, 2, 4.00000000, '+', 'Belayet Subscribed to Starter Packege plan.', '2021-08-14 02:57:23', '2021-08-14 02:57:23'),
(169, 94, 1, 4.00000000, '+', 'Belayet Subscribed to Starter Packege plan.', '2021-08-14 05:33:47', '2021-08-14 05:33:47'),
(170, 93, 2, 4.00000000, '+', 'Belayet Subscribed to Starter Packege plan.', '2021-08-14 05:33:47', '2021-08-14 05:33:47'),
(171, 90, 2, 4.00000000, '+', 'Belayet Subscribed to Starter Packege plan.', '2021-08-14 05:33:47', '2021-08-14 05:33:47'),
(172, 75, 2, 4.00000000, '+', 'Belayet Subscribed to Starter Packege plan.', '2021-08-14 05:33:47', '2021-08-14 05:33:47'),
(173, 71, 1, 4.00000000, '+', 'Belayet Subscribed to Starter Packege plan.', '2021-08-14 05:33:48', '2021-08-14 05:33:48'),
(174, 32, 1, 4.00000000, '+', 'Belayet Subscribed to Starter Packege plan.', '2021-08-14 05:33:48', '2021-08-14 05:33:48'),
(175, 30, 2, 4.00000000, '+', 'Belayet Subscribed to Starter Packege plan.', '2021-08-14 05:33:48', '2021-08-14 05:33:48'),
(176, 1, 2, 4.00000000, '+', 'Belayet Subscribed to Starter Packege plan.', '2021-08-14 05:33:48', '2021-08-14 05:33:48'),
(177, 23, 1, 4.80000000, '+', 'cute09 Subscribed to Starter Packege plan.', '2021-08-14 05:48:30', '2021-08-14 05:48:30'),
(178, 1, 1, 4.80000000, '+', 'cute09 Subscribed to Starter Packege plan.', '2021-08-14 05:48:30', '2021-08-14 05:48:30'),
(179, 23, 1, 4.00000000, '+', 'cute09 Subscribed to Starter Packege plan.', '2021-08-14 06:02:27', '2021-08-14 06:02:27'),
(180, 1, 1, 4.00000000, '+', 'cute09 Subscribed to Starter Packege plan.', '2021-08-14 06:02:27', '2021-08-14 06:02:27'),
(181, 23, 1, 24.00000000, '+', 'cute09 Subscribed to White Packege plan.', '2021-08-14 06:04:07', '2021-08-14 06:04:07'),
(182, 1, 1, 24.00000000, '+', 'cute09 Subscribed to White Packege plan.', '2021-08-14 06:04:07', '2021-08-14 06:04:07'),
(183, 23, 1, 4.00000000, '+', 'cute09 Subscribed to Starter Packege plan.', '2021-08-14 06:10:45', '2021-08-14 06:10:45'),
(184, 1, 1, 4.00000000, '+', 'cute09 Subscribed to Starter Packege plan.', '2021-08-14 06:10:46', '2021-08-14 06:10:46'),
(185, 83, 2, 4.24000000, '+', 'dream1 Subscribed to Starter Packege plan.', '2021-08-14 08:36:24', '2021-08-14 08:36:24'),
(186, 81, 2, 4.24000000, '+', 'dream1 Subscribed to Starter Packege plan.', '2021-08-14 08:36:25', '2021-08-14 08:36:25'),
(187, 80, 2, 4.24000000, '+', 'dream1 Subscribed to Starter Packege plan.', '2021-08-14 08:36:25', '2021-08-14 08:36:25'),
(188, 32, 2, 4.24000000, '+', 'dream1 Subscribed to Starter Packege plan.', '2021-08-14 08:36:25', '2021-08-14 08:36:25'),
(189, 30, 2, 4.24000000, '+', 'dream1 Subscribed to Starter Packege plan.', '2021-08-14 08:36:25', '2021-08-14 08:36:25'),
(190, 1, 2, 4.24000000, '+', 'dream1 Subscribed to Starter Packege plan.', '2021-08-14 08:36:25', '2021-08-14 08:36:25'),
(191, 75, 2, 4.00000000, '+', 'subashdeb Subscribed to Starter Packege plan.', '2021-08-14 12:03:50', '2021-08-14 12:03:50'),
(192, 71, 1, 4.00000000, '+', 'subashdeb Subscribed to Starter Packege plan.', '2021-08-14 12:03:50', '2021-08-14 12:03:50'),
(193, 32, 1, 4.00000000, '+', 'subashdeb Subscribed to Starter Packege plan.', '2021-08-14 12:03:50', '2021-08-14 12:03:50'),
(194, 30, 2, 4.00000000, '+', 'subashdeb Subscribed to Starter Packege plan.', '2021-08-14 12:03:51', '2021-08-14 12:03:51'),
(195, 1, 2, 4.00000000, '+', 'subashdeb Subscribed to Starter Packege plan.', '2021-08-14 12:03:51', '2021-08-14 12:03:51'),
(196, 93, 1, 8.00000000, '+', 'Bhabatosh Subscribed to Starter Packege plan.', '2021-08-16 09:37:57', '2021-08-16 09:37:57'),
(197, 90, 2, 8.00000000, '+', 'Bhabatosh Subscribed to Starter Packege plan.', '2021-08-16 09:37:58', '2021-08-16 09:37:58'),
(198, 82, 2, 8.00000000, '+', 'Bhabatosh Subscribed to Starter Packege plan.', '2021-08-16 09:37:58', '2021-08-16 09:37:58'),
(199, 75, 2, 8.00000000, '+', 'Bhabatosh Subscribed to Starter Packege plan.', '2021-08-16 09:37:58', '2021-08-16 09:37:58'),
(200, 71, 1, 8.00000000, '+', 'Bhabatosh Subscribed to Starter Packege plan.', '2021-08-16 09:37:58', '2021-08-16 09:37:58'),
(201, 32, 1, 8.00000000, '+', 'Bhabatosh Subscribed to Starter Packege plan.', '2021-08-16 09:37:58', '2021-08-16 09:37:58'),
(202, 30, 2, 8.00000000, '+', 'Bhabatosh Subscribed to Starter Packege plan.', '2021-08-16 09:37:58', '2021-08-16 09:37:58'),
(203, 1, 2, 8.00000000, '+', 'Bhabatosh Subscribed to Starter Packege plan.', '2021-08-16 09:37:58', '2021-08-16 09:37:58'),
(204, 94, 2, 4.00000000, '+', 'Goutam Subscribed to Starter Packege plan.', '2021-08-16 11:45:54', '2021-08-16 11:45:54'),
(205, 93, 2, 4.00000000, '+', 'Goutam Subscribed to Starter Packege plan.', '2021-08-16 11:45:54', '2021-08-16 11:45:54'),
(206, 90, 2, 4.00000000, '+', 'Goutam Subscribed to Starter Packege plan.', '2021-08-16 11:45:54', '2021-08-16 11:45:54'),
(207, 82, 2, 4.00000000, '+', 'Goutam Subscribed to Starter Packege plan.', '2021-08-16 11:45:55', '2021-08-16 11:45:55'),
(208, 75, 2, 4.00000000, '+', 'Goutam Subscribed to Starter Packege plan.', '2021-08-16 11:45:55', '2021-08-16 11:45:55'),
(209, 71, 1, 4.00000000, '+', 'Goutam Subscribed to Starter Packege plan.', '2021-08-16 11:45:55', '2021-08-16 11:45:55'),
(210, 32, 1, 4.00000000, '+', 'Goutam Subscribed to Starter Packege plan.', '2021-08-16 11:45:55', '2021-08-16 11:45:55'),
(211, 30, 2, 4.00000000, '+', 'Goutam Subscribed to Starter Packege plan.', '2021-08-16 11:45:55', '2021-08-16 11:45:55'),
(212, 1, 2, 4.00000000, '+', 'Goutam Subscribed to Starter Packege plan.', '2021-08-16 11:45:55', '2021-08-16 11:45:55'),
(213, 90, 1, 4.00000000, '+', 'Romesh Subscribed to Starter Packege plan.', '2021-08-19 23:09:20', '2021-08-19 23:09:20'),
(214, 82, 2, 4.00000000, '+', 'Romesh Subscribed to Starter Packege plan.', '2021-08-19 23:09:20', '2021-08-19 23:09:20'),
(215, 75, 2, 4.00000000, '+', 'Romesh Subscribed to Starter Packege plan.', '2021-08-19 23:09:20', '2021-08-19 23:09:20'),
(216, 71, 1, 4.00000000, '+', 'Romesh Subscribed to Starter Packege plan.', '2021-08-19 23:09:20', '2021-08-19 23:09:20'),
(217, 32, 1, 4.00000000, '+', 'Romesh Subscribed to Starter Packege plan.', '2021-08-19 23:09:21', '2021-08-19 23:09:21'),
(218, 30, 2, 4.00000000, '+', 'Romesh Subscribed to Starter Packege plan.', '2021-08-19 23:09:21', '2021-08-19 23:09:21'),
(219, 1, 2, 4.00000000, '+', 'Romesh Subscribed to Starter Packege plan.', '2021-08-19 23:09:21', '2021-08-19 23:09:21'),
(220, 117, 1, 4.00000000, '+', 'Kzaman Subscribed to Starter Packege plan.', '2021-08-19 23:11:04', '2021-08-19 23:11:04'),
(221, 90, 1, 4.00000000, '+', 'Kzaman Subscribed to Starter Packege plan.', '2021-08-19 23:11:04', '2021-08-19 23:11:04'),
(222, 82, 2, 4.00000000, '+', 'Kzaman Subscribed to Starter Packege plan.', '2021-08-19 23:11:04', '2021-08-19 23:11:04'),
(223, 75, 2, 4.00000000, '+', 'Kzaman Subscribed to Starter Packege plan.', '2021-08-19 23:11:05', '2021-08-19 23:11:05'),
(224, 71, 1, 4.00000000, '+', 'Kzaman Subscribed to Starter Packege plan.', '2021-08-19 23:11:05', '2021-08-19 23:11:05'),
(225, 32, 1, 4.00000000, '+', 'Kzaman Subscribed to Starter Packege plan.', '2021-08-19 23:11:06', '2021-08-19 23:11:06'),
(226, 30, 2, 4.00000000, '+', 'Kzaman Subscribed to Starter Packege plan.', '2021-08-19 23:11:06', '2021-08-19 23:11:06'),
(227, 1, 2, 4.00000000, '+', 'Kzaman Subscribed to Starter Packege plan.', '2021-08-19 23:11:06', '2021-08-19 23:11:06'),
(228, 106, 1, 4.00000000, '+', 'Sandip Subscribed to Starter Packege plan.', '2021-08-20 10:47:45', '2021-08-20 10:47:45'),
(229, 93, 1, 4.00000000, '+', 'Sandip Subscribed to Starter Packege plan.', '2021-08-20 10:47:45', '2021-08-20 10:47:45'),
(230, 90, 2, 4.00000000, '+', 'Sandip Subscribed to Starter Packege plan.', '2021-08-20 10:47:45', '2021-08-20 10:47:45'),
(231, 82, 2, 4.00000000, '+', 'Sandip Subscribed to Starter Packege plan.', '2021-08-20 10:47:45', '2021-08-20 10:47:45'),
(232, 75, 2, 4.00000000, '+', 'Sandip Subscribed to Starter Packege plan.', '2021-08-20 10:47:45', '2021-08-20 10:47:45'),
(233, 71, 1, 4.00000000, '+', 'Sandip Subscribed to Starter Packege plan.', '2021-08-20 10:47:45', '2021-08-20 10:47:45'),
(234, 32, 1, 4.00000000, '+', 'Sandip Subscribed to Starter Packege plan.', '2021-08-20 10:47:45', '2021-08-20 10:47:45'),
(235, 30, 2, 4.00000000, '+', 'Sandip Subscribed to Starter Packege plan.', '2021-08-20 10:47:45', '2021-08-20 10:47:45'),
(236, 1, 2, 4.00000000, '+', 'Sandip Subscribed to Starter Packege plan.', '2021-08-20 10:47:45', '2021-08-20 10:47:45'),
(237, 100, 1, 4.00000000, '+', 'Ashik18 Subscribed to Starter Packege plan.', '2021-08-21 08:06:10', '2021-08-21 08:06:10'),
(238, 30, 1, 4.00000000, '+', 'Ashik18 Subscribed to Starter Packege plan.', '2021-08-21 08:06:10', '2021-08-21 08:06:10'),
(239, 1, 2, 4.00000000, '+', 'Ashik18 Subscribed to Starter Packege plan.', '2021-08-21 08:06:10', '2021-08-21 08:06:10'),
(240, 109, 1, 4.00000000, '+', 'Ajijur Subscribed to Starter Packege plan.', '2021-08-21 08:13:33', '2021-08-21 08:13:33'),
(241, 100, 1, 4.00000000, '+', 'Ajijur Subscribed to Starter Packege plan.', '2021-08-21 08:13:33', '2021-08-21 08:13:33'),
(242, 30, 1, 4.00000000, '+', 'Ajijur Subscribed to Starter Packege plan.', '2021-08-21 08:13:33', '2021-08-21 08:13:33'),
(243, 77, 1, 4.00000000, '+', 'Anowar10bd Subscribed to Starter Packege plan.', '2021-08-22 02:37:00', '2021-08-22 02:37:00'),
(244, 75, 1, 4.00000000, '+', 'Anowar10bd Subscribed to Starter Packege plan.', '2021-08-22 02:37:00', '2021-08-22 02:37:00'),
(245, 71, 1, 4.00000000, '+', 'Anowar10bd Subscribed to Starter Packege plan.', '2021-08-22 02:37:00', '2021-08-22 02:37:00'),
(246, 32, 1, 4.00000000, '+', 'Anowar10bd Subscribed to Starter Packege plan.', '2021-08-22 02:37:01', '2021-08-22 02:37:01'),
(247, 30, 2, 4.00000000, '+', 'Anowar10bd Subscribed to Starter Packege plan.', '2021-08-22 02:37:01', '2021-08-22 02:37:01'),
(248, 1, 2, 4.00000000, '+', 'Anowar10bd Subscribed to Starter Packege plan.', '2021-08-22 02:37:01', '2021-08-22 02:37:01'),
(249, 89, 1, 4.00000000, '+', 'Zabir1 Subscribed to Starter Packege plan.', '2021-08-22 02:53:03', '2021-08-22 02:53:03'),
(250, 77, 1, 4.00000000, '+', 'Zabir1 Subscribed to Starter Packege plan.', '2021-08-22 02:53:03', '2021-08-22 02:53:03'),
(251, 75, 1, 4.00000000, '+', 'Zabir1 Subscribed to Starter Packege plan.', '2021-08-22 02:53:03', '2021-08-22 02:53:03'),
(252, 71, 1, 4.00000000, '+', 'Zabir1 Subscribed to Starter Packege plan.', '2021-08-22 02:53:03', '2021-08-22 02:53:03'),
(253, 32, 1, 4.00000000, '+', 'Zabir1 Subscribed to Starter Packege plan.', '2021-08-22 02:53:03', '2021-08-22 02:53:03'),
(254, 30, 2, 4.00000000, '+', 'Zabir1 Subscribed to Starter Packege plan.', '2021-08-22 02:53:04', '2021-08-22 02:53:04'),
(255, 1, 2, 4.00000000, '+', 'Zabir1 Subscribed to Starter Packege plan.', '2021-08-22 02:53:04', '2021-08-22 02:53:04'),
(256, 118, 1, 4.00000000, '+', 'Nahian Subscribed to Starter Packege plan.', '2021-08-22 02:59:45', '2021-08-22 02:59:45'),
(257, 117, 1, 4.00000000, '+', 'Nahian Subscribed to Starter Packege plan.', '2021-08-22 02:59:46', '2021-08-22 02:59:46'),
(258, 90, 1, 4.00000000, '+', 'Nahian Subscribed to Starter Packege plan.', '2021-08-22 02:59:46', '2021-08-22 02:59:46'),
(259, 82, 2, 4.00000000, '+', 'Nahian Subscribed to Starter Packege plan.', '2021-08-22 02:59:46', '2021-08-22 02:59:46'),
(260, 75, 2, 4.00000000, '+', 'Nahian Subscribed to Starter Packege plan.', '2021-08-22 02:59:46', '2021-08-22 02:59:46'),
(261, 71, 1, 4.00000000, '+', 'Nahian Subscribed to Starter Packege plan.', '2021-08-22 02:59:46', '2021-08-22 02:59:46'),
(262, 32, 1, 4.00000000, '+', 'Nahian Subscribed to Starter Packege plan.', '2021-08-22 02:59:46', '2021-08-22 02:59:46'),
(263, 30, 2, 4.00000000, '+', 'Nahian Subscribed to Starter Packege plan.', '2021-08-22 02:59:47', '2021-08-22 02:59:47'),
(264, 1, 2, 4.00000000, '+', 'Nahian Subscribed to Starter Packege plan.', '2021-08-22 02:59:47', '2021-08-22 02:59:47'),
(265, 123, 2, 4.00000000, '+', 'Nahian1 Subscribed to Starter Packege plan.', '2021-08-22 03:09:33', '2021-08-22 03:09:33'),
(266, 118, 1, 4.00000000, '+', 'Nahian1 Subscribed to Starter Packege plan.', '2021-08-22 03:09:33', '2021-08-22 03:09:33'),
(267, 117, 1, 4.00000000, '+', 'Nahian1 Subscribed to Starter Packege plan.', '2021-08-22 03:09:33', '2021-08-22 03:09:33'),
(268, 90, 1, 4.00000000, '+', 'Nahian1 Subscribed to Starter Packege plan.', '2021-08-22 03:09:33', '2021-08-22 03:09:33'),
(269, 82, 2, 4.00000000, '+', 'Nahian1 Subscribed to Starter Packege plan.', '2021-08-22 03:09:34', '2021-08-22 03:09:34'),
(270, 75, 2, 4.00000000, '+', 'Nahian1 Subscribed to Starter Packege plan.', '2021-08-22 03:09:34', '2021-08-22 03:09:34'),
(271, 71, 1, 4.00000000, '+', 'Nahian1 Subscribed to Starter Packege plan.', '2021-08-22 03:09:34', '2021-08-22 03:09:34'),
(272, 32, 1, 4.00000000, '+', 'Nahian1 Subscribed to Starter Packege plan.', '2021-08-22 03:09:34', '2021-08-22 03:09:34'),
(273, 30, 2, 4.00000000, '+', 'Nahian1 Subscribed to Starter Packege plan.', '2021-08-22 03:09:34', '2021-08-22 03:09:34'),
(274, 1, 2, 4.00000000, '+', 'Nahian1 Subscribed to Starter Packege plan.', '2021-08-22 03:09:34', '2021-08-22 03:09:34');

-- --------------------------------------------------------

--
-- Table structure for table `deposits`
--

CREATE TABLE `deposits` (
  `id` int(10) UNSIGNED NOT NULL,
  `user_id` int(10) UNSIGNED NOT NULL,
  `method_code` int(10) UNSIGNED NOT NULL,
  `amount` decimal(18,8) NOT NULL,
  `method_currency` varchar(191) COLLATE utf8mb4_unicode_ci NOT NULL,
  `charge` decimal(18,8) NOT NULL,
  `rate` decimal(18,8) NOT NULL,
  `final_amo` decimal(18,8) DEFAULT 0.00000000,
  `detail` text COLLATE utf8mb4_unicode_ci DEFAULT NULL,
  `btc_amo` varchar(191) COLLATE utf8mb4_unicode_ci DEFAULT NULL,
  `btc_wallet` varchar(191) COLLATE utf8mb4_unicode_ci DEFAULT NULL,
  `trx` varchar(191) COLLATE utf8mb4_unicode_ci DEFAULT NULL,
  `try` int(11) NOT NULL DEFAULT 0,
  `status` tinyint(4) NOT NULL DEFAULT 0 COMMENT '1=>success, 2=>pending, 3=>cancel',
  `admin_feedback` varchar(250) COLLATE utf8mb4_unicode_ci DEFAULT NULL,
  `created_at` timestamp NULL DEFAULT NULL,
  `updated_at` timestamp NULL DEFAULT NULL
) ENGINE=InnoDB DEFAULT CHARSET=utf8mb4 COLLATE=utf8mb4_unicode_ci;

--
-- Dumping data for table `deposits`
--

INSERT INTO `deposits` (`id`, `user_id`, `method_code`, `amount`, `method_currency`, `charge`, `rate`, `final_amo`, `detail`, `btc_amo`, `btc_wallet`, `trx`, `try`, `status`, `admin_feedback`, `created_at`, `updated_at`) VALUES
(1, 23, 1000, 50.00000000, 'USD', 0.00000000, 0.30000000, 15.00000000, NULL, '0', '', '3S9JT3PADE38', 0, 1, NULL, '2021-07-03 23:21:45', '2021-07-03 23:32:06'),
(2, 23, 1000, 100.00000000, 'USD', 0.00000000, 0.30000000, 30.00000000, '{\"send_your_hash\\/payment_id\":{\"field_name\":\"Fjdjfut\",\"type\":\"text\"}}', '0', '', '9YZ9JBSBQWW5', 0, 1, NULL, '2021-07-03 23:30:14', '2021-07-04 01:22:37'),
(3, 23, 1000, 1000.00000000, 'USD', 0.00000000, 0.30000000, 300.00000000, NULL, '0', '', '25ECF1BOMUNN', 0, 0, NULL, '2021-07-04 06:35:39', '2021-07-04 06:35:39'),
(4, 23, 1000, 200.00000000, 'USD', 0.00000000, 0.30000000, 60.00000000, NULL, '0', '', 'GFJWBNBFXORP', 0, 0, NULL, '2021-07-04 06:42:14', '2021-07-04 06:42:14'),
(5, 23, 1000, 100.00000000, 'USD', 0.00000000, 0.30000000, 30.00000000, '{\"send_your_hash\\/\\/payment_id\":{\"field_name\":\"Hdjpcjvkg\",\"type\":\"text\"}}', '0', '', 'YGK44KE8VFG9', 0, 1, NULL, '2021-07-05 06:24:53', '2021-07-05 06:31:55'),
(6, 23, 1000, 100.00000000, 'USD', 0.00000000, 0.30000000, 30.00000000, '{\"send_your_hash\\/\\/payment_id\":{\"field_name\":\"Fhuut\",\"type\":\"text\"}}', '0', '', 'NRXQ553CPOTE', 0, 1, NULL, '2021-07-05 10:21:32', '2021-07-06 11:36:16'),
(7, 23, 1000, 50.00000000, 'USD', 0.00000000, 0.30000000, 15.00000000, '{\"send_your_hash\\/\\/payment_id\":{\"field_name\":\"Nfhuyit6\",\"type\":\"text\"}}', '0', '', 'VUO4CMJKRCA9', 0, 1, NULL, '2021-07-06 04:43:05', '2021-07-07 10:24:37'),
(8, 23, 1000, 500.00000000, 'USD', 0.00000000, 0.30000000, 150.00000000, '{\"send_your_hash\\/\\/payment_id\":{\"field_name\":\"Bgfyey\",\"type\":\"text\"}}', '0', '', 'SHRWA63SDTD5', 0, 1, NULL, '2021-07-06 04:43:42', '2021-07-07 10:24:52'),
(9, 23, 1000, 400.00000000, 'USD', 0.00000000, 0.30000000, 120.00000000, '{\"send_your_hash\\/\\/payment_id\":{\"field_name\":\"7hghxhf\",\"type\":\"text\"}}', '0', '', 'RHAP7D4UZP95', 0, 1, NULL, '2021-07-06 10:02:19', '2021-07-07 10:25:12'),
(10, 23, 1000, 400.00000000, 'USD', 0.00000000, 0.30000000, 120.00000000, '{\"send_your_hash\\/\\/payment_id\":{\"field_name\":\"jhfg456\",\"type\":\"text\"}}', '0', '', '3QOS6F32RGT9', 0, 1, NULL, '2021-07-06 10:34:15', '2021-07-07 10:27:31'),
(11, 23, 1000, 400.00000000, 'USD', 0.00000000, 0.30000000, 120.00000000, '{\"send_your_hash\\/\\/payment_id\":{\"field_name\":\"jj6\",\"type\":\"text\"}}', '0', '', 'EG7665WMX6T5', 0, 1, NULL, '2021-07-06 10:58:10', '2021-07-07 10:27:43'),
(12, 23, 1000, 400.00000000, 'USD', 0.00000000, 0.30000000, 120.00000000, '{\"send_your_hash\\/\\/payment_id\":{\"field_name\":\"j7j7\",\"type\":\"text\"}}', '0', '', 'RK4YYWTXUD8W', 0, 1, NULL, '2021-07-06 11:02:15', '2021-07-07 10:27:55'),
(13, 23, 1000, 400.00000000, 'USD', 0.00000000, 0.30000000, 120.00000000, '{\"send_your_hash\\/\\/payment_id\":{\"field_name\":\"j7j7\",\"type\":\"text\"}}', '0', '', 'QQSXJ2RD84A2', 0, 3, 'N', '2021-07-06 11:06:28', '2021-07-07 10:27:16'),
(14, 23, 1000, 400.00000000, 'USD', 0.00000000, 0.30000000, 120.00000000, '{\"send_your_hash\\/\\/payment_id\":{\"field_name\":\"j7j7j7\",\"type\":\"text\"}}', '0', '', 'T823GBVJNRJD', 0, 3, 'N', '2021-07-06 11:18:16', '2021-07-07 10:26:55'),
(15, 23, 1000, 50.00000000, 'USD', 0.00000000, 0.30000000, 15.00000000, '{\"send_your_hash\\/\\/payment_id\":{\"field_name\":\"Ugly 7ygh6\",\"type\":\"text\"}}', '0', '', 'AZVHAGTKAQF8', 0, 3, 'N', '2021-07-06 11:22:10', '2021-07-07 10:26:43'),
(16, 23, 1000, 400.00000000, 'USD', 0.00000000, 0.30000000, 120.00000000, '{\"send_your_hash\\/\\/payment_id\":{\"field_name\":\"j7j7\",\"type\":\"text\"}}', '0', '', '8YJBGKTHCH7Y', 0, 3, 'No', '2021-07-06 11:27:21', '2021-07-07 10:26:12'),
(17, 23, 1000, 100.00000000, 'USD', 0.00000000, 0.30000000, 30.00000000, '{\"send_your_hash\\/\\/payment_id\":{\"field_name\":\"Ydjytu7\",\"type\":\"text\"}}', '0', '', '6GV5M3D5OYX8', 0, 1, NULL, '2021-07-06 11:30:27', '2021-07-07 10:24:18'),
(18, 25, 1000, 100.00000000, 'USD', 0.00000000, 0.30000000, 30.00000000, '{\"send_your_hash\\/\\/payment_id\":{\"field_name\":\"Fjtuu87\",\"type\":\"text\"}}', '0', '', 'J6PMHDXE9XMN', 0, 1, NULL, '2021-07-06 13:05:16', '2021-07-07 10:23:26'),
(19, 25, 1000, 100.00000000, 'USD', 0.00000000, 0.30000000, 30.00000000, NULL, '0', '', 'FKHRTDJ7DYEE', 0, 0, NULL, '2021-07-06 20:32:06', '2021-07-06 20:32:06'),
(20, 25, 1000, 100.00000000, 'USD', 0.00000000, 0.30000000, 30.00000000, '{\"send_your_hash\\/\\/payment_id\":{\"field_name\":\"Yks\",\"type\":\"text\"}}', '0', '', '8ZSYKY3BZDYY', 0, 1, NULL, '2021-07-06 20:32:06', '2021-07-07 10:23:19'),
(21, 23, 1000, 400.00000000, 'USD', 0.00000000, 0.30000000, 120.00000000, '{\"send_your_hash\\/\\/payment_id\":{\"field_name\":\"j7j7j7\",\"type\":\"text\"}}', '0', '', 'C4RFSMJ7PUEX', 0, 1, NULL, '2021-07-07 08:12:11', '2021-07-07 10:23:10'),
(22, 23, 1000, 100.00000000, 'USD', 0.00000000, 0.30000000, 30.00000000, '{\"send_your_hash\\/\\/payment_id\":{\"field_name\":\"Shksu\",\"type\":\"text\"}}', '0', '', 'PXRP49SKPJ6E', 0, 1, NULL, '2021-07-07 08:28:15', '2021-07-07 10:23:02'),
(23, 23, 1000, 50.00000000, 'USD', 0.00000000, 0.30000000, 15.00000000, '{\"send_your_hash\\/\\/payment_id\":{\"field_name\":\"Chfh\",\"type\":\"text\"}}', '0', '', '5NG3CA4BY2UA', 0, 1, NULL, '2021-07-08 03:44:26', '2021-07-08 03:46:46'),
(24, 32, 1000, 100.00000000, 'USD', 0.00000000, 0.30000000, 30.00000000, '{\"send_your_hash\\/\\/payment_id\":{\"field_name\":\"Ooufhdi6ryo989ojjkp0raqq2o0gj64efjipyghj\",\"type\":\"text\"}}', '0', '', 'SORZG44MXV1C', 0, 1, NULL, '2021-07-08 20:58:34', '2021-07-08 20:59:42'),
(25, 24, 1000, 5000.00000000, 'USD', 0.00000000, 0.30000000, 1500.00000000, '{\"send_your_hash\\/\\/payment_id\":{\"field_name\":\"jjjj\",\"type\":\"text\"}}', '0', '', 'NKXQF1XWPGFV', 0, 1, NULL, '2021-07-12 23:38:56', '2021-07-13 01:09:47'),
(26, 30, 1000, 1000.00000000, 'USD', 0.00000000, 0.30000000, 300.00000000, '{\"send_your_hash\\/\\/payment_id\":{\"field_name\":\"3PBVjY5pB6JQJJFKukaC7wPi4tcwm6SDsCg\",\"type\":\"text\"}}', '0', '', 'GO9Q7FGFQHT3', 0, 1, NULL, '2021-07-17 02:05:49', '2021-07-17 02:11:52'),
(27, 23, 1000, 1000.00000000, 'USD', 0.00000000, 0.30000000, 300.00000000, '{\"send_your_hash\\/\\/payment_id\":{\"field_name\":\"777\",\"type\":\"text\"}}', '0', '', 'FXZVS5YWA62R', 0, 1, NULL, '2021-07-17 02:07:47', '2021-07-17 02:10:19'),
(28, 71, 1000, 5000.00000000, 'USD', 0.00000000, 0.30000000, 1500.00000000, '{\"send_your_hash\\/\\/payment_id\":{\"field_name\":\"3P7xt1jonDFVWqv5aFCQ64cQoAtorAAQw8G\",\"type\":\"text\"}}', '0', '', 'YAWYCUEMGPM8', 0, 1, NULL, '2021-07-18 02:10:33', '2021-07-18 02:11:37'),
(29, 33, 1000, 9900.00000000, 'USD', 0.00000000, 0.30000000, 2970.00000000, '{\"send_your_hash\\/\\/payment_id\":{\"field_name\":\"3P7xt1jonDFVWqv5aFCQ64cQoAtorAAQw8G\",\"type\":\"text\"}}', '0', '', '8K9QU4SXK9BN', 0, 1, NULL, '2021-07-18 02:25:49', '2021-07-18 02:26:51'),
(30, 24, 1000, 50.00000000, 'USD', 0.00000000, 0.30000000, 15.00000000, '{\"send_your_hash\\/\\/payment_id\":{\"field_name\":\"3P7xt1jonDFVWqv5aFCQ64cQoAtorAAQw8G\",\"type\":\"text\"}}', '0', '', '19TZPH4VYPWK', 0, 1, NULL, '2021-07-31 07:22:32', '2021-07-31 12:24:00'),
(31, 72, 1000, 310.00000000, 'USD', 0.00000000, 0.30000000, 93.00000000, '{\"send_your_hash\\/\\/payment_id\":{\"field_name\":\"3P7xt1jonDFVWqv5aFCQ64cQoAtorAAQw8G\",\"type\":\"text\"}}', '0', '', 'JNWF86KEQXAF', 0, 1, NULL, '2021-07-31 12:22:44', '2021-07-31 12:23:51'),
(32, 73, 1000, 310.00000000, 'USD', 0.00000000, 0.30000000, 93.00000000, '{\"send_your_hash\\/\\/payment_id\":{\"field_name\":\"3P7xt1jonDFVWqv5aFCQ64cQoAtorAAQw8G\",\"type\":\"text\"}}', '0', '', '9Q5GOTUTTNXQ', 0, 1, NULL, '2021-07-31 12:32:54', '2021-07-31 12:33:42'),
(33, 74, 1000, 301.00000000, 'USD', 0.00000000, 0.30000000, 90.30000000, NULL, '0', '', 'GEEZTJDNM2KM', 0, 0, NULL, '2021-07-31 12:44:37', '2021-07-31 12:44:37'),
(34, 74, 1000, 301.00000000, 'USD', 0.00000000, 0.30000000, 90.30000000, '{\"send_your_hash\\/\\/payment_id\":{\"field_name\":\"3P7xt1jonDFVWqv5aFCQ64cQoAtorAAQw8G\",\"type\":\"text\"}}', '0', '', '4T98BMF9QTXY', 0, 1, NULL, '2021-07-31 12:44:38', '2021-07-31 12:45:19'),
(35, 24, 1000, 100.00000000, 'USD', 0.00000000, 0.30000000, 30.00000000, '{\"send_your_hash\\/\\/payment_id\":{\"field_name\":\"3P7xt1jonDFVWqv5aFCQ64cQoAtorAAQw8G\",\"type\":\"text\"}}', '0', '', 'JXA1PTYHKTKD', 0, 1, NULL, '2021-08-01 05:00:10', '2021-08-01 05:09:00'),
(36, 75, 1000, 360.00000000, 'USD', 0.00000000, 0.30000000, 108.00000000, '{\"send_your_hash\\/\\/payment_id\":{\"field_name\":\"3P8hafax8vmn64w2oJE42RboZBKXdzzs64G\",\"type\":\"text\"}}', '0', '', 'G31OHVN6XX3N', 0, 1, NULL, '2021-08-03 07:52:42', '2021-08-03 07:56:39'),
(37, 77, 1000, 2000.00000000, 'USD', 0.00000000, 0.30000000, 600.00000000, NULL, '0', '', 'D2PXO6RDBMZM', 0, 0, NULL, '2021-08-04 06:55:49', '2021-08-04 06:55:49'),
(38, 77, 1000, 3000.00000000, 'USD', 0.00000000, 0.30000000, 900.00000000, NULL, '0', '', 'MKR96DM8PNED', 0, 0, NULL, '2021-08-04 07:04:58', '2021-08-04 07:04:58'),
(39, 77, 1000, 3000.00000000, 'USD', 0.00000000, 0.30000000, 900.00000000, NULL, '0', '', 'GFMXM2QY3QEW', 0, 0, NULL, '2021-08-04 07:11:12', '2021-08-04 07:11:12'),
(40, 77, 1000, 3000.00000000, 'USD', 0.00000000, 0.30000000, 900.00000000, NULL, '0', '', 'KKU8BGSUX6FR', 0, 0, NULL, '2021-08-04 07:11:17', '2021-08-04 07:11:17'),
(41, 77, 1000, 3000.00000000, 'USD', 0.00000000, 0.30000000, 900.00000000, '{\"send_your_hash\\/\\/payment_id\":{\"field_name\":\"3PLsoCLhxt3X928kS7xMjcQHvM21Y4Af9YN\",\"type\":\"text\"}}', '0', '', 'MGST7T49CX6P', 0, 1, NULL, '2021-08-04 07:15:52', '2021-08-04 07:22:27'),
(42, 79, 1000, 50.00000000, 'USD', 0.00000000, 0.30000000, 15.00000000, '{\"send_your_hash\\/\\/payment_id\":{\"field_name\":\"Hgh\",\"type\":\"text\"}}', '0', '', 'SAM2O7M4URG5', 0, 1, NULL, '2021-08-04 12:38:23', '2021-08-04 12:39:24'),
(43, 80, 1000, 300.00000000, 'USD', 0.00000000, 0.30000000, 90.00000000, '{\"send_your_hash\\/\\/payment_id\":{\"field_name\":\"5566\",\"type\":\"text\"}}', '0', '', 'J3XAKZGMZYHO', 0, 1, NULL, '2021-08-04 13:04:22', '2021-08-04 13:05:28'),
(44, 81, 1000, 300.00000000, 'USD', 0.00000000, 0.30000000, 90.00000000, '{\"send_your_hash\\/\\/payment_id\":{\"field_name\":\"5566\",\"type\":\"text\"}}', '0', '', '1YZNXRZQUM9X', 0, 1, NULL, '2021-08-04 13:31:31', '2021-08-04 13:32:24'),
(45, 81, 1000, 2000.00000000, 'USD', 0.00000000, 0.30000000, 600.00000000, '{\"send_your_hash\\/\\/payment_id\":{\"field_name\":\"5566\",\"type\":\"text\"}}', '0', '', 'G6JJCM1JXTFF', 0, 1, NULL, '2021-08-04 13:35:11', '2021-08-04 13:35:32'),
(46, 82, 1000, 50.00000000, 'USD', 0.00000000, 0.30000000, 15.00000000, '{\"send_your_hash\\/\\/payment_id\":{\"field_name\":\"3P8hafax8vmn64w2oJE42RboZBKXdzzs64G\",\"type\":\"text\"}}', '0', '', 'EOWKSS2JSK1F', 0, 1, NULL, '2021-08-04 13:37:01', '2021-08-14 11:53:54'),
(47, 83, 1000, 300.00000000, 'USD', 0.00000000, 0.30000000, 90.00000000, NULL, '0', '', '52QP42FUTQSQ', 0, 0, NULL, '2021-08-06 07:34:24', '2021-08-06 07:34:24'),
(48, 83, 1000, 310.00000000, 'USD', 0.00000000, 0.30000000, 93.00000000, '{\"send_your_hash\\/\\/payment_id\":{\"field_name\":\"3P7xt1jonDFVWqv5aFCQ64cQoAtorAAQw8G\",\"type\":\"text\"}}', '0', '', 'ETKM92M33QTM', 0, 1, NULL, '2021-08-06 07:34:40', '2021-08-06 07:37:06'),
(49, 85, 1000, 50.00000000, 'USD', 0.00000000, 0.30000000, 15.00000000, '{\"send_your_hash\\/\\/payment_id\":{\"field_name\":\"3P7xt1jonDFVWqv5aFCQ64cQoAtorAAysui90K\",\"type\":\"text\"}}', '0', '', 'M6WU7SYADD3U', 0, 1, NULL, '2021-08-06 09:54:55', '2021-08-06 09:56:50'),
(50, 86, 1000, 500.00000000, 'USD', 0.00000000, 0.30000000, 150.00000000, '{\"send_your_hash\\/\\/payment_id\":{\"field_name\":\"3PBVjY5pB6JQJJFKukaC7wPi4tcwm6SDsCg\",\"type\":\"text\"}}', '0', '', 'ZS1MG3OO2RNJ', 0, 1, NULL, '2021-08-07 04:31:39', '2021-08-15 02:47:37'),
(51, 32, 1000, 500.00000000, 'USD', 0.00000000, 0.30000000, 150.00000000, '{\"send_your_hash\\/\\/payment_id\":{\"field_name\":\"3P7xt1jonDFVWqv5aFCQ64cQoAtorAAysui90K\",\"type\":\"text\"}}', '0', '', 'ZP5AVHWYMR7D', 0, 1, NULL, '2021-08-07 05:31:05', '2021-08-07 05:31:40'),
(52, 90, 1000, 50.00000000, 'USD', 0.00000000, 0.30000000, 15.00000000, NULL, '0', '', '9H7ZPPU3RBO7', 0, 0, NULL, '2021-08-08 01:55:56', '2021-08-08 01:55:56'),
(53, 85, 1000, 51.00000000, 'USD', 0.00000000, 0.30000000, 15.30000000, NULL, '0', '', '86K2NS83OYJQ', 0, 0, NULL, '2021-08-08 13:48:04', '2021-08-08 13:48:04'),
(54, 98, 1000, 50.00000000, 'USD', 0.00000000, 0.30000000, 15.00000000, NULL, '0', '', 'UFHUWW9GCHC5', 0, 0, NULL, '2021-08-08 20:13:02', '2021-08-08 20:13:02'),
(55, 75, 1000, 60.00000000, 'USD', 0.00000000, 0.30000000, 18.00000000, NULL, '0', '', '14GJTPRQSXSR', 0, 0, NULL, '2021-08-12 18:44:23', '2021-08-12 18:44:23'),
(56, 24, 1000, 10000.00000000, 'USD', 0.00000000, 0.30000000, 3000.00000000, NULL, '0', '', 'J6N8BEZCS5EE', 0, 0, NULL, '2021-08-12 21:40:26', '2021-08-12 21:40:26'),
(57, 24, 1001, 50.00000000, 'USD', 0.00000000, 0.30000000, 15.00000000, '{\"payment_id\\/hash\":{\"field_name\":\"TNrcpTUg7TKvxyJsjnYqzjhvzMK7oFTANz\",\"type\":\"text\"}}', '0', '', 'GTWZDB9N46W3', 0, 1, NULL, '2021-08-14 05:51:33', '2021-08-14 05:53:07'),
(58, 32, 1001, 50.00000000, 'USD', 0.00000000, 0.30000000, 15.00000000, NULL, '0', '', 'N1QP4RN5JZWS', 0, 0, NULL, '2021-08-18 21:22:42', '2021-08-18 21:22:42'),
(59, 32, 1001, 100.00000000, 'USD', 0.00000000, 0.30000000, 30.00000000, NULL, '0', '', '1O9P4Q2CMHUF', 0, 0, NULL, '2021-08-19 00:15:24', '2021-08-19 00:15:24'),
(60, 32, 1000, 100.00000000, 'USD', 0.00000000, 0.30000000, 30.00000000, NULL, '0', '', 'JZMBEOJ7XEFX', 0, 0, NULL, '2021-08-19 00:16:28', '2021-08-19 00:16:28'),
(61, 32, 1001, 50.00000000, 'USD', 0.00000000, 0.30000000, 15.00000000, NULL, '0', '', 'V2VW9TBROUOX', 0, 0, NULL, '2021-08-19 23:23:40', '2021-08-19 23:23:40'),
(62, 32, 1000, 50.00000000, 'USD', 0.00000000, 0.31000000, 15.50000000, NULL, '0', '', '9OKFM4FZDVUT', 0, 0, NULL, '2021-08-19 23:25:08', '2021-08-19 23:25:08'),
(63, 32, 1001, 50.00000000, 'USD', 0.00000000, 0.31000000, 15.50000000, NULL, '0', '', 'QKW4NB4SABW5', 0, 0, NULL, '2021-08-19 23:25:17', '2021-08-19 23:25:17'),
(64, 32, 1001, 50.00000000, 'USD', 0.00000000, 0.31000000, 15.50000000, NULL, '0', '', 'N9C9V1TMFAZB', 0, 0, NULL, '2021-08-19 23:30:38', '2021-08-19 23:30:38'),
(65, 109, 1000, 50.00000000, 'USD', 0.00000000, 0.31000000, 15.50000000, NULL, '0', '', 'GXOYNDQ2JQ2H', 0, 0, NULL, '2021-08-21 07:56:00', '2021-08-21 07:56:00');

-- --------------------------------------------------------

--
-- Table structure for table `email_sms_templates`
--

CREATE TABLE `email_sms_templates` (
  `id` int(10) UNSIGNED NOT NULL,
  `act` varchar(191) COLLATE utf8mb4_unicode_ci NOT NULL,
  `name` varchar(191) COLLATE utf8mb4_unicode_ci NOT NULL,
  `subj` varchar(191) COLLATE utf8mb4_unicode_ci NOT NULL,
  `email_body` text COLLATE utf8mb4_unicode_ci DEFAULT NULL,
  `sms_body` text COLLATE utf8mb4_unicode_ci DEFAULT NULL,
  `shortcodes` text COLLATE utf8mb4_unicode_ci NOT NULL,
  `email_status` tinyint(4) NOT NULL DEFAULT 1,
  `sms_status` tinyint(4) NOT NULL DEFAULT 1,
  `created_at` timestamp NULL DEFAULT NULL,
  `updated_at` timestamp NULL DEFAULT NULL
) ENGINE=InnoDB DEFAULT CHARSET=utf8mb4 COLLATE=utf8mb4_unicode_ci;

--
-- Dumping data for table `email_sms_templates`
--

INSERT INTO `email_sms_templates` (`id`, `act`, `name`, `subj`, `email_body`, `sms_body`, `shortcodes`, `email_status`, `sms_status`, `created_at`, `updated_at`) VALUES
(1, 'PASS_RESET_CODE', 'Password Reset', 'Password Reset', '<div>We have received a request to reset the password for your account on <b>{{time}} .<br></b></div><div>Requested From IP: <b>{{ip}}</b> using <b>{{browser}}</b> on <b>{{operating_system}} </b>.</div><div><br></div><br><div><div><div>Your account recovery code is:&nbsp;&nbsp; <font size=\"6\"><b>{{code}}</b></font></div><div><br></div></div></div><div><br></div><div><font size=\"4\" color=\"#CC0000\">If you do not wish to reset your password, please disregard this message.&nbsp;</font><br></div><br>', 'Your account recovery code is: {{code}}', ' {\"code\":\"Password Reset Code\",\"ip\":\"IP of User\",\"browser\":\"Browser of User\",\"operating_system\":\"Operating System of User\",\"time\":\"Request Time\"}', 1, 1, '2019-09-24 23:04:05', '2020-07-07 05:44:08'),
(2, 'PASS_RESET_DONE', 'Password Reset Confirmation', 'You have Reset your password', '<div><p>\r\n    You have successfully reset your password.</p><p>You changed from&nbsp; IP: <b>{{ip}}</b> using <b>{{browser}}</b> on <b>{{operating_system}}&nbsp;</b> on <b>{{time}}</b></p><p><b><br></b></p><p><font color=\"#FF0000\"><b>If you did not changed that, Please contact with us as soon as possible.</b></font><br></p></div>', 'Your password has been changed successfully', '{\"ip\":\"IP of User\",\"browser\":\"Browser of User\",\"operating_system\":\"Operating System of User\",\"time\":\"Request Time\"}', 1, 1, '2019-09-24 23:04:05', '2020-03-07 10:23:47'),
(3, 'EVER_CODE', 'Email Verification', 'Please verify your email address', '<div><br></div><div>Thanks For join with us. <br></div><div>Please use below code to verify your email address. <br></div><div><br></div><div>Your email verification code is:<font size=\"6\"><b> {{code}}</b></font></div>', 'Your email verification code is: {{code}}', '{\"code\":\"Verification code\"}', 1, 1, '2019-09-24 23:04:05', '2020-03-07 10:26:22'),
(4, 'SVER_CODE', 'SMS Verification ', 'Please verify your phone', 'Your phone verification code is: {{code}}', 'Your phone verification code is: {{code}}', '{\"code\":\"Verification code\"}', 0, 1, '2019-09-24 23:04:05', '2020-03-08 01:28:52'),
(5, '2FA_ENABLE', 'Google Two Factor - Enable', 'Google Two Factor Authentication is now  Enabled for Your Account', '<div>You just enabled Google Two Factor Authentication for Your Account.</div><div><br></div><div>Enabled at <b>{{time}} </b>From IP: <b>{{ip}}</b> using <b>{{browser}}</b> on <b>{{operating_system}} </b>.</div>', 'Your verification code is: {{code}}', '{\"ip\":\"IP of User\",\"browser\":\"Browser of User\",\"operating_system\":\"Operating System of User\",\"time\":\"Request Time\"}', 1, 1, '2019-09-24 23:04:05', '2020-03-08 01:42:59'),
(6, '2FA_DISABLE', 'Google Two Factor Disable', 'Google Two Factor Authentication is now  Disabled for Your Account', '<div>You just Disabled Google Two Factor Authentication for Your Account.</div><div><br></div><div>Disabled at <b>{{time}} </b>From IP: <b>{{ip}}</b> using <b>{{browser}}</b> on <b>{{operating_system}} </b>.</div>', 'Google two factor verification is disabled', '{\"ip\":\"IP of User\",\"browser\":\"Browser of User\",\"operating_system\":\"Operating System of User\",\"time\":\"Request Time\"}', 1, 1, '2019-09-24 23:04:05', '2020-03-08 01:43:46'),
(16, 'ADMIN_SUPPORT_REPLY', 'Support Ticket Reply ', 'Reply Support Ticket', '<div><p><span style=\"font-size: 11pt;\" data-mce-style=\"font-size: 11pt;\"><strong>A member from our support team has replied to the following ticket:</strong></span></p><p><b><span style=\"font-size: 11pt;\" data-mce-style=\"font-size: 11pt;\"><strong><br></strong></span></b></p><p><b>[Ticket#{{ticket_id}}] {{ticket_subject}}<br><br>Click here to reply:&nbsp; {{link}}</b></p><p>----------------------------------------------</p><p>Here is the reply : <br></p><p> {{reply}}<br></p></div><div><br></div>', '{{subject}}\r\n\r\n{{reply}}\r\n\r\n\r\nClick here to reply:  {{link}}', '{\"ticket_id\":\"Support Ticket ID\", \"ticket_subject\":\"Subject Of Support Ticket\", \"reply\":\"Reply from Staff/Admin\",\"link\":\"Ticket URL For relpy\"}', 1, 1, '2020-06-08 18:00:00', '2020-05-04 02:24:40'),
(206, 'DEPOSIT_COMPLETE', 'Automated Deposit - Successful', 'Deposit Completed Successfully', '<div>Your deposit of <b>{{amount}} {{currency}}</b> is via&nbsp; <b>{{method_name}} </b>has been completed Successfully.<b><br></b></div><div><b><br></b></div><div><b>Details of your Deposit :<br></b></div><div><br></div><div>Amount : {{amount}} {{currency}}</div><div>Charge: <font color=\"#000000\">{{charge}} {{currency}}</font></div><div><br></div><div>Conversion Rate : 1 {{currency}} = {{rate}} {{method_currency}}</div><div>Payable : {{method_amount}} {{method_currency}} <br></div><div>Paid via :&nbsp; {{method_name}}</div><div><br></div><div>Transaction Number : {{trx}}</div><div><font size=\"5\"><b><br></b></font></div><div><font size=\"5\">Your current Balance is <b>{{post_balance}} {{currency}}</b></font></div><div><br></div><div><br><br><br></div>', '{{amount}} {{currrency}} Deposit successfully by {{gateway_name}}', '{\"trx\":\"Transaction Number\",\"amount\":\"Request Amount By user\",\"charge\":\"Gateway Charge\",\"currency\":\"Site Currency\",\"rate\":\"Conversion Rate\",\"method_name\":\"Deposit Method Name\",\"method_currency\":\"Deposit Method Currency\",\"method_amount\":\"Deposit Method Amount After Conversion\", \"post_balance\":\"Users Balance After this operation\"}', 1, 1, '2020-06-24 18:00:00', '2020-07-07 06:39:22'),
(207, 'DEPOSIT_REQUEST', 'Manual Deposit - User Requested', 'Deposit Request Submitted Successfully', '<div>Your deposit request of <b>{{amount}} {{currency}}</b> is via&nbsp; <b>{{method_name}} </b>submitted successfully<b> .<br></b></div><div><b><br></b></div><div><b>Details of your Deposit :<br></b></div><div><br></div><div>Amount : {{amount}} {{currency}}</div><div>Charge: <font color=\"#FF0000\">{{charge}} {{currency}}</font></div><div><br></div><div>Conversion Rate : 1 {{currency}} = {{rate}} {{method_currency}}</div><div>Payable : {{method_amount}} {{method_currency}} <br></div><div>Pay via :&nbsp; {{method_name}}</div><div><br></div><div>Transaction Number : {{trx}}</div><div><br></div><div><br></div>', '{{amount}} Deposit requested by {{method}}. Charge: {{charge}} . Trx: {{trx}}\r\n', '{\"trx\":\"Transaction Number\",\"amount\":\"Request Amount By user\",\"charge\":\"Gateway Charge\",\"currency\":\"Site Currency\",\"rate\":\"Conversion Rate\",\"method_name\":\"Deposit Method Name\",\"method_currency\":\"Deposit Method Currency\",\"method_amount\":\"Deposit Method Amount After Conversion\"}', 1, 1, '2020-05-31 18:00:00', '2020-06-01 18:00:00'),
(208, 'DEPOSIT_APPROVE', 'Manual Deposit - Admin Approved', 'Your Deposit is Approved', '<div>Your deposit request of <b>{{amount}} {{currency}}</b> is via&nbsp; <b>{{method_name}} </b>is Approved .<b><br></b></div><div><b><br></b></div><div><b>Details of your Deposit :<br></b></div><div><br></div><div>Amount : {{amount}} {{currency}}</div><div>Charge: <font color=\"#FF0000\">{{charge}} {{currency}}</font></div><div><br></div><div>Conversion Rate : 1 {{currency}} = {{rate}} {{method_currency}}</div><div>Payable : {{method_amount}} {{method_currency}} <br></div><div>Paid via :&nbsp; {{method_name}}</div><div><br></div><div>Transaction Number : {{trx}}</div><div><font size=\"5\"><b><br></b></font></div><div><font size=\"5\">Your current Balance is <b>{{post_balance}} {{currency}}</b></font></div><div><br></div><div><br><br></div>', 'Admin Approve Your {{amount}} {{gateway_currency}} payment request by {{gateway_name}} transaction : {{transaction}}', '{\"trx\":\"Transaction Number\",\"amount\":\"Request Amount By user\",\"charge\":\"Gateway Charge\",\"currency\":\"Site Currency\",\"rate\":\"Conversion Rate\",\"method_name\":\"Deposit Method Name\",\"method_currency\":\"Deposit Method Currency\",\"method_amount\":\"Deposit Method Amount After Conversion\", \"post_balance\":\"Users Balance After this operation\"}', 1, 1, '2020-06-16 18:00:00', '2020-06-14 18:00:00'),
(209, 'DEPOSIT_REJECT', 'Manual Deposit - Admin Rejected', 'Your Deposit Request is Rejected', '<div>Your deposit request of <b>{{amount}} {{currency}}</b> is via&nbsp; <b>{{method_name}} has been rejected</b>.<b><br></b></div><br><div>Transaction Number was : {{trx}}</div><div><br></div><div>if you have any query, feel free to contact us.<br></div><br><div><br><br></div>\r\n\r\n\r\n\r\n{{rejection_message}}', 'Admin Rejected Your {{amount}} {{gateway_currency}} payment request by {{gateway_name}}\r\n\r\n{{rejection_message}}', '{\"trx\":\"Transaction Number\",\"amount\":\"Request Amount By user\",\"charge\":\"Gateway Charge\",\"currency\":\"Site Currency\",\"rate\":\"Conversion Rate\",\"method_name\":\"Deposit Method Name\",\"method_currency\":\"Deposit Method Currency\",\"method_amount\":\"Deposit Method Amount After Conversion\",\"rejection_message\":\"Rejection message\"}', 1, 1, '2020-06-09 18:00:00', '2020-06-14 18:00:00'),
(210, 'WITHDRAW_REQUEST', 'Withdraw - User Requested', 'Withdraw Request Submitted Successfully', '<div>Your withdraw request of <b>{{amount}} {{currency}}</b>&nbsp; via&nbsp; <b>{{method_name}} </b>has been submitted Successfully.<b><br></b></div><div><b><br></b></div><div><b>Details of your withdraw:<br></b></div><div><br></div><div>Amount : {{amount}} {{currency}}</div><div>Charge: <font color=\"#FF0000\">{{charge}} {{currency}}</font></div><div><br></div><div>Conversion Rate : 1 {{currency}} = {{rate}} {{method_currency}}</div><div>You will get: {{method_amount}} {{method_currency}} <br></div><div>Via :&nbsp; {{method_name}}</div><div><br></div><div>Transaction Number : {{trx}}</div><div><font size=\"4\" color=\"#FF0000\"><b><br></b></font></div><div><font size=\"4\" color=\"#FF0000\"><b>This may take {{delay}} to process the payment.</b></font><br></div><div><font size=\"5\"><b><br></b></font></div><div><font size=\"5\"><b><br></b></font></div><div><font size=\"5\">Your current Balance is <b>{{post_balance}} {{currency}}</b></font></div><div><br></div><div><br><br><br><br></div>', '{{amount}} {{currency}} withdraw requested by {{withdraw_method}}. You will get {{method_amount}} {{method_currency}} in {{duration}}. Trx: {{trx}}', '{\"trx\":\"Transaction Number\",\"amount\":\"Request Amount By user\",\"charge\":\"Gateway Charge\",\"currency\":\"Site Currency\",\"rate\":\"Conversion Rate\",\"method_name\":\"Deposit Method Name\",\"method_currency\":\"Deposit Method Currency\",\"method_amount\":\"Deposit Method Amount After Conversion\", \"post_balance\":\"Users Balance After this operation\", \"delay\":\"Delay time for processing\"}', 1, 1, '2020-06-07 18:00:00', '2020-06-14 18:00:00'),
(211, 'WITHDRAW_REJECT', 'Withdraw - Admin Rejected', 'Withdraw Request has been Rejected and your money is refunded to your account', '<div>Your withdraw request of <b>{{amount}} {{currency}}</b>&nbsp; via&nbsp; <b>{{method_name}} </b>has been Rejected.<b><br></b></div><div><b><br></b></div><div><b>Details of your withdraw:<br></b></div><div><br></div><div>Amount : {{amount}} {{currency}}</div><div>Charge: <font color=\"#FF0000\">{{charge}} {{currency}}</font></div><div><br></div><div>Conversion Rate : 1 {{currency}} = {{rate}} {{method_currency}}</div><div>You should get: {{method_amount}} {{method_currency}} <br></div><div>Via :&nbsp; {{method_name}}</div><div><br></div><div>Transaction Number : {{trx}}</div><div><br></div><div><br></div><div>----</div><div><font size=\"3\"><br></font></div><div><font size=\"3\"> {{amount}} {{currency}} has been <b>refunded </b>to your account and your current Balance is <b>{{post_balance}}</b><b> {{currency}}</b></font></div><div><br></div><div>-----</div><div><br></div><div><font size=\"4\">Details of Rejection :</font></div><div><font size=\"4\"><b>{{admin_details}}</b></font></div><div><br></div><div><br><br><br><br><br><br></div>', 'Admin Rejected Your {{amount}} {{currency}} withdraw request. Your Main Balance {{main_balance}}  {{method}} , Transaction {{transaction}}', '{\"trx\":\"Transaction Number\",\"amount\":\"Request Amount By user\",\"charge\":\"Gateway Charge\",\"currency\":\"Site Currency\",\"rate\":\"Conversion Rate\",\"method_name\":\"Deposit Method Name\",\"method_currency\":\"Deposit Method Currency\",\"method_amount\":\"Deposit Method Amount After Conversion\", \"post_balance\":\"Users Balance After this operation\", \"admin_details\":\"Details Provided By Admin\"}', 1, 1, '2020-06-09 18:00:00', '2020-06-14 18:00:00'),
(212, 'WITHDRAW_APPROVE', 'Withdraw - Admin Approved', 'Withdraw Request has been Processed and your money is sent', '<div>Your withdraw request of <b>{{amount}} {{currency}}</b>&nbsp; via&nbsp; <b>{{method_name}} </b>has been Processed Successfully.<b><br></b></div><div><b><br></b></div><div><b>Details of your withdraw:<br></b></div><div><br></div><div>Amount : {{amount}} {{currency}}</div><div>Charge: <font color=\"#FF0000\">{{charge}} {{currency}}</font></div><div><br></div><div>Conversion Rate : 1 {{currency}} = {{rate}} {{method_currency}}</div><div>You will get: {{method_amount}} {{method_currency}} <br></div><div>Via :&nbsp; {{method_name}}</div><div><br></div><div>Transaction Number : {{trx}}</div><div><br></div><div>-----</div><div><br></div><div><font size=\"4\">Details of Processed Payment :</font></div><div><font size=\"4\"><b>{{admin_details}}</b></font></div><div><br></div><div><br><br><br><br><br></div>', 'Admin Approve Your {{amount}} {{currency}} withdraw request by {{method}}. Transaction {{transaction}}', '{\"trx\":\"Transaction Number\",\"amount\":\"Request Amount By user\",\"charge\":\"Gateway Charge\",\"currency\":\"Site Currency\",\"rate\":\"Conversion Rate\",\"method_name\":\"Deposit Method Name\",\"method_currency\":\"Deposit Method Currency\",\"method_amount\":\"Deposit Method Amount After Conversion\", \"admin_details\":\"Details Provided By Admin\"}', 1, 1, '2020-06-10 18:00:00', '2020-06-06 18:00:00'),
(215, 'BAL_ADD', 'Balance Add by Admin', 'Your Account has been Credited', '<div>{{amount}} {{currency}} has been added to your account .</div><div><br></div><div>Transaction Number : {{trx}}</div><div><br></div>Your Current Balance is : <font size=\"3\"><b>{{post_balance}}&nbsp; {{currency}}</b></font>', '{{amount}} {{currency}} credited in your account. Your Current Balance {{remaining_balance}} {{currency}} . Transaction: #{{trx}}', '{\"trx\":\"Transaction Number\",\"amount\":\"Request Amount By Admin\",\"currency\":\"Site Currency\", \"post_balance\":\"Users Balance After this operation\"}', 1, 1, '2019-09-14 19:14:22', '2019-11-10 09:07:12'),
(216, 'BAL_SUB', 'Balance Subtracted by Admin', 'Your Account has been Debited', '<div>{{amount}} {{currency}} has been subtracted from your account .</div><div><br></div><div>Transaction Number : {{trx}}</div><div><br></div>Your Current Balance is : <font size=\"3\"><b>{{post_balance}}&nbsp; {{currency}}</b></font>', '{{amount}} {{currency}} debited from your account. Your Current Balance {{remaining_balance}} {{currency}} . Transaction: #{{trx}}', '{\"trx\":\"Transaction Number\",\"amount\":\"Request Amount By Admin\",\"currency\":\"Site Currency\", \"post_balance\":\"Users Balance After this operation\"}', 1, 1, '2019-09-14 19:14:22', '2019-11-10 09:07:12'),
(217, 'matching_bonus', 'Matching bonus', 'Binary Commission', 'Congratulation, You get  {{amount}} {{currency}}&nbsp; For BV {{paid_bv}}. And your current balance is {{post_balance}}&nbsp;<span style=\"color: rgb(33, 37, 41);\">&nbsp;{{currency}}</span>. Transaction number {{trx}}.', 'Congratulation, You get {{amount}} {{currency}}  For BV {{paid_bv}}. And your current balance is {{post_balance}}  {{currency}}.', ' {\r\n                \"amount\":\"matching bonus amount\",\r\n                \"paid_bv\":\"For BV\",\r\n                \"post_balance\":\" After Balance\",\r\n                \"currency\":\"Site Currency\",\r\n                \"trx\":\"Transaction number\"\r\n            }', 1, 1, '2019-09-14 19:14:22', '2019-11-10 09:07:12'),
(218, 'plan_purchased', 'Plan Purchased', 'Plan Purchased successfully', 'Congratulation, you successfully&nbsp;Purchased {{plan}},&nbsp; {{amount}} {{currency}}&nbsp; And your current balance is {{post_balance}}&nbsp;<span style=\"color: rgb(33, 37, 41);\">&nbsp;{{currency}}</span>. Transaction number {{trx}}', 'Congratulation, you successfully Purchased {{plan}},  {{amount}} {{currency}}  And your current balance is {{post_balance}}  {{currency}}. Transaction number {{trx}}', ' {\r\n                    \"plan\":\"Plan name\",\r\n                    \"amount\":\"Plan price\",\r\n                \"post_balance\":\" After Balance\",\r\n                \"currency\":\"Site Currency\",\r\n                \"trx\":\"Transaction number\"\r\n            }', 1, 1, '2019-09-14 19:14:22', '2019-11-10 09:07:12'),
(220, 'referral_commission', 'Referral Commission', 'Referral Commission', '<font color=\"#212529\">Congratulation, you get </font>Referral <font color=\"#212529\">Commission from user {{username}} ,&nbsp; &nbsp;{{amount}} {{currency}}&nbsp; And your current balance is {{post_balance}}&nbsp;</font><span style=\"color: rgb(33, 37, 41);\">&nbsp;{{currency}}</span><span style=\"color: rgb(33, 37, 41);\">. Transaction number {{trx}}</span>', 'Congratulation, you get Referral Commission from user {{username}} ,   {{amount}} {{currency}}  And your current balance is {{post_balance}}  {{currency}}. Transaction number {{trx}}', ' {\r\n                    \"username\":\"commission From user\",\r\n                    \"amount\":\"Plan price\",\r\n                \"post_balance\":\" After Balance\",\r\n                \"currency\":\"Site Currency\",\r\n                \"trx\":\"Transaction number\"\r\n            }', 1, 1, '2019-09-14 19:14:22', '2019-11-10 09:07:12'),
(221, 'BAL_SEND', 'Balance Send', 'Balance Transfer Successfully', '<div>Balance transferred successfully complete. You send  {{amount}} {{currency}}  to  {{username}}  And charge to transfer  {{charge}}  {{currency}} .</div><div><br></div><div>Transaction number {{trx}} .<br></div><div><br></div><div> Your Current Balance is {{balance_now}}  {{currency}}.</div>', 'Balance transferred successfully complete. You send {{amount}} {{currency}} to {{username}} And charge to transfer {{charge}} {{currency}} .\r\n\r\nTransaction number {{trx}} .\r\n\r\nYour Current Balance is {{balance_now}} {{currency}}.', '{\"amount\":\"Send Amount\", \"username\":\"Receiver Username\",\"charge\":\"Transfer charge\" ,\"balance_now\":\" After Balance\", \"currency\":\"currency\",\"trx\":\"Transaction number\"}', 1, 1, '2019-09-14 19:14:22', '2019-11-10 09:07:12'),
(222, 'BAL_RECEIVE', 'Balance Received', 'Balance Received Successfully', 'Balance received successfully. You got {{amount}} \r\n{{currency}} from&nbsp; {{username}}  And charge to transfer  {{charge}}  \r\n{{currency}} .<div><div><br></div><div>Transaction number {{trx}} .<br></div><div><br></div><div> Your Current Balance is {{balance_now}}  {{currency}}.</div></div>', 'Balance received successfully. You got {{amount}} {{currency}} from  {{username}} And charge to transfer {{charge}} {{currency}} .\r\n\r\nTransaction number {{trx}} .\r\n\r\nYour Current Balance is {{balance_now}} {{currency}}.', '{\"amount\":\"Received Amount\", \"username\":\"Sender Username\",\"charge\":\"Transfer charge\" ,\"balance_now\":\" After Balance\", \"currency\":\"currency\",\"trx\":\"Transaction number\"}', 1, 1, '2019-09-14 19:14:22', '2019-11-10 09:07:12');

-- --------------------------------------------------------

--
-- Table structure for table `extensions`
--

CREATE TABLE `extensions` (
  `id` int(10) UNSIGNED NOT NULL,
  `act` varchar(191) COLLATE utf8mb4_unicode_ci NOT NULL,
  `name` varchar(191) COLLATE utf8mb4_unicode_ci NOT NULL,
  `description` text COLLATE utf8mb4_unicode_ci DEFAULT NULL,
  `image` varchar(191) COLLATE utf8mb4_unicode_ci DEFAULT NULL,
  `script` text COLLATE utf8mb4_unicode_ci DEFAULT NULL,
  `shortcode` text COLLATE utf8mb4_unicode_ci DEFAULT NULL COMMENT 'object',
  `support` text COLLATE utf8mb4_unicode_ci DEFAULT NULL COMMENT 'help section',
  `status` tinyint(1) NOT NULL DEFAULT 1,
  `deleted_at` datetime DEFAULT NULL,
  `created_at` timestamp NULL DEFAULT NULL,
  `updated_at` timestamp NULL DEFAULT NULL
) ENGINE=InnoDB DEFAULT CHARSET=utf8mb4 COLLATE=utf8mb4_unicode_ci;

--
-- Dumping data for table `extensions`
--

INSERT INTO `extensions` (`id`, `act`, `name`, `description`, `image`, `script`, `shortcode`, `support`, `status`, `deleted_at`, `created_at`, `updated_at`) VALUES
(1, 'tawk-chat', 'Tawk.to', 'Key location is shown bellow', 'tawky_big.png', '<script>\r\n                        var Tawk_API=Tawk_API||{}, Tawk_LoadStart=new Date();\r\n                        (function(){\r\n                        var s1=document.createElement(\"script\"),s0=document.getElementsByTagName(\"script\")[0];\r\n                        s1.async=true;\r\n                        s1.src=\"https://embed.tawk.to/{{app_key}}\";\r\n                        s1.charset=\"UTF-8\";\r\n                        s1.setAttribute(\"crossorigin\",\"*\");\r\n                        s0.parentNode.insertBefore(s1,s0);\r\n                        })();\r\n                    </script>', '{\"app_key\":{\"title\":\"App Key\",\"value\":\"58dd135ef7bbaa7\\/default\"}}', 'twak.png', 1, NULL, '2019-10-18 23:16:05', '2021-04-08 06:19:13'),
(2, 'google-recaptcha2', 'Google Recaptcha 2', 'Key location is shown bellow', 'recaptcha3.png', '\r\n<script src=\"https://www.google.com/recaptcha/api.js\"></script>\r\n<div class=\"g-recaptcha\" data-sitekey=\"{{sitekey}}\" data-callback=\"verifyCaptcha\"></div>\r\n<div id=\"g-recaptcha-error\"></div>', '{\"sitekey\":{\"title\":\"Site Key\",\"value\":\"AIzaSyBuLe-IVfElV12OapOjXApKdgkqRy1-C-Y\"}}', 'recaptcha.png', 0, NULL, '2019-10-18 23:16:05', '2021-08-15 22:45:12'),
(3, 'custom-captcha', 'Custom Captcha', 'Just Put Any Random String', 'customcaptcha.png', NULL, '{\"random_key\":{\"title\":\"Random String\",\"value\":\"SecureString\"}}', 'na', 1, NULL, '2019-10-18 23:16:05', '2021-04-08 06:18:54'),
(4, 'google-analytics', 'Google Analytics', 'Key location is shown bellow', 'google-analytics.png', '<script async src=\"https://www.googletagmanager.com/gtag/js?id={{app_key}}\"></script>\r\n                <script>\r\n                  window.dataLayer = window.dataLayer || [];\r\n                  function gtag(){dataLayer.push(arguments);}\r\n                  gtag(\"js\", new Date());\r\n                \r\n                  gtag(\"config\", \"{{app_key}}\");\r\n                </script>', '{\"app_key\":{\"title\":\"App Key\",\"value\":\"Demo\"}}', 'ganalytics.png', 1, NULL, NULL, '2020-07-21 01:07:30'),
(5, 'fb-comment', 'Facebook Comment ', 'Key location is shown bellow', 'Facebook.png', '<div id=\"fb-root\"></div><script async defer crossorigin=\"anonymous\" src=\"https://connect.facebook.net/en_GB/sdk.js#xfbml=1&version=v4.0&appId={{app_key}}&autoLogAppEvents=1\"></script>', '{\"app_key\":{\"title\":\"App Key\",\"value\":\"713047905830100\"}}', 'fb_com.PNG', 1, NULL, NULL, '2021-03-28 00:07:08');

-- --------------------------------------------------------

--
-- Table structure for table `frontends`
--

CREATE TABLE `frontends` (
  `id` int(10) UNSIGNED NOT NULL,
  `data_keys` varchar(40) COLLATE utf8mb4_unicode_ci NOT NULL,
  `data_values` text COLLATE utf8mb4_unicode_ci DEFAULT NULL,
  `created_at` timestamp NULL DEFAULT NULL,
  `updated_at` timestamp NULL DEFAULT NULL
) ENGINE=InnoDB DEFAULT CHARSET=utf8mb4 COLLATE=utf8mb4_unicode_ci;

--
-- Dumping data for table `frontends`
--

INSERT INTO `frontends` (`id`, `data_keys`, `data_values`, `created_at`, `updated_at`) VALUES
(1, 'seo.data', '{\"seo_image\":\"1\",\"keywords\":[\"admin\",\"blog\",\"manage\",\"mlm\",\"mlmlab\",\"binary mlm\",\"php mlm\",\"safeworld1\",\"world\",\"safe\",\"Trade\",\"investment\",\"best\"],\"description\":\"Safe World 1 is Crypto investment platform,.\\nSafe Invest to earn best profit.\",\"social_title\":\"Safe World\",\"social_description\":\"Safe World 1\",\"image\":\"60e1b3f74293d1625404407.jpg\"}', '2020-07-04 23:42:52', '2021-08-12 14:39:11'),
(24, 'about.content', '{\"has_image\":\"1\",\"heading\":\"About Us\",\"video_link\":\"https:\\/\\/youtu.be\\/m5kTcWDxvCc\",\"description\":\"<div style=\\\"text-align:justify;\\\"><div><p style=\\\"margin-right:0px;margin-bottom:10px;margin-left:0px;padding:0px;border:0px;line-height:1.5;font-family:Helvetica, sans-serif;font-size:13px;vertical-align:baseline;color:#000000;\\\">Safe World 1, an \\\"investment company\\\" is a company (corporation, business trust, partnership, or limited liability company) that issues securities and is primarily engaged in the business of investing in securities.<\\/p><p style=\\\"margin-right:0px;margin-bottom:10px;margin-left:0px;padding:0px;border:0px;line-height:1.5;font-family:Helvetica, sans-serif;font-size:13px;vertical-align:baseline;color:#000000;\\\">An investment company invests the money it receives from investors on a collective basis, and each investor shares in the profits and losses in proportion to the investor\'s interest in the investment company. The performance of the investment company will be based on (but it won\'t be identical to) the performance of the securities and other assets that the investment company owns.<\\/p><p style=\\\"margin-right:0px;margin-bottom:10px;margin-left:0px;padding:0px;border:0px;line-height:1.5;font-family:Helvetica, sans-serif;font-size:13px;vertical-align:baseline;color:#000000;\\\">The federal securities laws categorize investment companies into three basic types:<\\/p><ul style=\\\"margin-bottom:10px;margin-left:20px;padding-left:20px;border:0px;line-height:inherit;font-family:Helvetica, sans-serif;font-size:13px;vertical-align:baseline;list-style-type:disc;clear:both;color:rgb(16,31,54);\\\"><li style=\\\"margin:0px 0px 5px;padding:0px;border:0px;font-style:inherit;font-variant:inherit;font-weight:inherit;line-height:1.5;font-family:inherit;font-size:13px;vertical-align:baseline;color:#000000;\\\"><a href=\\\"https:\\/\\/www.sec.gov\\/answers\\/mutfund.htm\\\" style=\\\"margin:0px;padding:0px;border:0px;font-style:inherit;font-variant:inherit;font-weight:inherit;line-height:inherit;font-family:inherit;font-size:13px;vertical-align:baseline;color:rgb(47,100,178);\\\">Mutual funds<\\/a>\\u00a0(legally known as open-end companies);<\\/li><li style=\\\"margin:0px 0px 5px;padding:0px;border:0px;font-style:inherit;font-variant:inherit;font-weight:inherit;line-height:1.5;font-family:inherit;font-size:13px;vertical-align:baseline;color:#000000;\\\"><a href=\\\"https:\\/\\/www.sec.gov\\/answers\\/mfclose.htm\\\" style=\\\"margin:0px;padding:0px;border:0px;font-style:inherit;font-variant:inherit;font-weight:inherit;line-height:inherit;font-family:inherit;font-size:13px;vertical-align:baseline;color:rgb(47,100,178);\\\">Closed-end funds<\\/a>\\u00a0(legally known as closed-end companies);<\\/li><li style=\\\"margin:0px 0px 5px;padding:0px;border:0px;font-style:inherit;font-variant:inherit;font-weight:inherit;line-height:1.5;font-family:inherit;font-size:13px;vertical-align:baseline;color:#000000;\\\"><a href=\\\"https:\\/\\/www.sec.gov\\/answers\\/uit.htm\\\" style=\\\"margin:0px;padding:0px;border:0px;font-style:inherit;font-variant:inherit;font-weight:inherit;line-height:inherit;font-family:inherit;font-size:13px;vertical-align:baseline;color:rgb(47,100,178);\\\">UITs<\\/a>\\u00a0(legally known as unit investment trusts).<\\/li><\\/ul><p style=\\\"margin-right:0px;margin-bottom:10px;margin-left:0px;padding:0px;border:0px;line-height:1.5;font-family:Helvetica, sans-serif;font-size:13px;vertical-align:baseline;color:#000000;\\\">Each type has its own unique features. For example, mutual fund and UIT shares are \\\"redeemable\\\" (meaning that when investors want to sell their shares, they sell them back to the fund or trust, or to a broker acting for the fund or trust, at their approximate\\u00a0<a href=\\\"https:\\/\\/www.sec.gov\\/answers\\/nav.htm\\\" style=\\\"margin:0px;padding:0px;border:0px;font-style:inherit;font-variant:inherit;font-weight:inherit;line-height:inherit;font-family:inherit;font-size:13px;vertical-align:baseline;color:rgb(47,100,178);\\\">net asset value<\\/a>). Closed-end fund shares, on the other hand, generally are not redeemable. Instead, when closed-end fund investors want to sell their shares, they generally sell them to other investors on the secondary market, at a price determined by the market. In addition, there are variations within each type of investment company, such as\\u00a0<a href=\\\"https:\\/\\/www.sec.gov\\/answers\\/mfstock.htm\\\" style=\\\"margin:0px;padding:0px;border:0px;font-style:inherit;font-variant:inherit;font-weight:inherit;line-height:inherit;font-family:inherit;font-size:13px;vertical-align:baseline;color:rgb(47,100,178);\\\">stock funds<\\/a>,\\u00a0<a href=\\\"https:\\/\\/www.sec.gov\\/answers\\/bondfunds.htm\\\" style=\\\"margin:0px;padding:0px;border:0px;font-style:inherit;font-variant:inherit;font-weight:inherit;line-height:inherit;font-family:inherit;font-size:13px;vertical-align:baseline;color:rgb(47,100,178);\\\">bond funds<\\/a>,\\u00a0<a href=\\\"https:\\/\\/www.sec.gov\\/answers\\/mfmmkt.htm\\\" style=\\\"margin:0px;padding:0px;border:0px;font-style:inherit;font-variant:inherit;font-weight:inherit;line-height:inherit;font-family:inherit;font-size:13px;vertical-align:baseline;color:rgb(47,100,178);\\\">money market funds<\\/a>,\\u00a0<a href=\\\"https:\\/\\/www.sec.gov\\/answers\\/indexf.htm\\\" style=\\\"margin:0px;padding:0px;border:0px;font-style:inherit;font-variant:inherit;font-weight:inherit;line-height:inherit;font-family:inherit;font-size:13px;vertical-align:baseline;color:rgb(47,100,178);\\\">index funds<\\/a>,\\u00a0<a href=\\\"https:\\/\\/www.sec.gov\\/answers\\/mfinter.htm\\\" style=\\\"margin:0px;padding:0px;border:0px;font-style:inherit;font-variant:inherit;font-weight:inherit;line-height:inherit;font-family:inherit;font-size:13px;vertical-align:baseline;color:rgb(47,100,178);\\\">interval funds<\\/a>, and\\u00a0<a href=\\\"https:\\/\\/www.sec.gov\\/answers\\/etf.htm\\\" style=\\\"margin:0px;padding:0px;border:0px;font-style:inherit;font-variant:inherit;font-weight:inherit;line-height:inherit;font-family:inherit;font-size:13px;vertical-align:baseline;color:rgb(47,100,178);\\\">exchange-traded funds (ETFs)<\\/a>.<\\/p><p style=\\\"margin-right:0px;margin-bottom:10px;margin-left:0px;padding:0px;border:0px;line-height:1.5;font-family:Helvetica, sans-serif;font-size:13px;vertical-align:baseline;color:#000000;\\\">Some types of companies that might initially appear to be investment companies may actually be excluded under the federal securities laws. For example, private investment funds with no more than 100 investors and private investment funds whose investors each have a substantial amount of investment assets are not considered to be investment companies\\u2014even though they issue securities and are primarily engaged in the business of investing in securities. This may be because of the private nature of their offerings or the financial means and sophistication of their investors. For additional information on these types of private investment funds, please refer to\\u00a0<a href=\\\"https:\\/\\/www.sec.gov\\/answers\\/hedge.htm\\\" style=\\\"margin:0px;padding:0px;border:0px;font-style:inherit;font-variant:inherit;font-weight:inherit;line-height:inherit;font-family:inherit;font-size:13px;vertical-align:baseline;color:rgb(47,100,178);\\\">Hedge Funds<\\/a>\\u00a0in our Fast Answers databank.<\\/p><p style=\\\"margin-right:0px;margin-bottom:10px;margin-left:0px;padding:0px;border:0px;line-height:1.5;font-family:Helvetica, sans-serif;font-size:13px;vertical-align:baseline;color:#000000;\\\">Before purchasing shares of an investment company, you should carefully\\u00a0<a href=\\\"https:\\/\\/www.sec.gov\\/answers\\/mfinfo.htm\\\" style=\\\"margin:0px;padding:0px;border:0px;font-style:inherit;font-variant:inherit;font-weight:inherit;line-height:inherit;font-family:inherit;font-size:13px;vertical-align:baseline;color:rgb(47,100,178);\\\">read all of a fund\'s available information<\\/a>, including its prospectus and most recent shareholder report.<\\/p><p style=\\\"margin-right:0px;margin-bottom:10px;margin-left:0px;padding:0px;border:0px;line-height:1.5;font-family:Helvetica, sans-serif;font-size:13px;vertical-align:baseline;color:#000000;\\\">Investment companies are regulated primarily under the Investment Company Act of 1940 and the rules and registration forms adopted under that Act. Investment companies are also subject to the Securities Act of 1933 and the Securities Exchange Act of 1934. For the definition of \\\"investment company,\\\" you should refer to\\u00a0<a href=\\\"https:\\/\\/www.sec.gov\\/about\\/laws\\/ica40.pdf\\\" style=\\\"margin:0px;padding:0px;border:0px;font-style:inherit;font-variant:inherit;font-weight:inherit;line-height:inherit;font-family:inherit;font-size:13px;vertical-align:baseline;color:rgb(47,100,178);\\\">Section 3 of the Investment Company Act of 1940<\\/a>\\u00a0and the rules under that section.<\\/p><\\/div><div><br \\/><\\/div><\\/div><blockquote style=\\\"margin:0 0 0 40px;border:none;padding:0px;\\\"><\\/blockquote><blockquote style=\\\"margin:0 0 0 40px;border:none;padding:0px;\\\"><\\/blockquote><blockquote style=\\\"margin:0 0 0 40px;border:none;padding:0px;\\\"><\\/blockquote><blockquote style=\\\"margin:0 0 0 40px;border:none;padding:0px;\\\"><\\/blockquote>\",\"background_image\":\"61195f7c9b0a81629052796.png\"}', '2020-10-28 00:51:20', '2021-08-15 21:48:49'),
(25, 'blog.content', '{\"heading\":\"Latest News\",\"sub_heading\":\"Welcome! Please check our latest news and article here...\"}', '2020-10-28 00:51:34', '2020-12-12 16:01:51'),
(27, 'contact_us.content', '{\"has_image\":\"1\",\"title\":\"Contact Information\",\"short_details\":\"We are here for you always! please fill up the information and feel free ask if you have any query.\",\"email_address\":\"support@safeworld1.com\",\"contact_details\":\"Safe World 1\",\"contact_number\":\"#\",\"background_image\":\"607144211bf0c1618035745.png\"}', '2020-10-28 00:59:19', '2021-07-03 22:48:58'),
(28, 'counter.content', '{\"has_image\":\"1\",\"background_image\":\"6119e1fa1f2b41629086202.jpg\"}', '2020-10-28 01:04:02', '2021-08-15 21:56:42'),
(31, 'social_icon.element', '{\"title\":\"Facebook Page\",\"social_icon\":\"<i class=\\\"lab la-facebook\\\"><\\/i>\",\"url\":\"https:\\/\\/www.facebook.com\\/110133204662221\\/\"}', '2020-11-12 04:07:30', '2021-07-03 15:11:02'),
(33, 'service.content', '{\"heading\":\"Our Services\",\"sub_heading\":\"This secured website with a user-friendly interface and support of various languages is a breeze to use. Additionally, this site has both desktop and mobile views!!\"}', '2020-12-01 00:47:44', '2020-12-12 15:19:41'),
(34, 'service.element', '{\"icon\":\"<i class=\\\"fas fa-hand-holding-heart\\\"><\\/i>\",\"title\":\"Profitable\",\"description\":\"You can get the golden opportunity to actually win a lot of profit here.\"}', '2020-12-01 00:48:27', '2020-12-12 14:28:18'),
(35, 'service.element', '{\"icon\":\"<i class=\\\"fas fa-lock\\\"><\\/i>\",\"title\":\"Secure\",\"description\":\"Gives ultimate security with 2FA authentication with this system\"}', '2020-12-01 00:48:38', '2020-12-12 14:27:27'),
(37, 'service.element', '{\"icon\":\"<i class=\\\"fab fa-btc\\\"><\\/i>\",\"title\":\"Crypto\",\"description\":\"Cryptocurrency stored on our servers is covered by our insurance policy.\"}', '2020-12-01 00:49:41', '2020-12-12 14:25:13'),
(38, 'service.element', '{\"icon\":\"<i class=\\\"far fa-life-ring\\\"><\\/i>\",\"title\":\"Support\",\"description\":\"We always provide the best \\nsupport to all our users.\"}', '2020-12-01 00:50:03', '2020-12-12 14:41:18'),
(39, 'service.element', '{\"icon\":\"<i class=\\\"fas fa-globe-americas\\\"><\\/i>\",\"title\":\"Global\",\"description\":\"We support a variety of the most popular digital currencies.\"}', '2020-12-01 00:50:37', '2020-12-12 14:20:11'),
(40, 'how_it_works.content', '{\"heading\":\"How It\'s Work\",\"sub_heading\":\"This secured website with a user-friendly interface and support of various languages is a breeze to use. Additionally, this site has both desktop and mobile views!!\"}', '2020-12-01 00:51:07', '2021-04-10 00:04:56'),
(41, 'how_it_works.element', '{\"icon\":\"<i class=\\\"fas fa-money-bill-wave\\\"><\\/i>\",\"title\":\"Get Paid\",\"description\":\"Each member will get a commission by adding a new member. So it\'s a profitable process for all.\"}', '2020-12-01 00:52:11', '2020-12-12 18:22:40'),
(42, 'how_it_works.element', '{\"icon\":\"<i class=\\\"fas fa-users\\\"><\\/i>\",\"title\":\"Bring People\",\"description\":\"The strategy is new members sponsored by distributors are added either on the left or right leg.\"}', '2020-12-01 00:52:26', '2020-12-12 18:19:23'),
(43, 'how_it_works.element', '{\"icon\":\"<i class=\\\"fas fa-user-edit\\\"><\\/i>\",\"title\":\"Sign Up\",\"description\":\"Just click the register button on the website and fill up all the information there and get your account.\"}', '2020-12-01 00:52:57', '2020-12-17 14:37:09'),
(44, 'team.content', '{\"heading\":\".\",\"sub_heading\":\".\"}', '2020-12-01 00:53:36', '2021-07-14 12:32:59'),
(49, 'mlmPlan.content', '{\"has_image\":\"1\",\"heading\":\"Pricing Plan\",\"sub_heading\":\"Our pricing plans are very simple and attractive, have a check!\",\"background_image\":\"608116bd3561b1619072701.jpg\"}', '2020-12-01 01:04:48', '2021-04-22 00:25:01'),
(50, 'latestTrx.content', '{\"heading\":\"Our Latest Transaction\",\"sub_heading\":\"At this website, making deposits and widthway is simple and straight forward and hardly takes up any of your time. We are constantly striving to offer you, even more, deposit and withdraw options and to make the process even easier.\"}', '2020-12-01 01:05:37', '2020-12-13 12:44:29'),
(52, 'counter.element', '{\"title\":\"Total Invest\",\"counter_digit\":\"9M+\"}', '2020-12-01 01:09:49', '2020-12-01 01:09:49'),
(53, 'counter.element', '{\"title\":\"Total Deposit\",\"counter_digit\":\"10M+\"}', '2020-12-01 01:10:07', '2020-12-01 01:10:07'),
(54, 'counter.element', '{\"title\":\"Total Withdraw\",\"counter_digit\":\"8M+\"}', '2020-12-01 01:10:20', '2020-12-01 01:10:20'),
(55, 'counter.element', '{\"title\":\"Total Users\",\"counter_digit\":\"1300+\"}', '2020-12-01 01:10:33', '2020-12-01 01:10:40'),
(56, 'testimonial.content', '{\"heading\":\"Our Happy Client\",\"sub_heading\":\"We always care for our clients, lets see what\'s their opinion about us.\"}', '2020-12-01 01:11:00', '2020-12-12 15:53:38'),
(57, 'testimonial.element', '{\"has_image\":[\"1\"],\"author\":\"Author\",\"designation\":\"Designation\",\"quote\":\"Lorem Ipsum Dolor Sit Amet, Consectetur Adipisicing Elit. Alias Est Maiores Quo Tempora Illum Quibusdam, Incidunt Aspernatur, Voluptatem Maxime!\",\"image\":\"6071448a67af51618035850.png\"}', '2020-12-01 01:12:36', '2021-04-10 00:24:10'),
(58, 'testimonial.element', '{\"has_image\":[\"1\"],\"author\":\"Author\",\"designation\":\"Designation\",\"quote\":\"Lorem Ipsum Dolor Sit Amet, Consectetur Adipisicing Elit. Alias Est Maiores Quo Tempora Illum Quibusdam, Incidunt Aspernatur, Voluptatem Maxime!\",\"image\":\"60714495aad841618035861.jpg\"}', '2020-12-01 01:12:38', '2021-04-10 00:24:21'),
(59, 'testimonial.element', '{\"has_image\":[\"1\"],\"author\":\"Author\",\"designation\":\"Designation\",\"quote\":\"Lorem Ipsum Dolor Sit Amet, Consectetur Adipisicing Elit. Alias Est Maiores Quo Tempora Illum Quibusdam, Incidunt Aspernatur, Voluptatem Maxime!\",\"image\":\"6071449a232ed1618035866.jpg\"}', '2020-12-01 01:12:39', '2021-04-10 00:24:26'),
(60, 'testimonial.element', '{\"has_image\":[\"1\"],\"author\":\"Author\",\"designation\":\"Designation\",\"quote\":\"Lorem Ipsum Dolor Sit Amet, Consectetur Adipisicing Elit. Alias Est Maiores Quo Tempora Illum Quibusdam, Incidunt Aspernatur, Voluptatem Maxime!\",\"image\":\"607144a9eb3ab1618035881.jpg\"}', '2020-12-01 01:12:45', '2021-04-10 00:24:42'),
(61, 'subscribe.content', '{\"has_image\":\"1\",\"heading\":\"DON\'T FORGET TO SUBSCRIBE OUR NEWSLETTER\",\"background_image\":\"60e1aa44979b91625401924.jpg\"}', '2020-12-01 01:14:58', '2021-07-04 06:32:04'),
(68, 'footer_section.content', '{\"website_footer\":\"We are a worldwide trusted company . This secured website with a user-friendly interface and support of various languages is a breeze to use. Additionally, this site has both desktop and mobile.\",\"copyright\":\"Copyright \\u00a9 2021. All Rights Reserved\"}', '2020-12-01 01:23:24', '2021-08-19 13:43:31'),
(70, 'marketing_tool.element', '{\"title\":\"Binary MLM calculator\",\"description\":\"<p style=\\\"margin:-10px 0px 15px;padding:0px;text-align:justify;\\\"><font color=\\\"#555555\\\" face=\\\"Roboto, sans-serif\\\" size=\\\"4\\\">Yes, the binary plan has been popular since the early days and the calculations were made manually. However, a binary system calculation with many networkers is a clutter-job. The emergence of binary calculators or simulators resolved this difficulty.<\\/font><\\/p><p style=\\\"margin:-10px 0px 15px;padding:0px;text-align:justify;\\\"><font color=\\\"#555555\\\" face=\\\"Roboto, sans-serif\\\" size=\\\"4\\\">By providing the necessary input on the binary calculator like the package details, compensations, and other expenses, an output can be simulated.<\\/font><\\/p>\"}', '2020-12-01 01:24:08', '2020-12-13 12:27:42'),
(71, 'marketing_tool.element', '{\"title\":\"Hybrid binary plan\",\"description\":\"<p class=\\\"text-s-1-2\\\" style=\\\"margin-bottom:1rem;line-height:2rem;color:rgb(49,49,49);letter-spacing:0.26px;word-spacing:1px;font-family:Gordita, \'Helvetica Neue\', Helvetica, sans-serif;\\\"><font size=\\\"4\\\">A binary plan can be modified by combining with other compensation plans.\\u00a0<span class=\\\"font-weight-medium\\\">Why should an MLM company go for a hybrid plan?<\\/span><\\/font><\\/p><p class=\\\"text-s-1-2\\\" style=\\\"margin-bottom:1rem;line-height:2rem;color:rgb(49,49,49);letter-spacing:0.26px;word-spacing:1px;font-family:Gordita, \'Helvetica Neue\', Helvetica, sans-serif;\\\"><span style=\\\"font-size:large;color:rgb(49,49,49);letter-spacing:0.26px;\\\">MLM company strategies vary and they might even have their own custom plan to add in the existing binary plan. The plans are chosen by analyzing the present marketing situations. With the best marketing plan, companies can become popular and beneficial in productivity.<\\/span><\\/p>\"}', '2020-12-01 01:24:08', '2020-12-13 12:29:42'),
(72, 'marketing_tool.element', '{\"title\":\"Advantages\\/Benefits of Binary MLM Plan\",\"description\":\"<p style=\\\"margin:-10px 0px 15px;padding:0px;\\\"><font face=\\\"Gordita, Helvetica Neue, Helvetica, sans-serif\\\" size=\\\"4\\\"><span style=\\\"letter-spacing:0.26px;word-spacing:1px;\\\">Inside leg placement: Inside leg placement is used to balance the legs in the binary tree. Distributors will add new members to the weak leg to balance the sales volume and active participation is assured.<\\/span><\\/font><\\/p><p style=\\\"margin:-10px 0px 15px;padding:0px;\\\"><font face=\\\"Gordita, Helvetica Neue, Helvetica, sans-serif\\\" size=\\\"4\\\"><span style=\\\"letter-spacing:0.26px;word-spacing:1px;\\\">Cycle point: A minimum sales volume is set for commission payment by binary companies. The pay leg must meet this volume or else the commission won\\u2019t be commenced until it meets the cycle point.<\\/span><\\/font><\\/p><p style=\\\"margin:-10px 0px 15px;padding:0px;\\\"><font face=\\\"Gordita, Helvetica Neue, Helvetica, sans-serif\\\" size=\\\"4\\\"><span style=\\\"letter-spacing:0.26px;word-spacing:1px;\\\">Individual volume threshold: A sales volume threshold is set to make sure every distributor contributes to the binary business.<\\/span><\\/font><\\/p><p style=\\\"margin:-10px 0px 15px;padding:0px;\\\"><font face=\\\"Gordita, Helvetica Neue, Helvetica, sans-serif\\\" size=\\\"4\\\"><span style=\\\"letter-spacing:0.26px;word-spacing:1px;\\\">Leg flush: MLM companies can flush out both weak and strong leg sales or reset sales volume to zero<\\/span><\\/font><\\/p>\"}', '2020-12-01 01:24:11', '2020-12-13 12:25:55'),
(73, 'faq.content', '{\"heading\":\"A Frequently Asked Questions\",\"sub_heading\":\"We always care for our clients, we have tried to answer some frequent questions about your business\"}', '2020-12-01 01:24:57', '2020-12-13 12:12:35'),
(74, 'faq.element', '{\"question\":\"How to making a withdrawal?\",\"answer\":\"You can make a withdrawal from the Withdraw page. Where possible we are required to send funds back to the payment method that was used to deposit the original funds.\\nFor further details relating to processing times and any applicable fees, please refer to the Withdrawals section of our Payments page.\\nYou can make a withdrawal from the Withdraw page. Where possible we are required to send funds back to the payment method that was used to deposit the original funds.\\nFor further details relating to processing times and any applicable fees, please refer to the Withdrawals section of our Payments page.\"}', '2020-12-01 01:25:16', '2020-12-13 12:17:03'),
(75, 'faq.element', '{\"question\":\"I have not received my withdrawal\",\"answer\":\"The processing time for your withdrawal will vary depending on your payment method.\\nYou can view further information on withdrawal clearance times by visiting our Payment Method page. If you are unable to locate your withdrawal after the processing time has passed, please Contact Us.\"}', '2020-12-01 01:25:21', '2020-12-13 12:16:14'),
(76, 'faq.element', '{\"question\":\"Advantages\\/Benefits of Binary MLM Plan\",\"answer\":\"Unlimited depth: Binary plan allows distributors to add members to unlimited levels and earn a high income.\\n\\nGroup work: With left leg or right spilling preferences, the distributors become active as they have to balance the tree for compensations.\\n\\nQuick growth: Binary plan offers quick business growth opportunities.\\n\\nCarry forward: Unpaid sales volume (SV) after present binary payout cycle is carry forward for the next binary payout cycle.\\n\\nSpillover: New members after completing the first level is spilled over to the unlimited downline levels.\"}', '2020-12-01 01:25:27', '2020-12-13 12:14:34'),
(77, 'faq.element', '{\"question\":\"How Does the Binary MLM Plan Works?\",\"answer\":\"Binary MLM plan is a network marketing compensation strategy used by many top-performing MLM companies. The new members sponsored by distributors are added either on the left or right leg. Upon adding two new members on either side of the subtree, a binary tree gets formed.\\n\\nAll the new members referred after forming a binary tree gets spilled to the downlines.\\n\\nNote: Distributors become a part of the binary plan by purchasing an enrollment package. The enrollment package here means either a service or a list of products. The distributor buys the package and becomes a part of the binary MLM company.\"}', '2020-12-01 01:25:33', '2020-12-13 12:13:23'),
(78, 'faq.element', '{\"question\":\"What is a Binary MLM Plan?\",\"answer\":\"The binary MLM plan is defined as a compensation plan that consists of two legs (left &amp; right) or subtrees under every distributor. Upon adding subtrees, a binary tree gets formed. New members joining after them are spilled over to the downlines or next business level.\"}', '2020-12-01 01:25:42', '2020-12-13 12:10:24'),
(79, 'sign_up.content', '{\"has_image\":\"1\",\"title\":\"Create Your Account\",\"short_details\":\"Haven\'t registered yet! don\'t worry just fillip all the information below and get your account now.\",\"login_section_title\":\"Well Come To Safe World 1\",\"login_section_short_details\":\"Already have an account?\",\"background_image\":\"60e0d844ca3a51625348164.jpg\"}', '2020-12-01 01:28:59', '2021-07-03 15:36:04'),
(80, 'sign_in.content', '{\"has_image\":\"1\",\"title\":\"Login Account\",\"short_details\":\"To login into the site please enter your username and password\",\"register_section_title\":\"Well Come To Safe World 1\",\"register_section_short_details\":\"Haven\'t registered yet! don\'t worry just fillip all the information below and get your account now.\",\"background_image\":\"60e0d7f9bddcc1625348089.jpg\"}', '2020-12-01 01:29:34', '2021-07-03 15:34:50'),
(81, 'terms_conditions.content', '{\"title\":\"Below are the Terms &amp; Conditions by which we operate at MLM Ltd.\",\"description\":\"<h5 class=\\\"title\\\" style=\\\"margin-top:-7px;margin-bottom:8px;font-weight:600;line-height:1.3;font-size:24px;color:rgb(15,25,50);font-family:Poppins, sans-serif;\\\">Terms &amp; Conditions<\\/h5><div class=\\\"entry-content\\\" style=\\\"color:rgb(85,85,85);\\\"><p style=\\\"font-family:Roboto, sans-serif;margin-top:-10px;margin-bottom:32px;\\\"><\\/p><p style=\\\"margin-bottom:16px;color:rgb(17,17,17);\\\"><font size=\\\"3\\\" face=\\\"times new roman\\\">GENERAL TERMS &amp; CONDITIONS OF BUSINESS<br \\/><\\/font><font size=\\\"3\\\" face=\\\"times new roman\\\">1. Terms and Conditions<br \\/><\\/font><span style=\\\"color:rgb(17,17,17);\\\"><font size=\\\"3\\\" face=\\\"times new roman\\\">1.1 All and any business is undertaken by Projects Limited is transacted subject to the terms and conditions hereinafter set out, each of which will be incorporated or implied in any agreement between Projects and the Client.<br \\/><\\/font><\\/span><font size=\\\"3\\\" face=\\\"times new roman\\\">1.2 In the event of a conflict between these terms and conditions and any other terms and conditions, the former shall prevail unless otherwise expressly agreed by Projects in writing.<br \\/><\\/font><font size=\\\"3\\\" face=\\\"times new roman\\\">1.3 Projects is acting in the capacity of an employment agency. Any amendments to these terms and conditions must be in writing and signed by an authorized representative of Projects.<br \\/><\\/font><font size=\\\"3\\\" face=\\\"times new roman\\\">1.4 The Client is deemed to have accepted these terms and conditions of business upon the arrangement of an interview, or the interview of a Candidate Introduced by Projects whether effected by Projects directly or by the Client.<\\/font><\\/p><h3 style=\\\"font-family:\'Open Sans\', Arial, sans-serif;margin-top:15px;margin-bottom:15px;font-weight:700;line-height:1.3;font-size:14px;color:rgb(0,0,0);padding:0px;\\\"><\\/h3><p style=\\\"margin-bottom:16px;color:rgb(17,17,17);font-family:\'Open Sans\';font-size:16px;\\\">\\u201cCandidate\\u201d<\\/p><p style=\\\"margin-bottom:16px;color:rgb(17,17,17);font-family:\'Open Sans\';font-size:16px;\\\">Means any person, firm or body corporate together with any subsidiary, group or associated company (as defined by the Companies Act 1985) Introduced by Projectus to the Client or by the Client to a Qualifying Third Person with a view to the Client or a Qualifying Third Person offering Employment.<\\/p><p style=\\\"margin-bottom:16px;color:rgb(17,17,17);font-family:\'Open Sans\';font-size:16px;\\\">\\u201cClient\\u201d<\\/p><p style=\\\"margin-bottom:16px;color:rgb(17,17,17);font-family:\'Open Sans\';font-size:16px;\\\">Means the person, firm or body corporate together with any subsidiary, group or associated company (as defined by the Companies Act 1985) to whom an Introduction is made<\\/p><p style=\\\"margin-bottom:16px;color:rgb(17,17,17);font-family:\'Open Sans\';font-size:16px;\\\">\\u201cCommencement of Employment\\u201d<\\/p><p style=\\\"margin-bottom:16px;color:rgb(17,17,17);font-family:\'Open Sans\';font-size:16px;\\\">Means the first day of the Candidate\'s Employment or the first day the Candidate is entitled to any remuneration whichever is the sooner<\\/p><p style=\\\"margin-bottom:16px;color:rgb(17,17,17);font-family:\'Open Sans\';font-size:16px;\\\">\\u201cEmployment\\u201d<\\/p><p style=\\\"margin-bottom:16px;color:rgb(17,17,17);font-family:\'Open Sans\';font-size:16px;\\\">Means any employment by the Client or a Qualifying Third Person of the Candidate whether on PAYE, self employed or a contract for services either directly with the Candidate or through any body corporate or third party irrespective of whether the Employment is subject to a trial period and irrespective of whether the Employment is part time or full time. Employs, Employed and Employment shall be construed accordingly.<\\/p><p style=\\\"margin-bottom:16px;color:rgb(17,17,17);font-family:\'Open Sans\';font-size:16px;\\\">\\u201cEmployee of Projectus\\u201d<\\/p><p style=\\\"margin-bottom:16px;color:rgb(17,17,17);font-family:\'Open Sans\';font-size:16px;\\\">Means any person, firm or body corporate whom is employed by Projectus whether on PAYE, self employed or a contract for services either directly or through a Qualifying Third Person irrespective of whether the employment is subject to a trial period and irrespective of whether the employment is part time or full time.<\\/p><p style=\\\"margin-bottom:16px;color:rgb(17,17,17);font-family:\'Open Sans\';font-size:16px;\\\">\\u201cFee\\u201d<\\/p><p style=\\\"margin-bottom:16px;color:rgb(17,17,17);font-family:\'Open Sans\';font-size:16px;\\\">Shall mean 30% of the Total Salary plus VAT. The minimum Fee shall be \\u00a35,000 plus VAT<\\/p><p style=\\\"margin-bottom:16px;color:rgb(17,17,17);font-family:\'Open Sans\';font-size:16px;\\\">\\u201cInterest\\u201d<\\/p><p style=\\\"margin-bottom:16px;color:rgb(17,17,17);font-family:\'Open Sans\';font-size:16px;\\\">Means the rate of 2.5% above the Bank of England plc base rate, to be compounded monthly.<\\/p><\\/div>\"}', '2020-12-01 01:29:59', '2020-12-13 17:27:36'),
(82, 'slider.element', '{\"has_image\":[\"1\"],\"title\":\"Safeworld1\",\"subtitle\":\"safe invest platform\",\"left_button\":\"sign in\",\"left_button_link\":\"login\",\"right_button\":\"sign up\",\"right_button_link\":\"register\",\"description\":\"#\",\"background_image\":\"606ef184693bb1617883524.jpg\"}', '2020-12-01 02:07:41', '2021-07-09 11:27:24'),
(83, 'breadcrumb.content', '{\"has_image\":\"1\",\"background_image\":\"5fc60b6f0b76e1606814575.jpg\"}', '2020-12-01 03:22:55', '2020-12-01 03:22:55'),
(84, 'social_icon.element', '{\"title\":\"Twitter\",\"social_icon\":\"<i class=\\\"lab la-twitter\\\"><\\/i>\",\"url\":\"https:\\/\\/twitter.com\\/SafeWorld18?s=09\"}', '2020-12-05 01:00:59', '2021-07-03 15:15:38'),
(85, 'social_icon.element', '{\"title\":\"YouTube Channel\",\"social_icon\":\"<i class=\\\"fab fa-youtube\\\"><\\/i>\",\"url\":\"https:\\/\\/m.youtube.com\\/channel\\/UCz-ilCdkOwZdhKbG3ykMxEA\"}', '2020-12-05 01:01:07', '2021-07-03 14:52:54'),
(86, 'social_icon.element', '{\"title\":\"Instagram\",\"social_icon\":\"<i class=\\\"lab la-instagram\\\"><\\/i>\",\"url\":\"https:\\/\\/www.instagram.com\\/safewcoin\\/?utm_source=qr\"}', '2020-12-05 01:01:15', '2021-07-03 15:23:43'),
(87, 'social_icon.element', '{\"title\":\"telegram\",\"social_icon\":\"<i class=\\\"lab la-telegram-plane\\\"><\\/i>\",\"url\":\"https:\\/\\/t.me\\/joinchat\\/aRfJmGcEHIIyZGQ9\"}', '2020-12-05 01:02:49', '2021-07-03 14:34:16'),
(89, 'feature.content', '{\"heading\":\"Feature Overview\",\"sub_heading\":\"We support the most secure services and features. This secured website supports a user-friendly interface and various attractive features that ready to use.\"}', '2020-12-13 12:19:28', '2020-12-17 14:31:51'),
(90, 'feature.element', '{\"title\":\"Full Control\",\"description\":\"You will have full control over the system. This includes everything from investment plans to payment processor configuration.\",\"feature_icon\":\"<i class=\\\"las la-file-contract\\\"><\\/i>\"}', '2020-12-13 12:20:16', '2020-12-13 12:20:16'),
(93, 'slider.element', '{\"has_image\":[\"1\"],\"title\":\"Safeworld1\",\"subtitle\":\"safe invest platform\",\"left_button\":\"sign in\",\"left_button_link\":\"login\",\"right_button\":\"sign up\",\"right_button_link\":\"register\",\"description\":\"#\",\"background_image\":\"6119602bc25a61629052971.jpg\"}', '2021-04-10 01:08:45', '2021-08-15 12:42:51');

-- --------------------------------------------------------

--
-- Table structure for table `gateways`
--

CREATE TABLE `gateways` (
  `id` int(10) UNSIGNED NOT NULL,
  `code` int(11) DEFAULT NULL,
  `alias` varchar(191) COLLATE utf8mb4_unicode_ci NOT NULL DEFAULT 'NULL',
  `image` varchar(191) COLLATE utf8mb4_unicode_ci DEFAULT NULL,
  `name` varchar(191) COLLATE utf8mb4_unicode_ci NOT NULL,
  `status` tinyint(1) NOT NULL DEFAULT 1,
  `parameters` text COLLATE utf8mb4_unicode_ci DEFAULT NULL,
  `supported_currencies` text COLLATE utf8mb4_unicode_ci DEFAULT NULL,
  `crypto` tinyint(1) NOT NULL DEFAULT 0 COMMENT '0: fiat currency, 1: crypto currency',
  `extra` text COLLATE utf8mb4_unicode_ci DEFAULT NULL,
  `description` text COLLATE utf8mb4_unicode_ci DEFAULT NULL,
  `input_form` text COLLATE utf8mb4_unicode_ci DEFAULT NULL,
  `created_at` timestamp NULL DEFAULT NULL,
  `updated_at` timestamp NULL DEFAULT NULL
) ENGINE=InnoDB DEFAULT CHARSET=utf8mb4 COLLATE=utf8mb4_unicode_ci;

--
-- Dumping data for table `gateways`
--

INSERT INTO `gateways` (`id`, `code`, `alias`, `image`, `name`, `status`, `parameters`, `supported_currencies`, `crypto`, `extra`, `description`, `input_form`, `created_at`, `updated_at`) VALUES
(1, 101, 'paypal', '5f6f1bd8678601601117144.jpg', 'Paypal', 1, '{\"paypal_email\":{\"title\":\"PayPal Email\",\"global\":true,\"value\":\"sb-zlbi7986064@personal.example.com\"}}', '{\"AUD\":\"AUD\",\"BRL\":\"BRL\",\"CAD\":\"CAD\",\"CZK\":\"CZK\",\"DKK\":\"DKK\",\"EUR\":\"EUR\",\"HKD\":\"HKD\",\"HUF\":\"HUF\",\"INR\":\"INR\",\"ILS\":\"ILS\",\"JPY\":\"JPY\",\"MYR\":\"MYR\",\"MXN\":\"MXN\",\"TWD\":\"TWD\",\"NZD\":\"NZD\",\"NOK\":\"NOK\",\"PHP\":\"PHP\",\"PLN\":\"PLN\",\"GBP\":\"GBP\",\"RUB\":\"RUB\",\"SGD\":\"SGD\",\"SEK\":\"SEK\",\"CHF\":\"CHF\",\"THB\":\"THB\",\"USD\":\"$\"}', 0, NULL, NULL, NULL, '2019-09-14 13:14:22', '2021-01-17 03:02:44'),
(2, 102, 'perfect_money', '5f6f1d2a742211601117482.jpg', 'Perfect Money', 1, '{\"passphrase\":{\"title\":\"ALTERNATE PASSPHRASE\",\"global\":true,\"value\":\"6451561651551\"},\"wallet_id\":{\"title\":\"PM Wallet\",\"global\":false,\"value\":\"\"}}', '{\"USD\":\"$\",\"EUR\":\"\\u20ac\"}', 0, NULL, NULL, NULL, '2019-09-14 13:14:22', '2020-12-28 01:26:46'),
(3, 103, 'stripe', '5f6f1d4bc69e71601117515.jpg', 'Stripe Hosted', 1, '{\"secret_key\":{\"title\":\"Secret Key\",\"global\":true,\"value\":\"sk_test_51HuxFUHyGzEKoTKAfIosswAQduMOGU4q4elcNr8OE6LoBZcp2MHKalOW835wjRiF6fxVTc7RmBgatKfAt1Qq0heb00rUaCOd2T\"},\"publishable_key\":{\"title\":\"PUBLISHABLE KEY\",\"global\":true,\"value\":\"pk_test_51HuxFUHyGzEKoTKAueAuF9BrMDA5boMcpJLLt0vu4q3QdPX5isaGudKNe6OyVjZP1UugpYd6JA7i7TczRWsbutaP004YmBiSp5\"}}', '{\"USD\":\"USD\",\"AUD\":\"AUD\",\"BRL\":\"BRL\",\"CAD\":\"CAD\",\"CHF\":\"CHF\",\"DKK\":\"DKK\",\"EUR\":\"EUR\",\"GBP\":\"GBP\",\"HKD\":\"HKD\",\"INR\":\"INR\",\"JPY\":\"JPY\",\"MXN\":\"MXN\",\"MYR\":\"MYR\",\"NOK\":\"NOK\",\"NZD\":\"NZD\",\"PLN\":\"PLN\",\"SEK\":\"SEK\",\"SGD\":\"SGD\"}', 0, NULL, NULL, NULL, '2019-09-14 13:14:22', '2020-12-28 01:26:49'),
(4, 104, 'skrill', '5f6f1d41257181601117505.jpg', 'Skrill', 1, '{\"pay_to_email\":{\"title\":\"Skrill Email\",\"global\":true,\"value\":\"merchant@skrill.com\"},\"secret_key\":{\"title\":\"Secret Key\",\"global\":true,\"value\":\"---\"}}', '{\"AED\":\"AED\",\"AUD\":\"AUD\",\"BGN\":\"BGN\",\"BHD\":\"BHD\",\"CAD\":\"CAD\",\"CHF\":\"CHF\",\"CZK\":\"CZK\",\"DKK\":\"DKK\",\"EUR\":\"EUR\",\"GBP\":\"GBP\",\"HKD\":\"HKD\",\"HRK\":\"HRK\",\"HUF\":\"HUF\",\"ILS\":\"ILS\",\"INR\":\"INR\",\"ISK\":\"ISK\",\"JOD\":\"JOD\",\"JPY\":\"JPY\",\"KRW\":\"KRW\",\"KWD\":\"KWD\",\"MAD\":\"MAD\",\"MYR\":\"MYR\",\"NOK\":\"NOK\",\"NZD\":\"NZD\",\"OMR\":\"OMR\",\"PLN\":\"PLN\",\"QAR\":\"QAR\",\"RON\":\"RON\",\"RSD\":\"RSD\",\"SAR\":\"SAR\",\"SEK\":\"SEK\",\"SGD\":\"SGD\",\"THB\":\"THB\",\"TND\":\"TND\",\"TRY\":\"TRY\",\"TWD\":\"TWD\",\"USD\":\"USD\",\"ZAR\":\"ZAR\",\"COP\":\"COP\"}', 0, NULL, NULL, NULL, '2019-09-14 13:14:22', '2020-12-28 01:26:52'),
(5, 105, 'paytm', '5f6f1d1d3ec731601117469.jpg', 'PayTM', 1, '{\"MID\":{\"title\":\"Merchant ID\",\"global\":true,\"value\":\"DIY12386817555501617\"},\"merchant_key\":{\"title\":\"Merchant Key\",\"global\":true,\"value\":\"bKMfNxPPf_QdZppa\"},\"WEBSITE\":{\"title\":\"Paytm Website\",\"global\":true,\"value\":\"DIYtestingweb\"},\"INDUSTRY_TYPE_ID\":{\"title\":\"Industry Type\",\"global\":true,\"value\":\"Retail\"},\"CHANNEL_ID\":{\"title\":\"CHANNEL ID\",\"global\":true,\"value\":\"WEB\"},\"transaction_url\":{\"title\":\"Transaction URL\",\"global\":true,\"value\":\"https:\\/\\/pguat.paytm.com\\/oltp-web\\/processTransaction\"},\"transaction_status_url\":{\"title\":\"Transaction STATUS URL\",\"global\":true,\"value\":\"https:\\/\\/pguat.paytm.com\\/paytmchecksum\\/paytmCallback.jsp\"}}', '{\"AUD\":\"AUD\",\"ARS\":\"ARS\",\"BDT\":\"BDT\",\"BRL\":\"BRL\",\"BGN\":\"BGN\",\"CAD\":\"CAD\",\"CLP\":\"CLP\",\"CNY\":\"CNY\",\"COP\":\"COP\",\"HRK\":\"HRK\",\"CZK\":\"CZK\",\"DKK\":\"DKK\",\"EGP\":\"EGP\",\"EUR\":\"EUR\",\"GEL\":\"GEL\",\"GHS\":\"GHS\",\"HKD\":\"HKD\",\"HUF\":\"HUF\",\"INR\":\"INR\",\"IDR\":\"IDR\",\"ILS\":\"ILS\",\"JPY\":\"JPY\",\"KES\":\"KES\",\"MYR\":\"MYR\",\"MXN\":\"MXN\",\"MAD\":\"MAD\",\"NPR\":\"NPR\",\"NZD\":\"NZD\",\"NGN\":\"NGN\",\"NOK\":\"NOK\",\"PKR\":\"PKR\",\"PEN\":\"PEN\",\"PHP\":\"PHP\",\"PLN\":\"PLN\",\"RON\":\"RON\",\"RUB\":\"RUB\",\"SGD\":\"SGD\",\"ZAR\":\"ZAR\",\"KRW\":\"KRW\",\"LKR\":\"LKR\",\"SEK\":\"SEK\",\"CHF\":\"CHF\",\"THB\":\"THB\",\"TRY\":\"TRY\",\"UGX\":\"UGX\",\"UAH\":\"UAH\",\"AED\":\"AED\",\"GBP\":\"GBP\",\"USD\":\"USD\",\"VND\":\"VND\",\"XOF\":\"XOF\"}', 0, NULL, NULL, NULL, '2019-09-14 13:14:22', '2020-12-28 01:26:54'),
(6, 106, 'payeer', '5f6f1bc61518b1601117126.jpg', 'Payeer', 1, '{\"merchant_id\":{\"title\":\"Merchant ID\",\"global\":true,\"value\":\"866989763\"},\"secret_key\":{\"title\":\"Secret key\",\"global\":true,\"value\":\"7575\"}}', '{\"USD\":\"USD\",\"EUR\":\"EUR\",\"RUB\":\"RUB\"}', 0, '{\"status\":{\"title\": \"Status URL\",\"value\":\"ipn.payeer\"}}', NULL, NULL, '2019-09-14 13:14:22', '2020-12-28 01:26:58'),
(7, 107, 'paystack', '5f7096563dfb71601214038.jpg', 'PayStack', 1, '{\"public_key\":{\"title\":\"Public key\",\"global\":true,\"value\":\"pk_test_3c9c87f51b13c15d99eb367ca6ebc52cc9eb1f33\"},\"secret_key\":{\"title\":\"Secret key\",\"global\":true,\"value\":\"sk_test_2a3f97a146ab5694801f993b60fcb81cd7254f12\"}}', '{\"USD\":\"USD\",\"NGN\":\"NGN\"}', 0, '{\"callback\":{\"title\": \"Callback URL\",\"value\":\"ipn.paystack\"},\"webhook\":{\"title\": \"Webhook URL\",\"value\":\"ipn.paystack\"}}\r\n', NULL, NULL, '2019-09-14 13:14:22', '2020-12-28 01:25:38'),
(8, 108, 'voguepay', '5f6f1d5951a111601117529.jpg', 'VoguePay', 1, '{\"merchant_id\":{\"title\":\"MERCHANT ID\",\"global\":true,\"value\":\"demo\"}}', '{\"USD\":\"USD\",\"GBP\":\"GBP\",\"EUR\":\"EUR\",\"GHS\":\"GHS\",\"NGN\":\"NGN\",\"ZAR\":\"ZAR\"}', 0, NULL, NULL, NULL, '2019-09-14 13:14:22', '2020-09-26 04:52:09'),
(9, 109, 'flutterwave', '5f6f1b9e4bb961601117086.jpg', 'Flutterwave', 1, '{\"public_key\":{\"title\":\"Public Key\",\"global\":true,\"value\":\"demo_publisher_key\"},\"secret_key\":{\"title\":\"Secret Key\",\"global\":true,\"value\":\"demo_secret_key\"},\"encryption_key\":{\"title\":\"Encryption Key\",\"global\":true,\"value\":\"demo_encryption_key\"}}', '{\"BIF\":\"BIF\",\"CAD\":\"CAD\",\"CDF\":\"CDF\",\"CVE\":\"CVE\",\"EUR\":\"EUR\",\"GBP\":\"GBP\",\"GHS\":\"GHS\",\"GMD\":\"GMD\",\"GNF\":\"GNF\",\"KES\":\"KES\",\"LRD\":\"LRD\",\"MWK\":\"MWK\",\"MZN\":\"MZN\",\"NGN\":\"NGN\",\"RWF\":\"RWF\",\"SLL\":\"SLL\",\"STD\":\"STD\",\"TZS\":\"TZS\",\"UGX\":\"UGX\",\"USD\":\"USD\",\"XAF\":\"XAF\",\"XOF\":\"XOF\",\"ZMK\":\"ZMK\",\"ZMW\":\"ZMW\",\"ZWD\":\"ZWD\"}', 0, NULL, NULL, NULL, '2019-09-14 13:14:22', '2021-01-04 03:29:50'),
(10, 110, 'razorpay', '5f6f1d3672dd61601117494.jpg', 'RazorPay', 1, '{\"key_id\":{\"title\":\"Key Id\",\"global\":true,\"value\":\"rzp_test_kiOtejPbRZU90E\"},\"key_secret\":{\"title\":\"Key Secret \",\"global\":true,\"value\":\"osRDebzEqbsE1kbyQJ4y0re7\"}}', '{\"INR\":\"INR\"}', 0, NULL, NULL, NULL, '2019-09-14 13:14:22', '2020-09-26 04:51:34'),
(11, 111, 'stripe_js', '5f7096a31ed9a1601214115.jpg', 'Stripe Storefront', 1, '{\"secret_key\":{\"title\":\"Secret Key\",\"global\":true,\"value\":\"sk_test_51HuxFUHyGzEKoTKAfIosswAQduMOGU4q4elcNr8OE6LoBZcp2MHKalOW835wjRiF6fxVTc7RmBgatKfAt1Qq0heb00rUaCOd2T\"},\"publishable_key\":{\"title\":\"PUBLISHABLE KEY\",\"global\":true,\"value\":\"pk_test_51HuxFUHyGzEKoTKAueAuF9BrMDA5boMcpJLLt0vu4q3QdPX5isaGudKNe6OyVjZP1UugpYd6JA7i7TczRWsbutaP004YmBiSp5\"}}', '{\"USD\":\"USD\",\"AUD\":\"AUD\",\"BRL\":\"BRL\",\"CAD\":\"CAD\",\"CHF\":\"CHF\",\"DKK\":\"DKK\",\"EUR\":\"EUR\",\"GBP\":\"GBP\",\"HKD\":\"HKD\",\"INR\":\"INR\",\"JPY\":\"JPY\",\"MXN\":\"MXN\",\"MYR\":\"MYR\",\"NOK\":\"NOK\",\"NZD\":\"NZD\",\"PLN\":\"PLN\",\"SEK\":\"SEK\",\"SGD\":\"SGD\"}', 0, NULL, NULL, NULL, '2019-09-14 13:14:22', '2020-12-05 03:56:20'),
(12, 112, 'instamojo', '5f6f1babbdbb31601117099.jpg', 'Instamojo', 1, '{\"api_key\":{\"title\":\"API KEY\",\"global\":true,\"value\":\"test_2241633c3bc44a3de84a3b33969\"},\"auth_token\":{\"title\":\"Auth Token\",\"global\":true,\"value\":\"test_279f083f7bebefd35217feef22d\"},\"salt\":{\"title\":\"Salt\",\"global\":true,\"value\":\"19d38908eeff4f58b2ddda2c6d86ca25\"}}', '{\"INR\":\"INR\"}', 0, NULL, NULL, NULL, '2019-09-14 13:14:22', '2020-09-26 04:44:59'),
(13, 501, 'blockchain', '5f6f1b2b20c6f1601116971.jpg', 'Blockchain', 1, '{\"api_key\":{\"title\":\"API Key\",\"global\":true,\"value\":\"55529946-05ca-48ff-8710-f279d86b1cc5\"},\"xpub_code\":{\"title\":\"XPUB CODE\",\"global\":true,\"value\":\"xpub6CKQ3xxWyBoFAF83izZCSFUorptEU9AF8TezhtWeMU5oefjX3sFSBw62Lr9iHXPkXmDQJJiHZeTRtD9Vzt8grAYRhvbz4nEvBu3QKELVzFK\"}}', '{\"BTC\":\"BTC\"}', 1, NULL, NULL, NULL, '2019-09-14 13:14:22', '2021-01-31 06:55:45'),
(14, 502, 'blockio', '5f6f19432bedf1601116483.jpg', 'Block.io', 1, '{\"api_key\":{\"title\":\"API Key\",\"global\":false,\"value\":\"1658-8015-2e5e-9afb\"},\"api_pin\":{\"title\":\"API PIN\",\"global\":true,\"value\":\"covidvai2020\"}}', '{\"BTC\":\"BTC\",\"LTC\":\"LTC\",\"DOGE\":\"DOGE\"}', 1, '{\"cron\":{\"title\": \"Cron URL\",\"value\":\"ipn.blockio\"}}', NULL, NULL, '2019-09-14 13:14:22', '2021-01-03 23:19:59'),
(15, 503, 'coinpayments', '5f6f1b6c02ecd1601117036.jpg', 'CoinPayments', 1, '{\"public_key\":{\"title\":\"Public Key\",\"global\":true,\"value\":\"7638eebaf4061b7f7cdfceb14046318bbdabf7e2f64944773d6550bd59f70274\"},\"private_key\":{\"title\":\"Private Key\",\"global\":true,\"value\":\"Cb6dee7af8Eb9E0D4123543E690dA3673294147A5Dc8e7a621B5d484a3803207\"},\"merchant_id\":{\"title\":\"Merchant ID\",\"global\":true,\"value\":\"93a1e014c4ad60a7980b4a7239673cb4\"}}', '{\"BTC\":\"Bitcoin\",\"BTC.LN\":\"Bitcoin (Lightning Network)\",\"LTC\":\"Litecoin\",\"CPS\":\"CPS Coin\",\"VLX\":\"Velas\",\"APL\":\"Apollo\",\"AYA\":\"Aryacoin\",\"BAD\":\"Badcoin\",\"BCD\":\"Bitcoin Diamond\",\"BCH\":\"Bitcoin Cash\",\"BCN\":\"Bytecoin\",\"BEAM\":\"BEAM\",\"BITB\":\"Bean Cash\",\"BLK\":\"BlackCoin\",\"BSV\":\"Bitcoin SV\",\"BTAD\":\"Bitcoin Adult\",\"BTG\":\"Bitcoin Gold\",\"BTT\":\"BitTorrent\",\"CLOAK\":\"CloakCoin\",\"CLUB\":\"ClubCoin\",\"CRW\":\"Crown\",\"CRYP\":\"CrypticCoin\",\"CRYT\":\"CryTrExCoin\",\"CURE\":\"CureCoin\",\"DASH\":\"DASH\",\"DCR\":\"Decred\",\"DEV\":\"DeviantCoin\",\"DGB\":\"DigiByte\",\"DOGE\":\"Dogecoin\",\"EBST\":\"eBoost\",\"EOS\":\"EOS\",\"ETC\":\"Ether Classic\",\"ETH\":\"Ethereum\",\"ETN\":\"Electroneum\",\"EUNO\":\"EUNO\",\"EXP\":\"EXP\",\"Expanse\":\"Expanse\",\"FLASH\":\"FLASH\",\"GAME\":\"GameCredits\",\"GLC\":\"Goldcoin\",\"GRS\":\"Groestlcoin\",\"KMD\":\"Komodo\",\"LOKI\":\"LOKI\",\"LSK\":\"LSK\",\"MAID\":\"MaidSafeCoin\",\"MUE\":\"MonetaryUnit\",\"NAV\":\"NAV Coin\",\"NEO\":\"NEO\",\"NMC\":\"Namecoin\",\"NVST\":\"NVO Token\",\"NXT\":\"NXT\",\"OMNI\":\"OMNI\",\"PINK\":\"PinkCoin\",\"PIVX\":\"PIVX\",\"POT\":\"PotCoin\",\"PPC\":\"Peercoin\",\"PROC\":\"ProCurrency\",\"PURA\":\"PURA\",\"QTUM\":\"QTUM\",\"RES\":\"Resistance\",\"RVN\":\"Ravencoin\",\"RVR\":\"RevolutionVR\",\"SBD\":\"Steem Dollars\",\"SMART\":\"SmartCash\",\"SOXAX\":\"SOXAX\",\"STEEM\":\"STEEM\",\"STRAT\":\"STRAT\",\"SYS\":\"Syscoin\",\"TPAY\":\"TokenPay\",\"TRIGGERS\":\"Triggers\",\"TRX\":\" TRON\",\"UBQ\":\"Ubiq\",\"UNIT\":\"UniversalCurrency\",\"USDT\":\"Tether USD (Omni Layer)\",\"VTC\":\"Vertcoin\",\"WAVES\":\"Waves\",\"XCP\":\"Counterparty\",\"XEM\":\"NEM\",\"XMR\":\"Monero\",\"XSN\":\"Stakenet\",\"XSR\":\"SucreCoin\",\"XVG\":\"VERGE\",\"XZC\":\"ZCoin\",\"ZEC\":\"ZCash\",\"ZEN\":\"Horizen\"}', 1, NULL, NULL, NULL, '2019-09-14 13:14:22', '2020-09-26 04:43:56'),
(16, 504, 'coinpayments_fiat', '5f6f1b94e9b2b1601117076.jpg', 'CoinPayments Fiat', 1, '{\"merchant_id\":{\"title\":\"Merchant ID\",\"global\":true,\"value\":\"93a1e014c4ad60a7980b4a7239673cb4\"}}', '{\"USD\":\"USD\",\"AUD\":\"AUD\",\"BRL\":\"BRL\",\"CAD\":\"CAD\",\"CHF\":\"CHF\",\"CLP\":\"CLP\",\"CNY\":\"CNY\",\"DKK\":\"DKK\",\"EUR\":\"EUR\",\"GBP\":\"GBP\",\"HKD\":\"HKD\",\"INR\":\"INR\",\"ISK\":\"ISK\",\"JPY\":\"JPY\",\"KRW\":\"KRW\",\"NZD\":\"NZD\",\"PLN\":\"PLN\",\"RUB\":\"RUB\",\"SEK\":\"SEK\",\"SGD\":\"SGD\",\"THB\":\"THB\",\"TWD\":\"TWD\"}', 0, NULL, NULL, NULL, '2019-09-14 13:14:22', '2020-10-22 03:17:29'),
(17, 505, 'coingate', '5f6f1b5fe18ee1601117023.jpg', 'Coingate', 1, '{\"api_key\":{\"title\":\"API Key\",\"global\":true,\"value\":\"Ba1VgPx6d437xLXGKCBkmwVCEw5kHzRJ6thbGo-N\"}}', '{\"USD\":\"USD\",\"EUR\":\"EUR\"}', 0, NULL, NULL, NULL, '2019-09-14 13:14:22', '2020-09-26 04:43:44'),
(18, 506, 'coinbase_commerce', '5f6f1b4c774af1601117004.jpg', 'Coinbase Commerce', 1, '{\"api_key\":{\"title\":\"API Key\",\"global\":true,\"value\":\"c47cd7df-d8e8-424b-a20a\"},\"secret\":{\"title\":\"Webhook Shared Secret\",\"global\":true,\"value\":\"55871878-2c32-4f64-ab66\"}}', '{\"USD\":\"USD\",\"EUR\":\"EUR\",\"JPY\":\"JPY\",\"GBP\":\"GBP\",\"AUD\":\"AUD\",\"CAD\":\"CAD\",\"CHF\":\"CHF\",\"CNY\":\"CNY\",\"SEK\":\"SEK\",\"NZD\":\"NZD\",\"MXN\":\"MXN\",\"SGD\":\"SGD\",\"HKD\":\"HKD\",\"NOK\":\"NOK\",\"KRW\":\"KRW\",\"TRY\":\"TRY\",\"RUB\":\"RUB\",\"INR\":\"INR\",\"BRL\":\"BRL\",\"ZAR\":\"ZAR\",\"AED\":\"AED\",\"AFN\":\"AFN\",\"ALL\":\"ALL\",\"AMD\":\"AMD\",\"ANG\":\"ANG\",\"AOA\":\"AOA\",\"ARS\":\"ARS\",\"AWG\":\"AWG\",\"AZN\":\"AZN\",\"BAM\":\"BAM\",\"BBD\":\"BBD\",\"BDT\":\"BDT\",\"BGN\":\"BGN\",\"BHD\":\"BHD\",\"BIF\":\"BIF\",\"BMD\":\"BMD\",\"BND\":\"BND\",\"BOB\":\"BOB\",\"BSD\":\"BSD\",\"BTN\":\"BTN\",\"BWP\":\"BWP\",\"BYN\":\"BYN\",\"BZD\":\"BZD\",\"CDF\":\"CDF\",\"CLF\":\"CLF\",\"CLP\":\"CLP\",\"COP\":\"COP\",\"CRC\":\"CRC\",\"CUC\":\"CUC\",\"CUP\":\"CUP\",\"CVE\":\"CVE\",\"CZK\":\"CZK\",\"DJF\":\"DJF\",\"DKK\":\"DKK\",\"DOP\":\"DOP\",\"DZD\":\"DZD\",\"EGP\":\"EGP\",\"ERN\":\"ERN\",\"ETB\":\"ETB\",\"FJD\":\"FJD\",\"FKP\":\"FKP\",\"GEL\":\"GEL\",\"GGP\":\"GGP\",\"GHS\":\"GHS\",\"GIP\":\"GIP\",\"GMD\":\"GMD\",\"GNF\":\"GNF\",\"GTQ\":\"GTQ\",\"GYD\":\"GYD\",\"HNL\":\"HNL\",\"HRK\":\"HRK\",\"HTG\":\"HTG\",\"HUF\":\"HUF\",\"IDR\":\"IDR\",\"ILS\":\"ILS\",\"IMP\":\"IMP\",\"IQD\":\"IQD\",\"IRR\":\"IRR\",\"ISK\":\"ISK\",\"JEP\":\"JEP\",\"JMD\":\"JMD\",\"JOD\":\"JOD\",\"KES\":\"KES\",\"KGS\":\"KGS\",\"KHR\":\"KHR\",\"KMF\":\"KMF\",\"KPW\":\"KPW\",\"KWD\":\"KWD\",\"KYD\":\"KYD\",\"KZT\":\"KZT\",\"LAK\":\"LAK\",\"LBP\":\"LBP\",\"LKR\":\"LKR\",\"LRD\":\"LRD\",\"LSL\":\"LSL\",\"LYD\":\"LYD\",\"MAD\":\"MAD\",\"MDL\":\"MDL\",\"MGA\":\"MGA\",\"MKD\":\"MKD\",\"MMK\":\"MMK\",\"MNT\":\"MNT\",\"MOP\":\"MOP\",\"MRO\":\"MRO\",\"MUR\":\"MUR\",\"MVR\":\"MVR\",\"MWK\":\"MWK\",\"MYR\":\"MYR\",\"MZN\":\"MZN\",\"NAD\":\"NAD\",\"NGN\":\"NGN\",\"NIO\":\"NIO\",\"NPR\":\"NPR\",\"OMR\":\"OMR\",\"PAB\":\"PAB\",\"PEN\":\"PEN\",\"PGK\":\"PGK\",\"PHP\":\"PHP\",\"PKR\":\"PKR\",\"PLN\":\"PLN\",\"PYG\":\"PYG\",\"QAR\":\"QAR\",\"RON\":\"RON\",\"RSD\":\"RSD\",\"RWF\":\"RWF\",\"SAR\":\"SAR\",\"SBD\":\"SBD\",\"SCR\":\"SCR\",\"SDG\":\"SDG\",\"SHP\":\"SHP\",\"SLL\":\"SLL\",\"SOS\":\"SOS\",\"SRD\":\"SRD\",\"SSP\":\"SSP\",\"STD\":\"STD\",\"SVC\":\"SVC\",\"SYP\":\"SYP\",\"SZL\":\"SZL\",\"THB\":\"THB\",\"TJS\":\"TJS\",\"TMT\":\"TMT\",\"TND\":\"TND\",\"TOP\":\"TOP\",\"TTD\":\"TTD\",\"TWD\":\"TWD\",\"TZS\":\"TZS\",\"UAH\":\"UAH\",\"UGX\":\"UGX\",\"UYU\":\"UYU\",\"UZS\":\"UZS\",\"VEF\":\"VEF\",\"VND\":\"VND\",\"VUV\":\"VUV\",\"WST\":\"WST\",\"XAF\":\"XAF\",\"XAG\":\"XAG\",\"XAU\":\"XAU\",\"XCD\":\"XCD\",\"XDR\":\"XDR\",\"XOF\":\"XOF\",\"XPD\":\"XPD\",\"XPF\":\"XPF\",\"XPT\":\"XPT\",\"YER\":\"YER\",\"ZMW\":\"ZMW\",\"ZWL\":\"ZWL\"}\r\n\r\n', 0, '{\"endpoint\":{\"title\": \"Webhook Endpoint\",\"value\":\"ipn.coinbase_commerce\"}}', NULL, NULL, '2019-09-14 13:14:22', '2020-09-26 04:43:24'),
(24, 113, 'paypal_sdk', '5f6f1bec255c61601117164.jpg', 'Paypal Express', 1, '{\"clientId\":{\"title\":\"Paypal Client ID\",\"global\":true,\"value\":\"Ae0-tixtSV7DvLwIh3Bmu7JvHrjh5EfGdXr_cEklKAVjjezRZ747BxKILiBdzlKKyp-W8W_T7CKH1Ken\"},\"clientSecret\":{\"title\":\"Client Secret\",\"global\":true,\"value\":\"EOhbvHZgFNO21soQJT1L9Q00M3rK6PIEsdiTgXRBt2gtGtxwRer5JvKnVUGNU5oE63fFnjnYY7hq3HBA\"}}', '{\"AUD\":\"AUD\",\"BRL\":\"BRL\",\"CAD\":\"CAD\",\"CZK\":\"CZK\",\"DKK\":\"DKK\",\"EUR\":\"EUR\",\"HKD\":\"HKD\",\"HUF\":\"HUF\",\"INR\":\"INR\",\"ILS\":\"ILS\",\"JPY\":\"JPY\",\"MYR\":\"MYR\",\"MXN\":\"MXN\",\"TWD\":\"TWD\",\"NZD\":\"NZD\",\"NOK\":\"NOK\",\"PHP\":\"PHP\",\"PLN\":\"PLN\",\"GBP\":\"GBP\",\"RUB\":\"RUB\",\"SGD\":\"SGD\",\"SEK\":\"SEK\",\"CHF\":\"CHF\",\"THB\":\"THB\",\"USD\":\"$\"}', 0, NULL, NULL, NULL, '2019-09-14 13:14:22', '2020-10-31 23:50:27'),
(25, 114, 'stripe_v3', '5f709684736321601214084.jpg', 'Stripe Checkout', 1, '{\"secret_key\":{\"title\":\"Secret Key\",\"global\":true,\"value\":\"sk_test_51HuxFUHyGzEKoTKAfIosswAQduMOGU4q4elcNr8OE6LoBZcp2MHKalOW835wjRiF6fxVTc7RmBgatKfAt1Qq0heb00rUaCOd2T\"},\"publishable_key\":{\"title\":\"PUBLISHABLE KEY\",\"global\":true,\"value\":\"pk_test_51HuxFUHyGzEKoTKAueAuF9BrMDA5boMcpJLLt0vu4q3QdPX5isaGudKNe6OyVjZP1UugpYd6JA7i7TczRWsbutaP004YmBiSp5\"},\"end_point\":{\"title\":\"End Point Secret\",\"global\":true,\"value\":\"w5555\"}}', '{\"USD\":\"USD\",\"AUD\":\"AUD\",\"BRL\":\"BRL\",\"CAD\":\"CAD\",\"CHF\":\"CHF\",\"DKK\":\"DKK\",\"EUR\":\"EUR\",\"GBP\":\"GBP\",\"HKD\":\"HKD\",\"INR\":\"INR\",\"JPY\":\"JPY\",\"MXN\":\"MXN\",\"MYR\":\"MYR\",\"NOK\":\"NOK\",\"NZD\":\"NZD\",\"PLN\":\"PLN\",\"SEK\":\"SEK\",\"SGD\":\"SGD\"}', 0, '{\"webhook\":{\"title\": \"Webhook Endpoint\",\"value\":\"ipn.stripe_v3\"}}', NULL, NULL, '2019-09-14 13:14:22', '2020-12-05 03:56:14'),
(27, 115, 'mollie', '5f6f1bb765ab11601117111.jpg', 'Mollie', 1, '{\"mollie_email\":{\"title\":\"Mollie Email \",\"global\":true,\"value\":\"ronniearea@gmail.com\"},\"api_key\":{\"title\":\"API KEY\",\"global\":true,\"value\":\"test_cucfwKTWfft9s337qsVfn5CC4vNkrn\"}}', '{\"AED\":\"AED\",\"AUD\":\"AUD\",\"BGN\":\"BGN\",\"BRL\":\"BRL\",\"CAD\":\"CAD\",\"CHF\":\"CHF\",\"CZK\":\"CZK\",\"DKK\":\"DKK\",\"EUR\":\"EUR\",\"GBP\":\"GBP\",\"HKD\":\"HKD\",\"HRK\":\"HRK\",\"HUF\":\"HUF\",\"ILS\":\"ILS\",\"ISK\":\"ISK\",\"JPY\":\"JPY\",\"MXN\":\"MXN\",\"MYR\":\"MYR\",\"NOK\":\"NOK\",\"NZD\":\"NZD\",\"PHP\":\"PHP\",\"PLN\":\"PLN\",\"RON\":\"RON\",\"RUB\":\"RUB\",\"SEK\":\"SEK\",\"SGD\":\"SGD\",\"THB\":\"THB\",\"TWD\":\"TWD\",\"USD\":\"USD\",\"ZAR\":\"ZAR\"}', 0, NULL, NULL, NULL, '2019-09-14 13:14:22', '2020-09-26 04:45:11'),
(30, 116, 'cashmaal', '5f9a8b62bb4dd1603963746.png', 'Cashmaal', 1, '{\"web_id\":{\"title\":\"Web Id\",\"global\":true,\"value\":\"3748\"},\"ipn_key\":{\"title\":\"IPN Key\",\"global\":true,\"value\":\"546254628759524554647987\"}}', '{\"PKR\":\"PKR\",\"USD\":\"USD\"}', 0, '{\"webhook\":{\"title\": \"IPN URL\",\"value\":\"ipn.cashmaal\"}}', NULL, NULL, NULL, '2020-10-29 03:29:06'),
(32, 1000, 'safe_world', '60e1472f2aca91625376559.jpg', 'Safe World', 1, '[]', '[]', 0, NULL, '<div>Deposit Address (SafeW)</div><img src=\"https://i.imgur.com/bZIo4Ss.jpg\" width=\"283\"><span style=\"color: rgb(33, 37, 41); font-size: 1rem;\">3P7xt1jonDFVWqv5aFCQ64cQoAtorAAQw8G</span><div><br></div>', '{\"send_your_hash\\/\\/payment_id\":{\"field_name\":\"send_your_hash\\/\\/payment_id\",\"field_level\":\"Send your Hash\\/\\/Payment id\",\"type\":\"text\",\"validation\":\"required\"}}', '2021-07-03 23:17:06', '2021-07-04 06:46:16'),
(33, 1001, 'usdt', '6110f93d2fe5c1628502333.jpg', 'USDT', 1, '[]', '[]', 0, NULL, 'USDT TRC20<img src=\"https://i.imgur.com/MdAiVwL.jpg\" width=\"283\"><br><div>TNrcpTUg7TKvxyJsjnYqzjhvzMK7oFTANz<br></div>', '{\"payment_id\\/hash\":{\"field_name\":\"payment_id\\/hash\",\"field_level\":\"Payment id\\/Hash\",\"type\":\"text\",\"validation\":\"required\"}}', '2021-08-09 03:45:34', '2021-08-19 23:30:24');

-- --------------------------------------------------------

--
-- Table structure for table `gateway_currencies`
--

CREATE TABLE `gateway_currencies` (
  `id` int(10) UNSIGNED NOT NULL,
  `name` varchar(191) COLLATE utf8mb4_unicode_ci DEFAULT NULL,
  `currency` varchar(191) COLLATE utf8mb4_unicode_ci NOT NULL,
  `symbol` varchar(191) COLLATE utf8mb4_unicode_ci NOT NULL,
  `method_code` int(11) DEFAULT NULL,
  `gateway_alias` varchar(25) COLLATE utf8mb4_unicode_ci DEFAULT NULL,
  `min_amount` decimal(18,8) NOT NULL,
  `max_amount` decimal(18,8) NOT NULL,
  `percent_charge` decimal(5,2) NOT NULL DEFAULT 0.00,
  `fixed_charge` decimal(18,8) NOT NULL DEFAULT 0.00000000,
  `rate` decimal(18,8) NOT NULL DEFAULT 0.00000000,
  `image` varchar(191) COLLATE utf8mb4_unicode_ci DEFAULT NULL,
  `gateway_parameter` text COLLATE utf8mb4_unicode_ci DEFAULT NULL,
  `created_at` timestamp NULL DEFAULT NULL,
  `updated_at` timestamp NULL DEFAULT NULL
) ENGINE=InnoDB DEFAULT CHARSET=utf8mb4 COLLATE=utf8mb4_unicode_ci;

--
-- Dumping data for table `gateway_currencies`
--

INSERT INTO `gateway_currencies` (`id`, `name`, `currency`, `symbol`, `method_code`, `gateway_alias`, `min_amount`, `max_amount`, `percent_charge`, `fixed_charge`, `rate`, `image`, `gateway_parameter`, `created_at`, `updated_at`) VALUES
(1, 'Safe World', 'USD', '', 1000, 'safe_world', 50.00000000, 100000.00000000, 0.00, 0.00000000, 0.31000000, '60e1472f2aca91625376559.jpg', '{\"send_your_hash\\/\\/payment_id\":{\"field_name\":\"send_your_hash\\/\\/payment_id\",\"field_level\":\"Send your Hash\\/\\/Payment id\",\"type\":\"text\",\"validation\":\"required\"}}', '2021-07-03 23:17:07', '2021-08-19 23:24:47'),
(2, 'USDT', 'USD', '', 1001, 'usdt', 50.00000000, 100000.00000000, 0.00, 0.00000000, 0.31000000, '6110f93d2fe5c1628502333.jpg', '{\"payment_id\\/hash\":{\"field_name\":\"payment_id\\/hash\",\"field_level\":\"Payment id\\/Hash\",\"type\":\"text\",\"validation\":\"required\"}}', '2021-08-09 03:45:34', '2021-08-19 23:30:24');

-- --------------------------------------------------------

--
-- Table structure for table `general_settings`
--

CREATE TABLE `general_settings` (
  `id` bigint(20) UNSIGNED NOT NULL,
  `sitename` varchar(50) COLLATE utf8mb4_unicode_ci DEFAULT NULL,
  `cur_text` varchar(20) COLLATE utf8mb4_unicode_ci DEFAULT NULL COMMENT 'currency text',
  `cur_sym` varchar(20) COLLATE utf8mb4_unicode_ci DEFAULT NULL COMMENT 'currency symbol',
  `email_from` varchar(255) COLLATE utf8mb4_unicode_ci DEFAULT NULL,
  `email_template` text COLLATE utf8mb4_unicode_ci DEFAULT NULL,
  `sms_api` varchar(255) COLLATE utf8mb4_unicode_ci DEFAULT NULL,
  `base_color` varchar(10) COLLATE utf8mb4_unicode_ci DEFAULT NULL,
  `secondary_color` varchar(10) COLLATE utf8mb4_unicode_ci DEFAULT NULL,
  `mail_config` text COLLATE utf8mb4_unicode_ci DEFAULT NULL COMMENT 'email configuration',
  `ev` tinyint(1) NOT NULL DEFAULT 0 COMMENT 'email verification, 0 - dont check, 1 - check',
  `en` tinyint(1) NOT NULL DEFAULT 0 COMMENT 'email notification, 0 - dont send, 1 - send',
  `sv` tinyint(1) NOT NULL DEFAULT 0 COMMENT 'sms verication, 0 - dont check, 1 - check',
  `sn` tinyint(1) NOT NULL DEFAULT 0 COMMENT 'sms notification, 0 - dont send, 1 - send',
  `force_ssl` tinyint(4) NOT NULL DEFAULT 0,
  `secure_password` tinyint(4) NOT NULL DEFAULT 0,
  `registration` tinyint(1) NOT NULL DEFAULT 0 COMMENT '0: Off	, 1: On',
  `social_login` tinyint(1) NOT NULL DEFAULT 0 COMMENT 'social login',
  `social_credential` text COLLATE utf8mb4_unicode_ci DEFAULT NULL,
  `active_template` varchar(50) COLLATE utf8mb4_unicode_ci DEFAULT NULL,
  `sys_version` text COLLATE utf8mb4_unicode_ci DEFAULT NULL,
  `bv_price` varchar(50) COLLATE utf8mb4_unicode_ci DEFAULT NULL,
  `total_bv` varchar(50) COLLATE utf8mb4_unicode_ci DEFAULT NULL,
  `max_bv` int(11) DEFAULT NULL,
  `cary_flash` tinyint(1) DEFAULT NULL,
  `notice` blob DEFAULT NULL,
  `free_user_notice` blob DEFAULT NULL,
  `matching_bonus_time` varchar(50) COLLATE utf8mb4_unicode_ci DEFAULT NULL,
  `matching_when` varchar(50) COLLATE utf8mb4_unicode_ci DEFAULT NULL,
  `last_paid` datetime DEFAULT NULL,
  `last_cron` datetime DEFAULT NULL,
  `bal_trans_per_charge` decimal(18,8) NOT NULL DEFAULT 0.00000000,
  `bal_trans_fixed_charge` decimal(18,8) NOT NULL DEFAULT 0.00000000,
  `created_at` timestamp NULL DEFAULT NULL,
  `updated_at` timestamp NULL DEFAULT NULL
) ENGINE=InnoDB DEFAULT CHARSET=utf8mb4 COLLATE=utf8mb4_unicode_ci;

--
-- Dumping data for table `general_settings`
--

INSERT INTO `general_settings` (`id`, `sitename`, `cur_text`, `cur_sym`, `email_from`, `email_template`, `sms_api`, `base_color`, `secondary_color`, `mail_config`, `ev`, `en`, `sv`, `sn`, `force_ssl`, `secure_password`, `registration`, `social_login`, `social_credential`, `active_template`, `sys_version`, `bv_price`, `total_bv`, `max_bv`, `cary_flash`, `notice`, `free_user_notice`, `matching_bonus_time`, `matching_when`, `last_paid`, `last_cron`, `bal_trans_per_charge`, `bal_trans_fixed_charge`, `created_at`, `updated_at`) VALUES
(1, 'Safeworld1', 'SafeW', 'SafeW', 'support@safeworld1.com', '<table style=\"color: rgb(0, 0, 0); font-family: &quot;Times New Roman&quot;; font-size: medium; font-style: normal; font-variant-ligatures: normal; font-variant-caps: normal; font-weight: 400; letter-spacing: normal; orphans: 2; text-align: start; text-indent: 0px; text-transform: none; white-space: normal; widows: 2; word-spacing: 0px; -webkit-text-stroke-width: 0px; background-color: rgb(0, 23, 54); text-decoration-style: initial; text-decoration-color: initial;\" width=\"100%\" cellspacing=\"0\" cellpadding=\"0\" border=\"0\" bgcolor=\"#001736\"><tbody><tr><td valign=\"top\" align=\"center\"><table class=\"mobile-shell\" width=\"650\" cellspacing=\"0\" cellpadding=\"0\" border=\"0\"><tbody><tr><td class=\"td container\" style=\"width: 650px; min-width: 650px; line-height: 0pt; margin: 0px; padding: 55px 0px;\"><div style=\"font-size: 0pt; font-weight: normal; text-align: center;\"><img src=\"https://i.imgur.com/LjN3BiX.png\" style=\"font-size: 0pt; text-align: left;\" width=\"440\"></div><div style=\"text-align: center;\"><div style=\"text-align: left;\"><span style=\"font-size: 0px;\"><br></span></div><div style=\"text-align: left;\"><span style=\"font-size: 0px;\"><br></span></div><img style=\"font-size: 0pt; font-weight: normal; text-align: left;\"><img style=\"font-size: 0pt; font-weight: normal; text-align: left;\"><img style=\"font-size: 0pt; font-weight: normal; text-align: left;\"></div><table style=\"font-size: 0pt; font-weight: normal; width: 650px; margin: 0px auto;\" cellspacing=\"0\" cellpadding=\"0\" border=\"0\"><tbody><tr><td style=\"padding-bottom: 10px;\"><table width=\"100%\" cellspacing=\"0\" cellpadding=\"0\" border=\"0\"><tbody><tr><td class=\"tbrr p30-15\" style=\"padding: 60px 30px; border-radius: 26px 26px 0px 0px;\" bgcolor=\"#000036\"><table width=\"100%\" cellspacing=\"0\" cellpadding=\"0\" border=\"0\"><tbody><tr><td style=\"color: rgb(255, 255, 255); font-family: Muli, Arial, sans-serif; font-size: 20px; line-height: 46px; padding-bottom: 25px; font-weight: bold;\">Hi {{name}} ,</td></tr><tr><td style=\"color: rgb(193, 205, 220); font-family: Muli, Arial, sans-serif; font-size: 20px; line-height: 30px; padding-bottom: 25px;\">{{message}}</td></tr></tbody></table></td></tr></tbody></table></td></tr></tbody></table><table style=\"font-size: 0pt; font-weight: normal; width: 650px; margin: 0px auto;\" cellspacing=\"0\" cellpadding=\"0\" border=\"0\"><tbody><tr><td class=\"p30-15 bbrr\" style=\"padding: 50px 30px; border-radius: 0px 0px 26px 26px;\" bgcolor=\"#000036\"><table width=\"100%\" cellspacing=\"0\" cellpadding=\"0\" border=\"0\"><tbody><tr><td class=\"text-footer1 pb10\" style=\"color: rgb(0, 153, 255); font-family: Muli, Arial, sans-serif; font-size: 18px; line-height: 30px; text-align: center; padding-bottom: 10px;\"> 2021 Safe World. All Rights Reserved.</td></tr></tbody></table></td></tr></tbody></table></td></tr></tbody></table></td></tr></tbody></table>', 'http://api.infobip.com/api/v3/sendsms/plain?user=viserlab&password=26289099&sender=Lottery&SMSText={{message}}&GSM={{number}}&type=longSMS', '1e99ff', NULL, '{\"name\":\"smtp\",\"host\":\"mail.safeworld1.com\",\"port\":\"465\",\"enc\":\"ssl\",\"username\":\"support@safeworld1.com\",\"password\":\"stOCEb,4-6vN\"}', 1, 1, 0, 1, 1, 1, 1, 0, '{\"google_client_id\":\"53929591142-l40gafo7efd9onfe6tj545sf9g7tv15t.apps.googleusercontent.com\",\"google_client_secret\":\"BRdB3np2IgYLiy4-bwMcmOwN\",\"fb_client_id\":\"277229062999748\",\"fb_client_secret\":\"1acfc850f73d1955d14b282938585122\"}', 'basic', NULL, '1', '1', 10000, 2, 0x3c683520636c6173733d22636172642d7469746c6520746578742d7072696d61727922207374796c653d226d617267696e2d626f74746f6d3a20302e3572656d3b20666f6e742d7765696768743a203630303b206c696e652d6865696768743a20312e333b20666f6e742d73697a653a20323070783b20666f6e742d66616d696c793a202671756f743b4f70656e2053616e732671756f743b2c2073616e732d73657269663b2070616464696e673a203070783b207472616e736974696f6e3a20616c6c20302e337320656173652030733b20636f6c6f723a2072676228302c203137352c20323535292021696d706f7274616e743b223e57656c636f6d650d0a20746f2053616665776f726c643120686f6e6f7261626c6520637573746f6d6572732e576520617265207665727920686170707920746f20616e6e6f756e636520746861742077650d0a20617265206c61756e6368696e67207468652066616e746173746963206d6567612074726164696e6720696e766573746d656e7420706c6174666f726d2e20576520617265200d0a616c776179732077697468206f75722076616c7561626c6520637573746f6d65727320666f7220756c74696d6174652066696e616e6369616c20737570706f72742e204966200d0a616e792070726f626c656d20637265617465206f66206f757220637573746f6d65727320776520736f6c766520696d6d6564696174656c792026616d703b20667269656e646c792e0d0a204f757220737570706f7274207465616d20616c77617973207769746820796f752e5468616e6b733c2f68353e, 0x3c62723e, 'daily', '23', '2021-07-05 00:00:00', '2021-07-05 01:55:02', 0.00000000, 0.00000000, NULL, '2021-08-04 14:18:53');

-- --------------------------------------------------------

--
-- Table structure for table `languages`
--

CREATE TABLE `languages` (
  `id` int(10) UNSIGNED NOT NULL,
  `name` varchar(191) COLLATE utf8mb4_unicode_ci NOT NULL,
  `code` varchar(191) COLLATE utf8mb4_unicode_ci NOT NULL,
  `icon` varchar(191) COLLATE utf8mb4_unicode_ci DEFAULT NULL,
  `text_align` tinyint(4) NOT NULL DEFAULT 0 COMMENT '0: left to right text align, 1: right to left text align',
  `is_default` tinyint(4) NOT NULL DEFAULT 0 COMMENT '0: not default language, 1: default language',
  `created_at` timestamp NULL DEFAULT NULL,
  `updated_at` timestamp NULL DEFAULT NULL
) ENGINE=InnoDB DEFAULT CHARSET=utf8mb4 COLLATE=utf8mb4_unicode_ci;

--
-- Dumping data for table `languages`
--

INSERT INTO `languages` (`id`, `name`, `code`, `icon`, `text_align`, `is_default`, `created_at`, `updated_at`) VALUES
(1, 'English', 'en', '5f15968db08911595250317.png', 0, 0, '2020-07-06 03:47:55', '2021-01-06 00:33:35');

-- --------------------------------------------------------

--
-- Table structure for table `migrations`
--

CREATE TABLE `migrations` (
  `id` int(10) UNSIGNED NOT NULL,
  `migration` varchar(255) COLLATE utf8mb4_unicode_ci NOT NULL,
  `batch` int(11) NOT NULL
) ENGINE=InnoDB DEFAULT CHARSET=utf8mb4 COLLATE=utf8mb4_unicode_ci;

--
-- Dumping data for table `migrations`
--

INSERT INTO `migrations` (`id`, `migration`, `batch`) VALUES
(1, '2021_07_17_055055_add_total_ref_this_month_to_users_table', 1),
(2, '2021_07_17_091901_add_total_commission_to_users_table', 2),
(3, '2021_07_20_191956_add_ranks_to_users_table', 3),
(4, '2021_07_28_084820_create_royalty__funds_table', 4),
(5, '2021_07_28_092939_add_total_sell_left_to_users_table', 5),
(6, '2021_07_28_092956_add_total_sell_right_to_users_table', 5),
(7, '2021_08_13_023115_create_plan_purchases_table', 6),
(8, '2021_08_13_024016_add_min_amount_and_max_amount_to_plans_table', 7),
(9, '2021_08_13_031923_add_commission_type_to_plan_purchases_table', 8);

-- --------------------------------------------------------

--
-- Table structure for table `pages`
--

CREATE TABLE `pages` (
  `id` bigint(20) UNSIGNED NOT NULL,
  `name` varchar(191) COLLATE utf8mb4_unicode_ci DEFAULT NULL,
  `slug` varchar(191) COLLATE utf8mb4_unicode_ci DEFAULT NULL,
  `tempname` varchar(191) COLLATE utf8mb4_unicode_ci DEFAULT NULL COMMENT 'template name',
  `secs` text COLLATE utf8mb4_unicode_ci DEFAULT NULL,
  `is_default` int(11) NOT NULL DEFAULT 0,
  `created_at` timestamp NULL DEFAULT NULL,
  `updated_at` timestamp NULL DEFAULT NULL
) ENGINE=InnoDB DEFAULT CHARSET=utf8mb4 COLLATE=utf8mb4_unicode_ci;

--
-- Dumping data for table `pages`
--

INSERT INTO `pages` (`id`, `name`, `slug`, `tempname`, `secs`, `is_default`, `created_at`, `updated_at`) VALUES
(1, 'HOME', 'home', 'templates.basic.', '[\"about\",\"service\",\"how_it_works\",\"team\",\"mlmPlan\",\"latestTrx\",\"counter\",\"testimonial\",\"subscribe\",\"blog\"]', 1, '2020-07-11 06:23:58', '2020-12-01 03:16:24'),
(2, 'About', 'about-us', 'templates.basic.', '[\"about\",\"team\",\"testimonial\"]', 0, '2020-07-11 06:35:35', '2020-12-01 03:23:38'),
(3, 'Marketing Tool', 'marketing-tool', 'templates.basic.', '[\"marketing_tool\"]', 0, '2020-07-21 04:01:43', '2020-12-01 03:24:25'),
(4, 'Blog', 'blog', 'templates.basic.', NULL, 1, '2020-10-22 01:14:43', '2020-12-01 03:40:45'),
(5, 'Contact', 'contact', 'templates.basic.', NULL, 1, '2020-10-22 01:14:53', '2020-10-22 01:14:53'),
(6, 'Faq', 'faq', 'templates.basic.', '[\"faq\"]', 0, '2020-12-01 03:27:45', '2020-12-01 03:45:40');

-- --------------------------------------------------------

--
-- Table structure for table `password_resets`
--

CREATE TABLE `password_resets` (
  `email` varchar(255) COLLATE utf8mb4_unicode_ci NOT NULL,
  `token` varchar(255) COLLATE utf8mb4_unicode_ci NOT NULL,
  `created_at` timestamp NULL DEFAULT NULL
) ENGINE=InnoDB DEFAULT CHARSET=utf8mb4 COLLATE=utf8mb4_unicode_ci;

--
-- Dumping data for table `password_resets`
--

INSERT INTO `password_resets` (`email`, `token`, `created_at`) VALUES
('mdanowarul1973@gmail.com', '745289', '2021-08-08 01:29:09'),
('mamunhasan.team1@gmail.com', '901672', '2021-08-14 05:42:09');

-- --------------------------------------------------------

--
-- Table structure for table `plans`
--

CREATE TABLE `plans` (
  `id` int(10) NOT NULL,
  `name` varchar(191) NOT NULL,
  `price` float DEFAULT 0,
  `bv` int(10) DEFAULT NULL,
  `ref_com` float DEFAULT NULL,
  `tree_com` float DEFAULT NULL,
  `daily_com` float DEFAULT NULL,
  `weekly_com` float DEFAULT NULL,
  `monthly_com` float DEFAULT NULL,
  `status` tinyint(1) NOT NULL DEFAULT 1,
  `updated_at` timestamp NULL DEFAULT NULL,
  `created_at` timestamp NULL DEFAULT NULL,
  `min_amount` double(8,2) DEFAULT NULL,
  `max_amount` double(8,2) DEFAULT NULL
) ENGINE=InnoDB DEFAULT CHARSET=latin1;

--
-- Dumping data for table `plans`
--

INSERT INTO `plans` (`id`, `name`, `price`, `bv`, `ref_com`, `tree_com`, `daily_com`, `weekly_com`, `monthly_com`, `status`, `updated_at`, `created_at`, `min_amount`, `max_amount`) VALUES
(1, 'Starter Packege', 50, 8, 12, 8, 0.5, 3.5, 15, 1, '2021-08-13 04:20:54', '2021-07-03 12:30:10', 50.00, 299.00),
(2, 'White Packege', 300, 8, 12, 8, 0.5, 3.5, 15, 1, '2021-08-13 04:18:25', '2021-07-03 12:39:08', 300.00, 1499.00),
(3, 'Green Package', 1500, 8, 12, 8, 0.5, 3.5, 15, 1, '2021-08-13 04:19:13', '2021-07-04 06:16:11', 1500.00, 2999.00),
(4, 'Blue Package', 3000, 8, 12, 8, 0.5, 3.5, 15, 1, '2021-08-13 04:20:39', '2021-07-04 06:17:01', 3000.00, 16000.00),
(5, 'Red Package', 16666.7, 8, 12, 8, 0.5, 3.5, 15, 1, '2021-08-13 04:22:02', '2021-07-14 12:14:19', 16666.00, 100000.00);

-- --------------------------------------------------------

--
-- Table structure for table `plan_purchases`
--

CREATE TABLE `plan_purchases` (
  `id` bigint(20) UNSIGNED NOT NULL,
  `user_id` varchar(255) COLLATE utf8mb4_unicode_ci DEFAULT NULL,
  `plan_id` varchar(255) COLLATE utf8mb4_unicode_ci DEFAULT NULL,
  `amount` varchar(255) COLLATE utf8mb4_unicode_ci DEFAULT NULL,
  `created_at` timestamp NULL DEFAULT NULL,
  `updated_at` timestamp NULL DEFAULT NULL,
  `comission_type` varchar(255) COLLATE utf8mb4_unicode_ci DEFAULT NULL
) ENGINE=InnoDB DEFAULT CHARSET=utf8mb4 COLLATE=utf8mb4_unicode_ci;

--
-- Dumping data for table `plan_purchases`
--

INSERT INTO `plan_purchases` (`id`, `user_id`, `plan_id`, `amount`, `created_at`, `updated_at`, `comission_type`) VALUES
(1, '23', '5', '600', '2021-08-12 21:43:48', '2021-08-12 21:43:48', 'monthly'),
(2, '23', '5', '600', '2021-08-12 21:44:22', '2021-08-12 21:44:22', 'daily'),
(3, '94', '2', NULL, '2021-08-13 09:40:08', '2021-08-13 09:40:08', 'weekly'),
(4, '105', '1', NULL, '2021-08-14 02:53:26', '2021-08-14 02:53:26', 'weekly'),
(5, '105', '1', '50', '2021-08-14 02:53:55', '2021-08-14 02:53:55', 'weekly'),
(6, '105', '1', '50', '2021-08-14 02:53:59', '2021-08-14 02:53:59', 'weekly'),
(7, '105', '1', '50', '2021-08-14 02:54:44', '2021-08-14 02:54:44', 'weekly'),
(8, '105', '1', '50', '2021-08-14 02:55:45', '2021-08-14 02:55:45', 'weekly'),
(9, '105', '1', '50', '2021-08-14 02:57:22', '2021-08-14 02:57:22', 'weekly'),
(10, '105', '1', '50', '2021-08-14 05:33:47', '2021-08-14 05:33:47', 'weekly'),
(11, '24', '1', '60', '2021-08-14 05:48:30', '2021-08-14 05:48:30', 'weekly'),
(12, '24', '1', '50', '2021-08-14 06:02:26', '2021-08-14 06:02:26', 'weekly'),
(13, '24', '2', '300', '2021-08-14 06:04:06', '2021-08-14 06:04:06', 'weekly'),
(14, '24', '1', '50', '2021-08-14 06:10:45', '2021-08-14 06:10:45', 'daily'),
(15, '104', '1', '53', '2021-08-14 08:36:23', '2021-08-14 08:36:23', 'weekly'),
(16, '82', '1', '50', '2021-08-14 12:03:48', '2021-08-14 12:03:48', 'daily'),
(17, '106', '1', '100', '2021-08-16 09:37:56', '2021-08-16 09:37:56', 'weekly'),
(18, '107', '1', '50', '2021-08-16 11:45:53', '2021-08-16 11:45:53', 'weekly'),
(19, '117', '1', '50', '2021-08-19 23:09:18', '2021-08-19 23:09:18', 'weekly'),
(20, '118', '1', '50', '2021-08-19 23:11:02', '2021-08-19 23:11:02', 'weekly'),
(21, '119', '1', '50', '2021-08-20 10:47:44', '2021-08-20 10:47:44', 'monthly'),
(22, '109', '1', '50', '2021-08-21 08:06:09', '2021-08-21 08:06:09', 'weekly'),
(23, '121', '1', '50', '2021-08-21 08:13:33', '2021-08-21 08:13:33', 'weekly'),
(24, '89', '1', '50', '2021-08-22 02:36:59', '2021-08-22 02:36:59', 'weekly'),
(25, '122', '1', '50', '2021-08-22 02:53:00', '2021-08-22 02:53:00', 'weekly'),
(26, '123', '1', '50', '2021-08-22 02:59:44', '2021-08-22 02:59:44', 'weekly'),
(27, '124', '1', '50', '2021-08-22 03:09:31', '2021-08-22 03:09:31', 'weekly');

-- --------------------------------------------------------

--
-- Table structure for table `royalty__funds`
--

CREATE TABLE `royalty__funds` (
  `id` bigint(20) UNSIGNED NOT NULL,
  `amount` double(8,2) DEFAULT NULL,
  `created_at` timestamp NULL DEFAULT NULL,
  `updated_at` timestamp NULL DEFAULT NULL
) ENGINE=InnoDB DEFAULT CHARSET=utf8mb4 COLLATE=utf8mb4_unicode_ci;

--
-- Dumping data for table `royalty__funds`
--

INSERT INTO `royalty__funds` (`id`, `amount`, `created_at`, `updated_at`) VALUES
(1, 3.50, '2021-07-28 09:25:00', '2021-08-22 03:09:31');

-- --------------------------------------------------------

--
-- Table structure for table `subscribers`
--

CREATE TABLE `subscribers` (
  `id` int(10) UNSIGNED NOT NULL,
  `name` varchar(191) COLLATE utf8mb4_unicode_ci DEFAULT NULL,
  `email` varchar(191) COLLATE utf8mb4_unicode_ci NOT NULL,
  `created_at` timestamp NULL DEFAULT NULL,
  `updated_at` timestamp NULL DEFAULT NULL
) ENGINE=InnoDB DEFAULT CHARSET=utf8mb4 COLLATE=utf8mb4_unicode_ci;

--
-- Dumping data for table `subscribers`
--

INSERT INTO `subscribers` (`id`, `name`, `email`, `created_at`, `updated_at`) VALUES
(1, NULL, 'username@email.com', '2021-04-09 22:24:12', '2021-04-09 22:24:12'),
(2, NULL, 'mamunhasan.team@gmail.com', '2021-07-17 04:05:40', '2021-07-17 04:05:40'),
(3, NULL, 'feroseahmedh80@gmail.com', '2021-08-15 02:55:00', '2021-08-15 02:55:00'),
(4, NULL, 'tapankm4u1@gmail.com', '2021-08-15 02:55:14', '2021-08-15 02:55:14'),
(5, NULL, 'tapankmc7@gmail.com', '2021-08-15 02:55:30', '2021-08-15 02:55:30'),
(6, NULL, 'bishnudev12410@gmail.com', '2021-08-17 03:47:28', '2021-08-17 03:47:28');

-- --------------------------------------------------------

--
-- Table structure for table `support_attachments`
--

CREATE TABLE `support_attachments` (
  `id` bigint(20) UNSIGNED NOT NULL,
  `support_message_id` int(11) NOT NULL,
  `attachment` varchar(255) COLLATE utf8mb4_unicode_ci NOT NULL,
  `created_at` timestamp NULL DEFAULT NULL,
  `updated_at` timestamp NULL DEFAULT NULL
) ENGINE=InnoDB DEFAULT CHARSET=utf8mb4 COLLATE=utf8mb4_unicode_ci;

-- --------------------------------------------------------

--
-- Table structure for table `support_messages`
--

CREATE TABLE `support_messages` (
  `id` int(10) UNSIGNED NOT NULL,
  `supportticket_id` varchar(191) COLLATE utf8mb4_unicode_ci NOT NULL,
  `admin_id` int(11) NOT NULL DEFAULT 0,
  `message` longtext COLLATE utf8mb4_unicode_ci NOT NULL,
  `created_at` timestamp NULL DEFAULT NULL,
  `updated_at` timestamp NULL DEFAULT NULL
) ENGINE=InnoDB DEFAULT CHARSET=utf8mb4 COLLATE=utf8mb4_unicode_ci;

--
-- Dumping data for table `support_messages`
--

INSERT INTO `support_messages` (`id`, `supportticket_id`, `admin_id`, `message`, `created_at`, `updated_at`) VALUES
(1, '1', 0, 'Hey,\r\n\r\nIt is a Good time! To discuss now for White-label SEO & SMO Work.\r\n\r\nWe run Digital Marketing Agency that helps branding in digital culture. We can help you with our reliable SEO & SMO support. As we are expanding our operations, we have decided to approach more agencies for the intelligible associations. In the last 6 years, we have started working with 60+ Digital agencies just like yours and they love our work. This is why I have decided to approach more because I believe that my team can help you scale your business just like we are helping other agencies like yours.\r\n\r\nDo you want to improve the rankings of your website? Do you want Guaranteed Business Leads, Sales, Conversions & Enquires?\r\n\r\nIf the answer is YES, Please share your \"Phone Number\" and a suitable time to talk, so I can explain it to you better.\r\n\r\nRespectfully,\r\nDave Brown\r\nDigital Marketing Expert\r\nCall : (614) 927-1021', '2021-07-05 15:44:16', '2021-07-05 15:44:16'),
(2, '1', 1, 'Ok dear. \r\nI contact you very soon.', '2021-07-06 11:34:42', '2021-07-06 11:34:42'),
(3, '1', 1, 'Ok dear. \r\nI contact you very soon.', '2021-07-06 11:35:37', '2021-07-06 11:35:37'),
(4, '1', 1, 'Ok dear. \r\nI contact you very soon.', '2021-07-06 11:35:38', '2021-07-06 11:35:38'),
(5, '1', 1, 'Ok dear. \r\nI contact you very soon.', '2021-07-06 11:35:38', '2021-07-06 11:35:38'),
(6, '2', 0, 'Hi,\r\n\r\nHope you are doing well & staying safe.\r\n\r\nAs I see you have a new launched website, not showing on top search engines like Google/Bing/Yahoo. If you are on page #1 you will get so many new customers every day. \r\nIf you want to avail this opportunity.\r\n\r\nPlease share your phone number and suitable time to talk, So we can explain our plan and strategy.\r\n\r\nThanks in advance,\r\nIshaan', '2021-07-12 00:58:19', '2021-07-12 00:58:19'),
(7, '3', 0, 'Hello, \r\n \r\nDownload Music Scene Releases: https://0daymusic.org \r\nDownload Dance, Electro, House, Techno, Trance, Pop, Rock, Rap... \r\nSupport for FTP, FTPS, SFTP, HTTP, HTTPS. \r\n \r\nBest regards, Jimmy', '2021-07-13 15:57:52', '2021-07-13 15:57:52'),
(8, '2', 1, 'WhatsApp number +8801787982846', '2021-07-14 05:59:46', '2021-07-14 05:59:46'),
(9, '4', 0, 'Good day, \r\n\r\nMy name is Eric and unlike a lot of emails you might get, I wanted to instead provide you with a word of encouragement  Congratulations\r\n\r\nWhat for?  \r\n\r\nPart of my job is to check out websites and the work youve done with safeworld1.com definitely stands out. \r\n\r\nIts clear you took building a website seriously and made a real investment of time and resources into making it top quality.\r\n\r\nThere is, however, a catch more accurately, a question\r\n\r\nSo when someone like me happens to find your site  maybe at the top of the search results (nice job BTW) or just through a random link, how do you know? \r\n\r\nMore importantly, how do you make a connection with that person?\r\n\r\nStudies show that 7 out of 10 visitors dont stick around  theyre there one second and then gone with the wind.\r\n\r\nHeres a way to create INSTANT engagement that you may not have known about \r\n\r\nTalk With Web Visitor is a software widget thats works on your site, ready to capture any visitors Name, Email address and Phone Number.  It lets you know INSTANTLY that theyre interested  so that you can talk to that lead while theyre literally checking out safeworld1.com.\r\n\r\nCLICK HERE https://talkwithwebvisitors.com to try out a Live Demo with Talk With Web Visitor now to see exactly how it works.\r\n\r\nIt could be a game-changer for your business  and it gets even better once youve captured their phone number, with our new SMS Text With Lead feature, you can automatically start a text (SMS) conversation  immediately (and theres literally a 100X difference between contacting someone within 5 minutes versus 30 minutes.)\r\n\r\nPlus then, even if you dont close a deal right away, you can connect later on with text messages for new offers, content links, even just follow up notes to build a relationship.\r\n\r\nEverything Ive just described is simple, easy, and effective. \r\n\r\nCLICK HERE https://talkwithwebvisitors.com to discover what Talk With Web Visitor can do for your business.\r\n\r\nYou could be converting up to 100X more leads today!\r\n\r\nEric\r\nPS: Talk With Web Visitor offers a FREE 14 days trial  and it even includes International Long Distance Calling. \r\nYou have customers waiting to talk with you right now dont keep them waiting. \r\nCLICK HERE https://talkwithwebvisitors.com to try Talk With Web Visitor now.\r\n\r\nIf you\'d like to unsubscribe click here http://talkwithwebvisitors.com/unsubscribe.aspx?d=safeworld1.com', '2021-08-12 10:47:27', '2021-08-12 10:47:27');

-- --------------------------------------------------------

--
-- Table structure for table `support_tickets`
--

CREATE TABLE `support_tickets` (
  `id` bigint(20) UNSIGNED NOT NULL,
  `user_id` int(11) DEFAULT NULL,
  `name` varchar(191) COLLATE utf8mb4_unicode_ci DEFAULT NULL,
  `email` varchar(91) COLLATE utf8mb4_unicode_ci DEFAULT NULL,
  `ticket` varchar(191) COLLATE utf8mb4_unicode_ci DEFAULT NULL,
  `subject` varchar(191) COLLATE utf8mb4_unicode_ci DEFAULT NULL,
  `status` tinyint(4) NOT NULL COMMENT '0: Open, 1: Answered, 2: Replied, 3: Closed',
  `last_reply` datetime DEFAULT NULL,
  `created_at` timestamp NULL DEFAULT NULL,
  `updated_at` timestamp NULL DEFAULT NULL
) ENGINE=InnoDB DEFAULT CHARSET=utf8mb4 COLLATE=utf8mb4_unicode_ci;

--
-- Dumping data for table `support_tickets`
--

INSERT INTO `support_tickets` (`id`, `user_id`, `name`, `email`, `ticket`, `subject`, `status`, `last_reply`, `created_at`, `updated_at`) VALUES
(1, NULL, 'Dave Brown', 'davebrown11.tech@gmail.com', '51976640', 'Question about your website', 1, '2021-07-06 17:35:38', '2021-07-05 15:44:16', '2021-07-06 11:35:38'),
(2, NULL, 'Ishaan Sharma', 'ishaandeveloper.web@gmail.com', '05288712', 'Re: Want more clients and customers?', 1, '2021-07-14 11:59:45', '2021-07-12 00:58:18', '2021-07-14 05:59:45'),
(3, NULL, 'JimmyNew', 'henk.akkerman5@tele2.nl', '87846272', 'Music FLAC Scene Releases', 3, '2021-07-13 21:57:51', '2021-07-13 15:57:51', '2021-07-14 06:00:39'),
(4, NULL, 'Eric Jones', 'eric.jones.z.mail@gmail.com', '56087103', 'Instead, congrats', 3, '2021-08-12 16:47:26', '2021-08-12 10:47:26', '2021-08-15 22:53:13');

-- --------------------------------------------------------

--
-- Table structure for table `transactions`
--

CREATE TABLE `transactions` (
  `id` bigint(20) UNSIGNED NOT NULL,
  `user_id` int(11) DEFAULT NULL,
  `amount` float NOT NULL DEFAULT 0,
  `charge` float NOT NULL DEFAULT 0,
  `post_balance` float NOT NULL DEFAULT 0,
  `trx_type` varchar(10) COLLATE utf8mb4_unicode_ci DEFAULT NULL,
  `trx` varchar(25) COLLATE utf8mb4_unicode_ci DEFAULT NULL,
  `details` varchar(255) COLLATE utf8mb4_unicode_ci DEFAULT NULL,
  `remark` varchar(50) COLLATE utf8mb4_unicode_ci DEFAULT NULL,
  `created_at` timestamp NULL DEFAULT NULL,
  `updated_at` timestamp NULL DEFAULT NULL
) ENGINE=InnoDB DEFAULT CHARSET=utf8mb4 COLLATE=utf8mb4_unicode_ci;

--
-- Dumping data for table `transactions`
--

INSERT INTO `transactions` (`id`, `user_id`, `amount`, `charge`, `post_balance`, `trx_type`, `trx`, `details`, `remark`, `created_at`, `updated_at`) VALUES
(1, 23, 100, 0, 100, '+', 'Y6P957MDBRAG', 'Added Balance Via Admin', NULL, '2021-07-03 13:35:56', '2021-07-03 13:35:56'),
(2, 23, 50, 0, 150, '+', '3S9JT3PADE38', 'Deposit Via Safe World', NULL, '2021-07-03 23:32:09', '2021-07-03 23:32:09'),
(3, 23, 15, 0, 135, '-', '9ROMU64QAXHZ', 'Purchased WHITE Packeg', 'purchased_plan', '2021-07-03 23:33:47', '2021-07-03 23:33:47'),
(4, 1, 1, 0, 1, '+', 'MTOV5E9OAHVJ', 'cute0966 Subscribed to WHITE Packeg plan.', 'binary_commission', '2021-07-03 23:33:50', '2021-07-03 23:33:50'),
(5, 1, 2, 0, 2.5, '+', '15XC8FSZDR9P', 'cute0966 Subscribed to WHITE Packeg plan.', 'referral_commission', '2021-07-03 23:33:51', '2021-07-03 23:33:51'),
(6, 23, 100, 0, 235, '+', '9YZ9JBSBQWW5', 'Deposit Via Safe World', NULL, '2021-07-04 01:22:38', '2021-07-04 01:22:38'),
(7, 23, 100, 1, 135, '-', 'PVKH8RQ5CZT4', '99 USD Withdraw Via usdexchanger', NULL, '2021-07-04 04:54:44', '2021-07-04 04:54:44'),
(8, 23, 500, 0, 635, '+', 'DE1H7EJNOXGN', 'Added Balance Via Admin', NULL, '2021-07-04 06:33:27', '2021-07-04 06:33:27'),
(9, 23, 300, 0, 335, '-', '38AQY6DVHPJS', 'Purchased BLACK Packeg', 'purchased_plan', '2021-07-04 06:34:44', '2021-07-04 06:34:44'),
(10, 1, 30, 0, 32.5, '+', 'HRGWRUZA8XYM', 'cute0966 Subscribed to BLACK Packeg plan.', 'binary_commission', '2021-07-04 06:34:45', '2021-07-04 06:34:45'),
(11, 1, 5, 0, 37.5, '+', 'W5UUHVVDTXON', 'cute0966 Subscribed to BLACK Packeg plan.', 'referral_commission', '2021-07-04 06:34:45', '2021-07-04 06:34:45'),
(12, 23, 50, 0, 285, '-', 'X6TVUG9WPS96', 'Purchased WHITE Packeg', 'purchased_plan', '2021-07-04 06:41:52', '2021-07-04 06:41:52'),
(13, 1, 5, 0, 42.5, '+', 'X19SE3QWDTV5', 'cute0966 Subscribed to WHITE Packeg plan.', 'binary_commission', '2021-07-04 06:41:52', '2021-07-04 06:41:52'),
(14, 1, 5, 0, 47.5, '+', 'DKDJXBUCB3D6', 'cute0966 Subscribed to WHITE Packeg plan.', 'referral_commission', '2021-07-04 06:41:52', '2021-07-04 06:41:52'),
(15, 23, 50, 2.5, 232.5, '-', 'HAGCSX92GP9P', 'Balance Transferred To cute09', 'balance_transfer', '2021-07-04 21:09:00', '2021-07-04 21:09:00'),
(16, 23, 50, 2.5, 180, '-', 'UOR818PNSPYA', 'Balance Transferred To cute09', 'balance_transfer', '2021-07-04 21:10:14', '2021-07-04 21:10:14'),
(17, 23, 50, 2.5, 127.5, '-', 'D8TS179PDWXW', 'Balance Transferred To cute09', 'balance_transfer', '2021-07-04 21:10:38', '2021-07-04 21:10:38'),
(18, 23, 55, 2.75, 69.75, '-', '5F185MK6VXMQ', 'Balance Transferred To cute09', 'balance_transfer', '2021-07-04 21:11:00', '2021-07-04 21:11:00'),
(19, 23, 50, 2.5, 17.25, '-', 'VOK7S9VMXO59', 'Balance Transferred To cute09', 'balance_transfer', '2021-07-04 21:20:02', '2021-07-04 21:20:02'),
(20, 23, 10, 0.5, 6.75, '-', '5JEBJK2RY199', 'Balance Transferred To Cute096', 'balance_transfer', '2021-07-04 22:09:03', '2021-07-04 22:09:03'),
(21, 23, 1000, 0, 1006.75, '+', 'ZK1T735PZMWF', 'Added Balance Via Admin', NULL, '2021-07-05 00:07:20', '2021-07-05 00:07:20'),
(22, 23, 1000, 0, 2006.75, '+', 'B5OZQTUMRZXY', 'Added Balance Via Admin', NULL, '2021-07-05 00:07:41', '2021-07-05 00:07:41'),
(23, 23, 1000, 0, 3006.75, '+', 'RDU76H31TJCD', 'Added Balance Via Admin', NULL, '2021-07-05 00:08:05', '2021-07-05 00:08:05'),
(24, 23, 1000, 0, 4006.75, '+', '2CR4SNRH8M4V', 'Added Balance Via Admin', NULL, '2021-07-05 00:09:19', '2021-07-05 00:09:19'),
(25, 23, 100, 0, 4106.75, '+', '4GQMCGMF47TQ', 'Added Balance Via Admin', NULL, '2021-07-05 00:10:31', '2021-07-05 00:10:31'),
(26, 23, 100, 5, 4001.75, '-', 'JGX9WQKOXVMX', 'Balance Transferred To Cute096', 'balance_transfer', '2021-07-05 00:25:53', '2021-07-05 00:25:53'),
(27, 23, 1000, 100, 3001.75, '-', 'KZ4MYOMKHF3E', '270 Usd Withdraw Via USDT', NULL, '2021-07-05 00:33:28', '2021-07-05 00:33:28'),
(28, 23, 15, 0.75, 2986, '-', 'G2AY8OPKWNDS', 'Balance Transferred To Cute096', 'balance_transfer', '2021-07-05 00:56:51', '2021-07-05 00:56:51'),
(29, 23, 15, 0.75, 2970.25, '-', 'A7X64VQQYAVD', 'Balance Transferred To Cute096', 'balance_transfer', '2021-07-05 00:59:10', '2021-07-05 00:59:10'),
(30, 23, 100, 5, 2865.25, '-', '3AOP7TZAAUPB', 'Balance Transferred To cute09', 'balance_transfer', '2021-07-05 03:55:10', '2021-07-05 03:55:10'),
(31, 23, 100, 0, 2965.25, '+', 'YGK44KE8VFG9', 'Deposit Via Safe World', NULL, '2021-07-05 06:31:55', '2021-07-05 06:31:55'),
(32, 23, 100, 5, 2860.25, '-', 'E2QBRBZEFTMH', 'Balance Transferred To cute09', 'balance_transfer', '2021-07-05 06:34:21', '2021-07-05 06:34:21'),
(33, 23, 100, 5, 2755.25, '-', 'NMXEGR35DNB9', 'Balance Transferred To cute09', 'balance_transfer', '2021-07-05 06:51:17', '2021-07-05 06:51:17'),
(34, 23, 100, 5, 2650.25, '-', 'DH8B6C619FJC', 'Balance Transferred To cute09', 'balance_transfer', '2021-07-05 07:19:17', '2021-07-05 07:19:17'),
(35, 23, 100, 0, 2750.25, '+', 'NRXQ553CPOTE', 'Deposit Via Safe World', NULL, '2021-07-06 11:36:16', '2021-07-06 11:36:16'),
(36, 23, 100, 5, 2645.25, '-', '71N3ZYN4WV3O', 'Balance Transferred To cute09', 'balance_transfer', '2021-07-06 22:38:19', '2021-07-06 22:38:19'),
(37, 23, 100, 5, 2540.25, '-', 'QSYYVONQYWCT', 'Balance Transferred To cute09', 'balance_transfer', '2021-07-07 08:28:44', '2021-07-07 08:28:44'),
(38, 24, 100, 0, 100, '+', 'QSYYVONQYWCT', 'Balance receive From cute0966', 'balance_receive', '2021-07-07 08:28:44', '2021-07-07 08:28:44'),
(39, 23, 100, 10, 2440.25, '-', 'S2UZP1165N8Y', '27 Usd Withdraw Via USDT', NULL, '2021-07-07 10:20:17', '2021-07-07 10:20:17'),
(40, 23, 100, 0, 2540.25, '+', 'PXRP49SKPJ6E', 'Deposit Via Safe World', NULL, '2021-07-07 10:23:02', '2021-07-07 10:23:02'),
(41, 23, 400, 0, 2940.25, '+', 'C4RFSMJ7PUEX', 'Deposit Via Safe World', NULL, '2021-07-07 10:23:10', '2021-07-07 10:23:10'),
(42, 25, 100, 0, 100, '+', '8ZSYKY3BZDYY', 'Deposit Via Safe World', NULL, '2021-07-07 10:23:19', '2021-07-07 10:23:19'),
(43, 25, 100, 0, 200, '+', 'J6PMHDXE9XMN', 'Deposit Via Safe World', NULL, '2021-07-07 10:23:26', '2021-07-07 10:23:26'),
(44, 23, 100, 0, 3040.25, '+', '6GV5M3D5OYX8', 'Deposit Via Safe World', NULL, '2021-07-07 10:24:18', '2021-07-07 10:24:18'),
(45, 23, 50, 0, 3090.25, '+', 'VUO4CMJKRCA9', 'Deposit Via Safe World', NULL, '2021-07-07 10:24:38', '2021-07-07 10:24:38'),
(46, 23, 500, 0, 3590.25, '+', 'SHRWA63SDTD5', 'Deposit Via Safe World', NULL, '2021-07-07 10:24:52', '2021-07-07 10:24:52'),
(47, 23, 400, 0, 3990.25, '+', 'RHAP7D4UZP95', 'Deposit Via Safe World', NULL, '2021-07-07 10:25:12', '2021-07-07 10:25:12'),
(48, 23, 400, 0, 4390.25, '+', '3QOS6F32RGT9', 'Deposit Via Safe World', NULL, '2021-07-07 10:27:32', '2021-07-07 10:27:32'),
(49, 23, 400, 0, 4790.25, '+', 'EG7665WMX6T5', 'Deposit Via Safe World', NULL, '2021-07-07 10:27:43', '2021-07-07 10:27:43'),
(50, 23, 400, 0, 5190.25, '+', 'RK4YYWTXUD8W', 'Deposit Via Safe World', NULL, '2021-07-07 10:27:55', '2021-07-07 10:27:55'),
(51, 1, 48, 0, 0, '-', 'E5N7MK3HVKA8', 'Subtract Balance Via Admin', NULL, '2021-07-07 10:42:25', '2021-07-07 10:42:25'),
(52, 23, 3000, 0, 2190.25, '-', 'EM4UO9NHV2DJ', 'Purchased Titeniam Pack', 'purchased_plan', '2021-07-07 20:27:15', '2021-07-07 20:27:15'),
(53, 1, 300, 0, 300, '+', 'B5QQW5VS5AP3', 'cute0966 Subscribed to Titeniam Pack plan.', 'binary_commission', '2021-07-07 20:27:16', '2021-07-07 20:27:16'),
(54, 1, 5, 0, 305, '+', 'U1GA3XCP6CRO', 'cute0966 Subscribed to Titeniam Pack plan.', 'referral_commission', '2021-07-07 20:27:16', '2021-07-07 20:27:16'),
(55, 23, 50, 0, 2240.25, '+', '5NG3CA4BY2UA', 'Deposit Via Safe World', NULL, '2021-07-08 03:46:46', '2021-07-08 03:46:46'),
(56, 32, 100, 0, 100, '+', 'SORZG44MXV1C', 'Deposit Via Safe World', NULL, '2021-07-08 20:59:42', '2021-07-08 20:59:42'),
(57, 32, 50, 0, 50, '-', 'K16NOOPYHH1V', 'Purchased WHITE Packeg', 'purchased_plan', '2021-07-09 08:07:02', '2021-07-09 08:07:02'),
(58, 1, 6, 0, 557, '+', 'THXR8J4JT4QB', 'cute46 Subscribed to WHITE Packeg plan.', 'binary_commission', '2021-07-09 08:07:02', '2021-07-09 08:07:02'),
(59, 24, 50, 0, 50, '-', '5ZGJBZBXB55Y', 'Purchased Stater Pack', 'purchased_plan', '2021-07-12 23:19:43', '2021-07-12 23:19:43'),
(60, 23, 5, 0, 2355.25, '+', 'CG7OP71NKDC9', 'cute09 Subscribed to Stater Pack plan.', 'binary_commission', '2021-07-12 23:19:44', '2021-07-12 23:19:44'),
(61, 1, 5, 0, 564.25, '+', 'SWB25VG393NA', 'cute09 Subscribed to Stater Pack plan.', 'binary_commission', '2021-07-12 23:19:44', '2021-07-12 23:19:44'),
(62, 23, 300, 0, 2655.25, '+', 'DRTGE26WZA93', 'cute09 Subscribed to Stater Pack plan.', 'referral_commission', '2021-07-12 23:19:44', '2021-07-12 23:19:44'),
(63, 24, 5000, 0, 5050, '+', 'NKXQF1XWPGFV', 'Deposit Via Safe World', NULL, '2021-07-13 01:09:47', '2021-07-13 01:09:47'),
(64, 24, 300, 0, 4750, '-', 'ZWXDRB1ON6GU', 'Purchased BLACK Packeg', 'purchased_plan', '2021-07-13 01:10:35', '2021-07-13 01:10:35'),
(65, 23, 30, 0, 2685.25, '+', 'XMFM821OUS78', 'cute09 Subscribed to BLACK Packeg plan.', 'binary_commission', '2021-07-13 01:10:35', '2021-07-13 01:10:35'),
(66, 1, 30, 0, 594.25, '+', 'N36DSS7BX421', 'cute09 Subscribed to BLACK Packeg plan.', 'binary_commission', '2021-07-13 01:10:35', '2021-07-13 01:10:35'),
(67, 23, 300, 0, 2985.25, '+', '5QOFMF1WNJ59', 'cute09 Subscribed to BLACK Packeg plan.', 'referral_commission', '2021-07-13 01:10:35', '2021-07-13 01:10:35'),
(68, 25, 50, 0, 150, '-', 'E621B32OT8D5', 'Purchased Stater Pack', 'purchased_plan', '2021-07-13 03:37:12', '2021-07-13 03:37:12'),
(69, 23, 5, 0, 2990.25, '+', 'HWHX11BTKREF', 'Cute096 Subscribed to Stater Pack plan.', 'binary_commission', '2021-07-13 03:37:12', '2021-07-13 03:37:12'),
(70, 1, 5, 0, 599.25, '+', '9JYHF86EV5XK', 'Cute096 Subscribed to Stater Pack plan.', 'binary_commission', '2021-07-13 03:37:12', '2021-07-13 03:37:12'),
(71, 23, 300, 0, 3290.25, '+', 'K2JEVAKGHC81', 'Cute096 Subscribed to Stater Pack plan.', 'referral_commission', '2021-07-13 03:37:12', '2021-07-13 03:37:12'),
(72, 24, 7, 0, 14977, '+', '', 'Commision2', 'Commission Received', NULL, NULL),
(73, 25, 1.75, 0, 150, '+', '', 'Commision1', 'Commission Received', NULL, NULL),
(74, 24, 7, 0, 14984, '+', '', 'Commision2', 'Commission Received', NULL, NULL),
(75, 25, 1.75, 0, 151.75, '+', '', 'Commision1', 'Commission Received', NULL, NULL),
(76, 24, 7, 0, 14991, '+', '', 'Commision2', 'Commission Received', NULL, NULL),
(77, 25, 1.75, 0, 153.5, '+', '', 'Commision1', 'Commission Received', NULL, NULL),
(78, 24, 7, 0, 14998, '+', '', 'Weekly commission', 'Commission Received', NULL, NULL),
(79, 25, 1.75, 0, 155.25, '+', '', 'Weekly commission', 'Commission Received', NULL, NULL),
(80, 24, 7, 0, 15005, '+', '', 'Weekly commission', 'Commission Received', NULL, NULL),
(81, 25, 1.75, 0, 157, '+', '', 'Weekly commission', 'Commission Received', NULL, NULL),
(82, 24, 7, 0, 15012, '+', 'SZFVMJJZU8SK', 'Weekly commission', 'Commission Received', NULL, NULL),
(83, 25, 1.75, 0, 158.75, '+', '8UK15P56WVP9', 'Weekly commission', 'Commission Received', NULL, NULL),
(84, 24, 7, 0, 15019, '+', 'U8TU793BXM8Q', 'Weekly commission', 'Commission Received', NULL, NULL),
(85, 25, 1.75, 0, 160.5, '+', 'JKQE1TURCCXX', 'Weekly commission', 'Commission Received', NULL, NULL),
(86, 24, 7, 0, 15026, '+', 'CWHQ1NV91UJP', 'Weekly commission', 'plan_commission', NULL, NULL),
(87, 25, 1.75, 0, 162.25, '+', 'ZE1D7SMJEKZZ', 'Weekly commission', 'plan_commission', NULL, NULL),
(88, 24, 7, 0, 15033, '+', '72BW19G9TY8T', 'Weekly commission', 'plan_commission', NULL, NULL),
(89, 25, 1.75, 0, 164, '+', 'GF34UED282PO', 'Weekly commission', 'plan_commission', NULL, NULL),
(90, 23, 1000, 0, 4290.25, '+', 'FXZVS5YWA62R', 'Deposit Via Safe World', NULL, '2021-07-17 02:10:25', '2021-07-17 02:10:25'),
(91, 30, 1000, 0, 1000, '+', 'GO9Q7FGFQHT3', 'Deposit Via Safe World', NULL, '2021-07-17 02:11:52', '2021-07-17 02:11:52'),
(92, 24, 10.5, 0, 15040, '+', 'B411HOYS3GDC', 'Weekly commission', 'plan_commission', NULL, NULL),
(93, 25, 1.75, 0, 165.75, '+', 'ZSZ8S4PYC52K', 'Weekly commission', 'plan_commission', NULL, NULL),
(94, 23, 1000, 0, 3290.25, '-', 'ENV5TERZ2VRR', 'Balance Transferred To cute46', 'balance_transfer', '2021-07-17 03:35:03', '2021-07-17 03:35:03'),
(95, 32, 1000, 0, 1052.25, '+', 'ENV5TERZ2VRR', 'Balance receive From cute0966', 'balance_receive', '2021-07-17 03:35:05', '2021-07-17 03:35:05'),
(96, 23, 1000, 0, 2290.25, '-', 'Q7B5BD7B36GB', 'Balance Transferred To active', 'balance_transfer', '2021-07-17 03:38:52', '2021-07-17 03:38:52'),
(97, 30, 1000, 0, 2000, '+', 'Q7B5BD7B36GB', 'Balance receive From cute0966', 'balance_receive', '2021-07-17 03:38:53', '2021-07-17 03:38:53'),
(98, 23, 1000, 0, 1290.25, '-', 'ENP361S3WETE', 'Balance Transferred To active', 'balance_transfer', '2021-07-17 03:39:18', '2021-07-17 03:39:18'),
(99, 30, 1000, 0, 3000, '+', 'ENP361S3WETE', 'Balance receive From cute0966', 'balance_receive', '2021-07-17 03:39:19', '2021-07-17 03:39:19'),
(100, 30, 1500, 0, 1500, '-', 'QNRJWGG4OHAV', 'Purchased Green Package', 'purchased_plan', '2021-07-17 03:43:43', '2021-07-17 03:43:43'),
(101, 1, 133.33, 0, 732.58, '+', 'QX3NY4VSBQK1', 'active Subscribed to Green Package plan.', 'binary_commission', '2021-07-17 03:43:44', '2021-07-17 03:43:44'),
(102, 30, 300, 0, 1200, '-', '54FQMJ9WRFZ2', 'Purchased White Packege', 'purchased_plan', '2021-07-17 03:44:39', '2021-07-17 03:44:39'),
(103, 1, 24, 0, 756.58, '+', '6V7ON5JBY9P8', 'active Subscribed to White Packege plan.', 'binary_commission', '2021-07-17 03:44:40', '2021-07-17 03:44:40'),
(104, 30, 300, 0, 900, '-', 'MD2S4CAQ9FBG', 'Purchased White Packege', 'purchased_plan', '2021-07-17 03:44:41', '2021-07-17 03:44:41'),
(105, 1, 24, 0, 780.58, '+', 'AG2KOA1XTHWC', 'active Subscribed to White Packege plan.', 'binary_commission', '2021-07-17 03:44:42', '2021-07-17 03:44:42'),
(106, 23, 300, 0, 990.25, '-', 'VQAPHWBXAE7H', 'Purchased White Packege', 'purchased_plan', '2021-07-17 03:49:03', '2021-07-17 03:49:03'),
(107, 1, 24, 0, 804.58, '+', 'WM53K93QAWD3', 'cute0966 Subscribed to White Packege plan.', 'binary_commission', '2021-07-17 03:49:05', '2021-07-17 03:49:05'),
(108, 1, 7.5, 0, 812.08, '+', 'FKZSAHPCVJKR', 'cute0966 Subscribed to White Packege plan.', 'referral_commission', '2021-07-17 03:49:06', '2021-07-17 03:49:06'),
(109, 23, 900, 90, 90.25, '-', 'BW88DY7XU6KZ', '243 Usd Withdraw Via USDT', NULL, '2021-07-17 03:53:49', '2021-07-17 03:53:49'),
(110, 23, 1.5, 0, 90.25, '+', '9MF6GVKCHN6X', 'Weekly commission', 'plan_commission', NULL, NULL),
(111, 24, 10.5, 0, 15050.5, '+', 'EWHS6G8HZW5O', 'Weekly commission', 'plan_commission', NULL, NULL),
(112, 30, 1.5, 0, 900, '+', 'NH16P18362PQ', 'Weekly commission', 'plan_commission', NULL, NULL),
(113, 25, 1.75, 0, 167.5, '+', 'CKTASNPJ9MUR', 'Weekly commission', 'plan_commission', NULL, NULL),
(114, 71, 5000, 0, 5000, '+', 'YAWYCUEMGPM8', 'Deposit Via Safe World', NULL, '2021-07-18 02:11:37', '2021-07-18 02:11:37'),
(115, 71, 3000, 0, 2000, '-', 'F1Z36M676O8P', 'Purchased Blue Package', 'purchased_plan', '2021-07-18 02:12:31', '2021-07-18 02:12:31'),
(116, 32, 240, 0, 1292.25, '+', 'XBPCNY383ZDB', 'Abcd46 Subscribed to Blue Package plan.', 'binary_commission', '2021-07-18 02:12:36', '2021-07-18 02:12:36'),
(117, 30, 240, 0, 1141.5, '+', 'T47MDA5KJ8RY', 'Abcd46 Subscribed to Blue Package plan.', 'binary_commission', '2021-07-18 02:12:36', '2021-07-18 02:12:36'),
(118, 1, 240, 0, 1052.08, '+', 'NPWVPJVSKJOH', 'Abcd46 Subscribed to Blue Package plan.', 'binary_commission', '2021-07-18 02:12:36', '2021-07-18 02:12:36'),
(119, 32, 7.5, 0, 1299.75, '+', 'U9G47YBSD7SK', 'Abcd46 Subscribed to Blue Package plan.', 'referral_commission', '2021-07-18 02:12:36', '2021-07-18 02:12:36'),
(120, 33, 9900, 0, 9900, '+', '8K9QU4SXK9BN', 'Deposit Via Safe World', NULL, '2021-07-18 02:26:51', '2021-07-18 02:26:51'),
(121, 23, 1.5, 0, 91.75, '+', '353ZSYP6SQHR', 'Weekly commission', 'plan_commission', NULL, NULL),
(122, 30, 1.5, 0, 1141.5, '+', 'EDNJGPU9PHYA', 'Weekly commission', 'plan_commission', NULL, NULL),
(123, 71, 15, 0, 2000, '+', 'A89PUS52E57T', 'Weekly commission', 'plan_commission', NULL, NULL),
(124, 32, 300, 0, 999.75, '-', 'AYKUDGJOAJ28', 'Purchased White Packege', 'purchased_plan', '2021-07-19 05:45:25', '2021-07-19 05:45:25'),
(125, 30, 24, 0, 1167, '+', '4T4OOASESXWE', 'cute46 Subscribed to White Packege plan.', 'binary_commission', '2021-07-19 05:45:27', '2021-07-19 05:45:27'),
(126, 1, 24, 0, 1076.08, '+', 'J6SWTYETRBBG', 'cute46 Subscribed to White Packege plan.', 'binary_commission', '2021-07-19 05:45:27', '2021-07-19 05:45:27'),
(127, 30, 45, 0, 1212, '+', 'Y7YXYKQD74TB', 'cute46 Subscribed to White Packege plan.', 'referral_commission', '2021-07-19 05:45:27', '2021-07-19 05:45:27'),
(128, 30, 50, 0, 1162, '-', 'EDT959EWJB56', 'Purchased Starter Packege', 'purchased_plan', '2021-07-19 05:46:44', '2021-07-19 05:46:44'),
(129, 1, 4, 0, 1080.08, '+', 'BFJPEC61PQGC', 'active Subscribed to Starter Packege plan.', 'binary_commission', '2021-07-19 05:46:44', '2021-07-19 05:46:44'),
(130, 23, 1.5, 0, 93.25, '+', 'F6JOBYSA5RPT', 'Weekly commission', 'plan_commission', NULL, NULL),
(131, 30, 0.25, 0, 1162, '+', 'KYVUDFDD3OKK', 'Weekly commission', 'plan_commission', NULL, NULL),
(132, 32, 1.5, 0, 999.75, '+', '3KGSCGHAGUKZ', 'Weekly commission', 'plan_commission', NULL, NULL),
(133, 71, 15, 0, 2015, '+', 'KOXKBUUG28KO', 'Weekly commission', 'plan_commission', NULL, NULL),
(134, 23, 1.5, 0, 94.75, '+', 'OQT9EUAQRSAE', 'Weekly commission', 'plan_commission', NULL, NULL),
(135, 30, 0.25, 0, 1162.25, '+', '7TQPYG2OFNJO', 'Weekly commission', 'plan_commission', NULL, NULL),
(136, 32, 1.5, 0, 1001.25, '+', 'Y8VS9WET317R', 'Weekly commission', 'plan_commission', NULL, NULL),
(137, 71, 15, 0, 2030, '+', 'TCEVG6DXF7E6', 'Weekly commission', 'plan_commission', NULL, NULL),
(138, 23, 1.5, 0, 96.25, '+', 'NW2C56W6239K', 'Weekly commission', 'plan_commission', NULL, NULL),
(139, 30, 0.25, 0, 1162.5, '+', 'A6VBUFQJWK9K', 'Weekly commission', 'plan_commission', NULL, NULL),
(140, 32, 1.5, 0, 1002.75, '+', '3OQP76REH54B', 'Weekly commission', 'plan_commission', NULL, NULL),
(141, 71, 15, 0, 2045, '+', '5Y9OU9S62P6U', 'Weekly commission', 'plan_commission', NULL, NULL),
(142, 23, 1.5, 0, 97.75, '+', 'YUX6SPA1W63R', 'Weekly commission', 'plan_commission', NULL, NULL),
(143, 30, 0.25, 0, 1162.75, '+', '7VUKZPDU7ORC', 'Weekly commission', 'plan_commission', NULL, NULL),
(144, 32, 1.5, 0, 1004.25, '+', 'KNWNYFSPXJNW', 'Weekly commission', 'plan_commission', NULL, NULL),
(145, 71, 15, 0, 2060, '+', '47USQC665S64', 'Weekly commission', 'plan_commission', NULL, NULL),
(146, 23, 1.5, 0, 99.25, '+', 'JR983UAFKFDB', 'Weekly commission', 'plan_commission', NULL, NULL),
(147, 30, 0.25, 0, 1163, '+', 'MRANH4EB3KSK', 'Weekly commission', 'plan_commission', NULL, NULL),
(148, 32, 1.5, 0, 1005.75, '+', 'UCRAAVHG1BUW', 'Weekly commission', 'plan_commission', NULL, NULL),
(149, 71, 15, 0, 2075, '+', 'MX1S5M65VZSV', 'Weekly commission', 'plan_commission', NULL, NULL),
(150, 23, 1.5, 0, 100.75, '+', '4PZ238WFJ4A5', 'Weekly commission', 'plan_commission', NULL, NULL),
(151, 24, 10.5, 0, 15061, '+', 'M2QRZGTMRJDN', 'Weekly commission', 'plan_commission', NULL, NULL),
(152, 30, 0.25, 0, 1163.25, '+', 'QDB3ST1SNK3P', 'Weekly commission', 'plan_commission', NULL, NULL),
(153, 25, 1.75, 0, 169.25, '+', '2Q4859C4AMKW', 'Weekly commission', 'plan_commission', NULL, NULL),
(154, 32, 1.5, 0, 1007.25, '+', 'G131AXG8HGVT', 'Weekly commission', 'plan_commission', NULL, NULL),
(155, 71, 15, 0, 2090, '+', 'K3F8CZ2GDCRD', 'Weekly commission', 'plan_commission', NULL, NULL),
(156, 23, 1.5, 0, 102.25, '+', 'RB5BBWNPWHZJ', 'Weekly commission', 'plan_commission', NULL, NULL),
(157, 30, 0.25, 0, 1163.5, '+', '5A3AR9H2YGUV', 'Weekly commission', 'plan_commission', NULL, NULL),
(158, 32, 1.5, 0, 1008.75, '+', 'B7COUG8PNEHF', 'Weekly commission', 'plan_commission', NULL, NULL),
(159, 71, 15, 0, 2105, '+', 'JPAOPA1DM1ZS', 'Weekly commission', 'plan_commission', NULL, NULL),
(160, 23, 1.5, 0, 103.75, '+', 'CVE8TC44MR37', 'Weekly commission', 'plan_commission', NULL, NULL),
(161, 30, 0.25, 0, 1163.75, '+', 'KX4YXOT7XUY1', 'Weekly commission', 'plan_commission', NULL, NULL),
(162, 32, 1.5, 0, 1010.25, '+', 'YQE1BXSQFVC1', 'Weekly commission', 'plan_commission', NULL, NULL),
(163, 71, 15, 0, 2120, '+', '7A5A227UCTV5', 'Weekly commission', 'plan_commission', NULL, NULL),
(164, 23, 1.5, 0, 105.25, '+', '2J6Z8HFMBB3B', 'Weekly commission', 'plan_commission', NULL, NULL),
(165, 30, 0.25, 0, 1164, '+', 'Z9OCJ7S9S9JU', 'Weekly commission', 'plan_commission', NULL, NULL),
(166, 32, 1.5, 0, 1011.75, '+', '3FGN9WVZCKE9', 'Weekly commission', 'plan_commission', NULL, NULL),
(167, 71, 15, 0, 2135, '+', 'J3JD643X7SYW', 'Weekly commission', 'plan_commission', NULL, NULL),
(168, 24, 1500, 0, 13571.5, '-', 'ODMDC2SHDPWU', 'Purchased Green Package', 'purchased_plan', '2021-07-28 03:27:27', '2021-07-28 03:27:27'),
(169, 23, 133.33, 0, 240.08, '+', 'VSB99A8EDW2T', 'cute09 Subscribed to Green Package plan.', 'binary_commission', '2021-07-28 03:27:29', '2021-07-28 03:27:29'),
(170, 1, 133.33, 0, 1213.41, '+', 'RYB2QS22C8AZ', 'cute09 Subscribed to Green Package plan.', 'binary_commission', '2021-07-28 03:27:29', '2021-07-28 03:27:29'),
(171, 23, 45, 0, 285.08, '+', 'AF3HJYXZD4YS', 'cute09 Subscribed to Green Package plan.', 'referral_commission', '2021-07-28 03:27:29', '2021-07-28 03:27:29'),
(172, 24, 50, 0, 13521.5, '-', '7EMKZRKKCEDT', 'Purchased Starter Packege', 'purchased_plan', '2021-07-28 03:37:42', '2021-07-28 03:37:42'),
(173, 23, 4, 0, 289.08, '+', 'PXYS5E1RK6KH', 'cute09 Subscribed to Starter Packege plan.', 'binary_commission', '2021-07-28 03:37:49', '2021-07-28 03:37:49'),
(174, 1, 4, 0, 1217.41, '+', 'ZP4VTFBS932J', 'cute09 Subscribed to Starter Packege plan.', 'binary_commission', '2021-07-28 03:37:50', '2021-07-28 03:37:50'),
(175, 23, 45, 0, 334.08, '+', 'DSNGR7SQCC8V', 'cute09 Subscribed to Starter Packege plan.', 'referral_commission', '2021-07-28 03:37:52', '2021-07-28 03:37:52'),
(176, 24, 1500, 0, 12021.5, '-', 'CKQ4FZ6R7C8Q', 'Purchased Green Package', 'purchased_plan', '2021-07-28 03:38:57', '2021-07-28 03:38:57'),
(177, 23, 133.33, 0, 467.41, '+', 'VJOUGAQ4A8RD', 'cute09 Subscribed to Green Package plan.', 'binary_commission', '2021-07-28 03:39:06', '2021-07-28 03:39:06'),
(178, 1, 133.33, 0, 1350.74, '+', 'ZOMYWDFWDDVY', 'cute09 Subscribed to Green Package plan.', 'binary_commission', '2021-07-28 03:39:08', '2021-07-28 03:39:08'),
(179, 23, 45, 0, 512.41, '+', 'ZV6RVKD9UFSA', 'cute09 Subscribed to Green Package plan.', 'referral_commission', '2021-07-28 03:39:09', '2021-07-28 03:39:09'),
(180, 23, 1.5, 0, 512.41, '+', 'AJ3W73DM9POP', 'Daily commission', 'plan_commission', NULL, NULL),
(181, 24, 8.33, 0, 12021.5, '+', '4SRUHZ77986B', 'Daily commission', 'plan_commission', NULL, NULL),
(182, 30, 0.25, 0, 1164.25, '+', 'D11W8BNXXY43', 'Daily commission', 'plan_commission', NULL, NULL),
(183, 32, 1.5, 0, 1013.25, '+', 'FJTSRRNPY3YE', 'Daily commission', 'plan_commission', NULL, NULL),
(184, 71, 15, 0, 2150, '+', '6JBNAOJR8X7G', 'Daily commission', 'plan_commission', NULL, NULL),
(185, 23, 1.5, 0, 513.91, '+', '8JYW7CSN2695', 'Daily commission', 'plan_commission', NULL, NULL),
(186, 24, 8.33, 0, 12029.8, '+', 'EZT379YDNP2U', 'Daily commission', 'plan_commission', NULL, NULL),
(187, 30, 0.25, 0, 1164.5, '+', 'SU9GRD9O2SOM', 'Daily commission', 'plan_commission', NULL, NULL),
(188, 32, 1.5, 0, 1014.75, '+', 'GGA76U871Y1Z', 'Daily commission', 'plan_commission', NULL, NULL),
(189, 71, 15, 0, 2165, '+', '6JRC3Q6QWQWB', 'Daily commission', 'plan_commission', NULL, NULL),
(190, 24, 4.35714, 0, 12038.2, '+', '31C5GUPRWJS3', 'Monthly Royalty Commission', 'Royalty_commission', NULL, NULL),
(191, 24, 4.35714, 0, 12042.5, '+', 'D6VXZD3AFD3C', 'Monthly Royalty Commission', 'Royalty_commission', NULL, NULL),
(192, 24, 4.35714, 0, 12046.9, '+', 'EK747KCVGM3B', 'Monthly Royalty Commission', 'Royalty_commission', NULL, NULL),
(193, 24, 4.35714, 0, 12051.2, '+', 'Y2EXADTDMM39', 'Monthly Royalty Commission', 'Royalty_commission', NULL, NULL),
(194, 24, 4.35714, 0, 12055.6, '+', '4MDDUHZO9VOZ', 'Monthly Royalty Commission', 'Royalty_commission', NULL, NULL),
(195, 24, 4.35714, 0, 12059.9, '+', 'VU59O3GFS3V1', 'Monthly Royalty Commission', 'Royalty_commission', NULL, NULL),
(196, 24, 4.35714, 0, 12064.3, '+', 'VTOMKYEFWSMH', 'Monthly Royalty Commission', 'Royalty_commission', NULL, NULL),
(197, 24, 4.35714, 0, 12068.7, '+', 'SAOAT62GW95A', 'Monthly Royalty Commission', 'Royalty_commission', NULL, NULL),
(198, 24, 4.35714, 0, 12073, '+', 'YHOA4DCFKAXO', 'Monthly Royalty Commission', 'Royalty_commission', NULL, NULL),
(199, 24, 4.35714, 0, 12077.4, '+', '2N7G3KAWXYRK', 'Monthly Royalty Commission', 'Royalty_commission', NULL, NULL),
(200, 24, 4.35714, 0, 12081.7, '+', 'EYT4VKOCJDJZ', 'Monthly Royalty Commission', 'Royalty_commission', NULL, NULL),
(201, 24, 4.35714, 0, 12086.1, '+', 'U3PKTXFH98JM', 'Monthly Royalty Commission', 'Royalty_commission', NULL, NULL),
(202, 24, 4.35714, 0, 12090.4, '+', '2OGUP7W6YCZM', 'Monthly Royalty Commission', 'Royalty_commission', NULL, NULL),
(203, 24, 4.35714, 0, 12094.8, '+', 'ON1MM9A4FGWX', 'Monthly Royalty Commission', 'Royalty_commission', NULL, NULL),
(204, 24, 300, 0, 11799.2, '-', 'VE4HFJ6466R6', 'Purchased White Packege', 'purchased_plan', '2021-07-30 08:57:49', '2021-07-30 08:57:49'),
(205, 23, 24, 0, 539.41, '+', 'CKUYKDQD31YJ', 'cute09 Subscribed to White Packege plan.', 'binary_commission', '2021-07-30 08:57:49', '2021-07-30 08:57:49'),
(206, 1, 24, 0, 1374.74, '+', 'HPCZ2B18HM9Y', 'cute09 Subscribed to White Packege plan.', 'binary_commission', '2021-07-30 08:57:50', '2021-07-30 08:57:50'),
(207, 23, 45, 0, 584.41, '+', 'OQACKWR5QZ9E', 'cute09 Subscribed to White Packege plan.', 'referral_commission', '2021-07-30 08:57:50', '2021-07-30 08:57:50'),
(208, 23, 1.5, 0, 584.41, '+', 'MU37P93RBG3V', 'Daily commission', 'plan_commission', NULL, NULL),
(209, 24, 1.5, 0, 11799.2, '+', 'WN9XGM6BAY61', 'Daily commission', 'plan_commission', NULL, NULL),
(210, 30, 0.25, 0, 1164.75, '+', 'ZXEBR9BG2F4Y', 'Daily commission', 'plan_commission', NULL, NULL),
(211, 32, 1.5, 0, 1016.25, '+', '3PHHDS9YW6AX', 'Daily commission', 'plan_commission', NULL, NULL),
(212, 71, 15, 0, 2180, '+', '76RB4QMP3JV6', 'Daily commission', 'plan_commission', NULL, NULL),
(213, 24, 1500, 0, 10300.7, '-', 'EYX39K8362XF', 'Purchased Green Package', 'purchased_plan', '2021-07-31 07:24:55', '2021-07-31 07:24:55'),
(214, 23, 133.33, 0, 719.24, '+', 'SP3C3EY1P3QE', 'cute09 Subscribed to Green Package plan.', 'binary_commission', '2021-07-31 07:24:55', '2021-07-31 07:24:55'),
(215, 1, 133.33, 0, 1508.07, '+', 'DFUADQKDSNGY', 'cute09 Subscribed to Green Package plan.', 'binary_commission', '2021-07-31 07:24:55', '2021-07-31 07:24:55'),
(216, 23, 36, 0, 755.24, '+', 'YBX9HXREER9F', 'cute09 Subscribed to Green Package plan.', 'referral_commission', '2021-07-31 07:24:55', '2021-07-31 07:24:55'),
(217, 72, 310, 0, 310, '+', 'JNWF86KEQXAF', 'Deposit Via Safe World', NULL, '2021-07-31 12:23:51', '2021-07-31 12:23:51'),
(218, 24, 50, 0, 10350.7, '+', '19TZPH4VYPWK', 'Deposit Via Safe World', NULL, '2021-07-31 12:24:00', '2021-07-31 12:24:00'),
(219, 72, 300, 0, 10, '-', 'YR7PDPJONP8F', 'Purchased White Packege', 'purchased_plan', '2021-07-31 12:25:26', '2021-07-31 12:25:26'),
(220, 24, 24, 0, 10374.7, '+', '4OAZYMWK7U6P', 'R123469 Subscribed to White Packege plan.', 'binary_commission', '2021-07-31 12:25:27', '2021-07-31 12:25:27'),
(221, 23, 24, 0, 779.24, '+', '5KXAYJ4HNXRY', 'R123469 Subscribed to White Packege plan.', 'binary_commission', '2021-07-31 12:25:27', '2021-07-31 12:25:27'),
(222, 1, 24, 0, 1532.07, '+', 'U5YUMNK5Q788', 'R123469 Subscribed to White Packege plan.', 'binary_commission', '2021-07-31 12:25:27', '2021-07-31 12:25:27'),
(223, 24, 180, 0, 10554.7, '+', 'JSJ5EK7QB6XN', 'R123469 Subscribed to White Packege plan.', 'referral_commission', '2021-07-31 12:25:27', '2021-07-31 12:25:27'),
(224, 73, 310, 0, 310, '+', '9Q5GOTUTTNXQ', 'Deposit Via Safe World', NULL, '2021-07-31 12:33:42', '2021-07-31 12:33:42'),
(225, 73, 300, 0, 10, '-', 'Y27NW7Y3O4MF', 'Purchased White Packege', 'purchased_plan', '2021-07-31 12:34:05', '2021-07-31 12:34:05'),
(226, 72, 24, 0, 34, '+', 'BXEK9TMHWS8T', 'Test44555 Subscribed to White Packege plan.', 'binary_commission', '2021-07-31 12:34:08', '2021-07-31 12:34:08'),
(227, 24, 24, 0, 10578.7, '+', '9P7K363Z1U44', 'Test44555 Subscribed to White Packege plan.', 'binary_commission', '2021-07-31 12:34:08', '2021-07-31 12:34:08'),
(228, 23, 24, 0, 803.24, '+', 'U6KCJ78S642R', 'Test44555 Subscribed to White Packege plan.', 'binary_commission', '2021-07-31 12:34:08', '2021-07-31 12:34:08'),
(229, 1, 24, 0, 1556.07, '+', '3J6VSFNE1FW1', 'Test44555 Subscribed to White Packege plan.', 'binary_commission', '2021-07-31 12:34:08', '2021-07-31 12:34:08'),
(230, 24, 180, 0, 10758.7, '+', 'O8QWF3KEF2Q3', 'Test44555 Subscribed to White Packege plan.', 'referral_commission', '2021-07-31 12:34:08', '2021-07-31 12:34:08'),
(231, 74, 301, 0, 301, '+', '4T98BMF9QTXY', 'Deposit Via Safe World', NULL, '2021-07-31 12:45:19', '2021-07-31 12:45:19'),
(232, 74, 300, 0, 1, '-', 'Q8YMRG6337FT', 'Purchased White Packege', 'purchased_plan', '2021-07-31 12:45:37', '2021-07-31 12:45:37'),
(233, 73, 24, 0, 34, '+', 'N7VUJFN8KRQ1', 'Test4368 Subscribed to White Packege plan.', 'binary_commission', '2021-07-31 12:45:39', '2021-07-31 12:45:39'),
(234, 72, 24, 0, 58, '+', 'G86SGFRKB5X1', 'Test4368 Subscribed to White Packege plan.', 'binary_commission', '2021-07-31 12:45:39', '2021-07-31 12:45:39'),
(235, 24, 24, 0, 10782.7, '+', 'HMP5FHBEX2RD', 'Test4368 Subscribed to White Packege plan.', 'binary_commission', '2021-07-31 12:45:39', '2021-07-31 12:45:39'),
(236, 23, 24, 0, 827.24, '+', '7W1SHEZFW5K6', 'Test4368 Subscribed to White Packege plan.', 'binary_commission', '2021-07-31 12:45:39', '2021-07-31 12:45:39'),
(237, 1, 24, 0, 1580.07, '+', '8M3E3EZTTPNG', 'Test4368 Subscribed to White Packege plan.', 'binary_commission', '2021-07-31 12:45:39', '2021-07-31 12:45:39'),
(238, 24, 180, 0, 10962.7, '+', '76UTNQMBVF63', 'Test4368 Subscribed to White Packege plan.', 'referral_commission', '2021-07-31 12:45:39', '2021-07-31 12:45:39'),
(239, 23, 1.5, 0, 827.24, '+', 'X6C3XHTGC3OE', 'Daily commission', 'plan_commission', NULL, NULL),
(240, 24, 8.33, 0, 10962.7, '+', '8Y7N6KFUG655', 'Daily commission', 'plan_commission', NULL, NULL),
(241, 30, 0.25, 0, 1165, '+', 'GHQEFEO1U1DG', 'Daily commission', 'plan_commission', NULL, NULL),
(242, 25, 1.75, 0, 171, '+', 'ZWFOSGFKMPVB', 'Weekly commission', 'plan_commission', NULL, NULL),
(243, 32, 1.5, 0, 1017.75, '+', 'NKG4NY6HMWA7', 'Daily commission', 'plan_commission', NULL, NULL),
(244, 24, 8.21429, 0, 10971, '+', 'HD71Y1WA12B4', 'Monthly Royalty Commission', 'Royalty_commission', NULL, NULL),
(245, 71, 15, 0, 2195, '+', 'ZMM6O6VCK2FA', 'Daily commission', 'plan_commission', NULL, NULL),
(246, 72, 1.5, 0, 58, '+', '16OY13RYWRHN', 'Daily commission', 'plan_commission', NULL, NULL),
(247, 73, 1.5, 0, 34, '+', 'OD6BTBJEAVNY', 'Daily commission', 'plan_commission', NULL, NULL),
(248, 74, 1.5, 0, 1, '+', 'OJQ5Q9RNCEGM', 'Daily commission', 'plan_commission', NULL, NULL),
(249, 24, 3000, 0, 7979.2, '-', 'W29MA5QK7DZP', 'Purchased Blue Package', 'purchased_plan', '2021-08-01 04:54:41', '2021-08-01 04:54:41'),
(250, 23, 240, 0, 1068.74, '+', 'QXKNMV47S94G', 'cute09 Subscribed to Blue Package plan.', 'binary_commission', '2021-08-01 04:54:42', '2021-08-01 04:54:42'),
(251, 1, 240, 0, 1820.07, '+', '3A4K6YJFHO79', 'cute09 Subscribed to Blue Package plan.', 'binary_commission', '2021-08-01 04:54:42', '2021-08-01 04:54:42'),
(252, 23, 36, 0, 1104.74, '+', 'XK3YRW1OJT95', 'cute09 Subscribed to Blue Package plan.', 'referral_commission', '2021-08-01 04:54:42', '2021-08-01 04:54:42'),
(253, 24, 10, 0, 7969.2, '-', '9HV79WVRC9HV', 'Balance Transferred To Cute096', 'balance_transfer', '2021-08-01 05:03:48', '2021-08-01 05:03:48'),
(254, 25, 10, 0, 182.75, '+', '9HV79WVRC9HV', 'Balance receive From cute09', 'balance_receive', '2021-08-01 05:03:49', '2021-08-01 05:03:49'),
(255, 24, 100, 0, 8069.2, '+', 'JXA1PTYHKTKD', 'Deposit Via Safe World', NULL, '2021-08-01 05:09:01', '2021-08-01 05:09:01'),
(256, 23, 1.5, 0, 1104.74, '+', 'FM44OGDOFYNC', 'Daily commission', 'plan_commission', NULL, NULL),
(257, 24, 15, 0, 8069.2, '+', 'W6YJD8GNT8VP', 'Daily commission', 'plan_commission', NULL, NULL),
(258, 30, 0.25, 0, 1165.25, '+', 'GK17GBRTHFQG', 'Daily commission', 'plan_commission', NULL, NULL),
(259, 32, 1.5, 0, 1019.25, '+', 'N2J8J7AQKJEU', 'Daily commission', 'plan_commission', NULL, NULL),
(260, 71, 15, 0, 2210, '+', '3FHQ8AWUAVA4', 'Daily commission', 'plan_commission', NULL, NULL),
(261, 72, 1.5, 0, 59.5, '+', 'P9EW5R871G9U', 'Daily commission', 'plan_commission', NULL, NULL),
(262, 73, 1.5, 0, 35.5, '+', '1UYM2PW6FXQQ', 'Daily commission', 'plan_commission', NULL, NULL),
(263, 74, 1.5, 0, 2.5, '+', 'RC2FW8OYQ2M6', 'Daily commission', 'plan_commission', NULL, NULL),
(264, 23, 1.5, 0, 1106.24, '+', 'K7SPPRGGXDCZ', 'Daily commission', 'plan_commission', NULL, NULL),
(265, 24, 15, 0, 8084.2, '+', 'C434BAH8W49S', 'Daily commission', 'plan_commission', NULL, NULL),
(266, 30, 0.25, 0, 1165.5, '+', 'XBJ25K57TJXJ', 'Daily commission', 'plan_commission', NULL, NULL),
(267, 32, 1.5, 0, 1020.75, '+', 'XG7O728YWOE1', 'Daily commission', 'plan_commission', NULL, NULL),
(268, 71, 15, 0, 2225, '+', '56OY5PYW8M9H', 'Daily commission', 'plan_commission', NULL, NULL),
(269, 72, 1.5, 0, 61, '+', 'KKVRJA82338R', 'Daily commission', 'plan_commission', NULL, NULL),
(270, 73, 1.5, 0, 37, '+', 'K84R59U4AM3E', 'Daily commission', 'plan_commission', NULL, NULL),
(271, 74, 1.5, 0, 4, '+', 'ZBA4FD8BP6KB', 'Daily commission', 'plan_commission', NULL, NULL),
(272, 75, 360, 0, 360, '+', 'G31OHVN6XX3N', 'Deposit Via Safe World', NULL, '2021-08-03 07:56:39', '2021-08-03 07:56:39'),
(273, 75, 300, 0, 60, '-', '7JZ8R98S9MAN', 'Purchased White Packege', 'purchased_plan', '2021-08-03 08:04:22', '2021-08-03 08:04:22'),
(274, 71, 24, 0, 2264, '+', '4VG5KE3AO3YA', 'rooydeeb Subscribed to White Packege plan.', 'binary_commission', '2021-08-03 08:04:23', '2021-08-03 08:04:23'),
(275, 32, 24, 0, 1046.25, '+', '418E4E4O66ZY', 'rooydeeb Subscribed to White Packege plan.', 'binary_commission', '2021-08-03 08:04:23', '2021-08-03 08:04:23'),
(276, 30, 24, 0, 1189.75, '+', '1O9TPGZX52DD', 'rooydeeb Subscribed to White Packege plan.', 'binary_commission', '2021-08-03 08:04:23', '2021-08-03 08:04:23'),
(277, 1, 24, 0, 1844.07, '+', 'ZPY5899US8YZ', 'rooydeeb Subscribed to White Packege plan.', 'binary_commission', '2021-08-03 08:04:23', '2021-08-03 08:04:23'),
(278, 32, 36, 0, 1082.25, '+', '3YJ32YC48FVW', 'rooydeeb Subscribed to White Packege plan.', 'referral_commission', '2021-08-03 08:04:23', '2021-08-03 08:04:23'),
(279, 23, 1.5, 0, 1107.74, '+', 'NG44WMYUB8E2', 'Daily commission', 'plan_commission', NULL, NULL),
(280, 24, 15, 0, 8099.2, '+', 'VQPO146ZWPEQ', 'Daily commission', 'plan_commission', NULL, NULL),
(281, 30, 0.25, 0, 1189.75, '+', 'JU4D8YS4UVNS', 'Daily commission', 'plan_commission', NULL, NULL),
(282, 32, 1.5, 0, 1082.25, '+', '7NX1DBD4ZWBY', 'Daily commission', 'plan_commission', NULL, NULL),
(283, 71, 15, 0, 2264, '+', 'KFEUO38NYKBP', 'Daily commission', 'plan_commission', NULL, NULL),
(284, 72, 1.5, 0, 62.5, '+', 'XDCS7SNCHF8J', 'Daily commission', 'plan_commission', NULL, NULL),
(285, 73, 1.5, 0, 38.5, '+', '7TZ5RBVTB5UO', 'Daily commission', 'plan_commission', NULL, NULL),
(286, 74, 1.5, 0, 5.5, '+', 'YY9QKGJKVV6V', 'Daily commission', 'plan_commission', NULL, NULL),
(287, 75, 1.5, 0, 60, '+', 'TNCOT1TZMF85', 'Daily commission', 'plan_commission', NULL, NULL),
(288, 23, 1.5, 0, 1109.24, '+', 'AOMH4DH2ATV3', 'Daily commission', 'plan_commission', '2021-08-03 22:11:02', NULL),
(289, 24, 15, 0, 8114.2, '+', '9BV3NUVWBSZA', 'Daily commission', 'plan_commission', '2021-08-03 22:11:02', NULL),
(290, 30, 0.25, 0, 1190, '+', 'Z9Z6W9VE8SEA', 'Daily commission', 'plan_commission', '2021-08-03 22:11:03', NULL),
(291, 32, 1.5, 0, 1083.75, '+', 'X6RR4D1S12Y1', 'Daily commission', 'plan_commission', '2021-08-03 22:11:04', NULL),
(292, 71, 15, 0, 2279, '+', 'P2ZVNNNDS5ZA', 'Daily commission', 'plan_commission', '2021-08-03 22:11:04', NULL),
(293, 72, 1.5, 0, 64, '+', 'DRTEYJ5T2BCU', 'Daily commission', 'plan_commission', '2021-08-03 22:11:05', NULL),
(294, 73, 1.5, 0, 40, '+', 'Y7YVTM49DE3R', 'Daily commission', 'plan_commission', '2021-08-03 22:11:05', NULL),
(295, 74, 1.5, 0, 7, '+', '92WVAKFYAJXT', 'Daily commission', 'plan_commission', '2021-08-03 22:11:05', NULL),
(296, 75, 1.5, 0, 61.5, '+', 'ZZ9KN2PPNNM6', 'Daily commission', 'plan_commission', '2021-08-03 22:11:05', NULL),
(297, 23, 1.5, 0, 1110.74, '+', 'MX4N4RSGVHRC', 'Daily commission', 'plan_commission', '2021-08-03 22:12:02', NULL),
(298, 24, 15, 0, 8129.2, '+', 'FWJ7YOPWXZG1', 'Daily commission', 'plan_commission', '2021-08-03 22:12:03', NULL),
(299, 30, 0.25, 0, 1190.25, '+', '55SNWSYZRUZ8', 'Daily commission', 'plan_commission', '2021-08-03 22:12:03', NULL),
(300, 32, 1.5, 0, 1085.25, '+', '6XP8Y3GQCY6G', 'Daily commission', 'plan_commission', '2021-08-03 22:12:04', NULL),
(301, 71, 15, 0, 2294, '+', 'PM75FCZVNAXJ', 'Daily commission', 'plan_commission', '2021-08-03 22:12:04', NULL),
(302, 72, 1.5, 0, 65.5, '+', 'NAEOBTJ7ZRY1', 'Daily commission', 'plan_commission', '2021-08-03 22:12:05', NULL),
(303, 73, 1.5, 0, 41.5, '+', 'MUVF7YZ18UKK', 'Daily commission', 'plan_commission', '2021-08-03 22:12:05', NULL),
(304, 74, 1.5, 0, 8.5, '+', '5F4GH8N9AVK7', 'Daily commission', 'plan_commission', '2021-08-03 22:12:06', NULL),
(305, 75, 1.5, 0, 63, '+', '9A224EW64UQS', 'Daily commission', 'plan_commission', '2021-08-03 22:12:06', NULL),
(306, 23, 1.5, 0, 1112.24, '+', 'WWXDT3GOMTFR', 'Daily commission', 'plan_commission', '2021-08-03 22:13:02', NULL),
(307, 24, 15, 0, 8144.2, '+', 'PE3MJ3JQ3FYE', 'Daily commission', 'plan_commission', '2021-08-03 22:13:03', NULL),
(308, 30, 0.25, 0, 1190.5, '+', 'J4TM8SH113VQ', 'Daily commission', 'plan_commission', '2021-08-03 22:13:05', NULL),
(309, 32, 1.5, 0, 1086.75, '+', 'PKUKP9FFJRS5', 'Daily commission', 'plan_commission', '2021-08-03 22:13:06', NULL),
(310, 71, 15, 0, 2309, '+', 'Z1W1NUBZ36TQ', 'Daily commission', 'plan_commission', '2021-08-03 22:13:06', NULL),
(311, 72, 1.5, 0, 67, '+', 'EWNEKU9P4UVO', 'Daily commission', 'plan_commission', '2021-08-03 22:13:07', NULL),
(312, 73, 1.5, 0, 43, '+', '729VENCOQBGO', 'Daily commission', 'plan_commission', '2021-08-03 22:13:08', NULL),
(313, 74, 1.5, 0, 10, '+', 'ZPJ5PZDO9X52', 'Daily commission', 'plan_commission', '2021-08-03 22:13:08', NULL),
(314, 75, 1.5, 0, 64.5, '+', 'Y1R941PTMF1E', 'Daily commission', 'plan_commission', '2021-08-03 22:13:10', NULL),
(315, 23, 1.5, 0, 1113.74, '+', 'E77NYYZNFDA5', 'Daily commission', 'plan_commission', '2021-08-03 22:14:03', NULL),
(316, 24, 15, 0, 8159.2, '+', 'ARHCZH45RRMQ', 'Daily commission', 'plan_commission', '2021-08-03 22:14:03', NULL),
(317, 30, 0.25, 0, 1190.75, '+', 'T2DOZGQOBXXT', 'Daily commission', 'plan_commission', '2021-08-03 22:14:03', NULL),
(318, 32, 1.5, 0, 1088.25, '+', 'BQC64TFQFZAT', 'Daily commission', 'plan_commission', '2021-08-03 22:14:04', NULL),
(319, 71, 15, 0, 2324, '+', 'WKDPEBYOOUF5', 'Daily commission', 'plan_commission', '2021-08-03 22:14:05', NULL),
(320, 72, 1.5, 0, 68.5, '+', 'EYVZC8KYABKE', 'Daily commission', 'plan_commission', '2021-08-03 22:14:06', NULL),
(321, 73, 1.5, 0, 44.5, '+', '442V14PACW9P', 'Daily commission', 'plan_commission', '2021-08-03 22:14:08', NULL),
(322, 74, 1.5, 0, 11.5, '+', '618D4MZSV1PZ', 'Daily commission', 'plan_commission', '2021-08-03 22:14:09', NULL),
(323, 75, 1.5, 0, 66, '+', 'Z5S7CVH6Q88O', 'Daily commission', 'plan_commission', '2021-08-03 22:14:09', NULL),
(324, 77, 3000, 0, 3000, '+', 'MGST7T49CX6P', 'Deposit Via Safe World', NULL, '2021-08-04 07:22:28', '2021-08-04 07:22:28'),
(325, 79, 50, 0, 50, '+', 'SAM2O7M4URG5', 'Deposit Via Safe World', NULL, '2021-08-04 12:39:24', '2021-08-04 12:39:24'),
(326, 79, 50, 0, 0, '-', 'GC4V3X91F89E', 'Purchased Starter Packege', 'purchased_plan', '2021-08-04 12:39:41', '2021-08-04 12:39:41'),
(327, 80, 300, 0, 300, '+', 'J3XAKZGMZYHO', 'Deposit Via Safe World', NULL, '2021-08-04 13:05:28', '2021-08-04 13:05:28'),
(328, 80, 300, 0, 0, '-', 'VFCV76CTZ5FU', 'Purchased White Packege', 'purchased_plan', '2021-08-04 13:05:46', '2021-08-04 13:05:46'),
(329, 81, 300, 0, 300, '+', '1YZNXRZQUM9X', 'Deposit Via Safe World', NULL, '2021-08-04 13:32:25', '2021-08-04 13:32:25'),
(330, 81, 300, 0, 0, '-', 'E82VRU3B7E58', 'Purchased White Packege', 'purchased_plan', '2021-08-04 13:32:40', '2021-08-04 13:32:40'),
(331, 81, 2000, 0, 2000, '+', 'G6JJCM1JXTFF', 'Deposit Via Safe World', NULL, '2021-08-04 13:35:32', '2021-08-04 13:35:32'),
(332, 81, 50, 0, 1950, '-', 'SUN717C323TF', 'Purchased Starter Packege', 'purchased_plan', '2021-08-04 13:36:01', '2021-08-04 13:36:01'),
(333, 81, 300, 0, 1650, '-', '1BSAW57VOCTO', 'Purchased White Packege', 'purchased_plan', '2021-08-04 13:45:35', '2021-08-04 13:45:35'),
(334, 32, 24, 0, 1113.75, '+', 'DX25AGU6HEQU', 'Assr4678 Subscribed to White Packege plan.', 'binary_commission', '2021-08-04 13:45:38', '2021-08-04 13:45:38'),
(335, 1, 24, 0, 1868.07, '+', 'EMFWCGJD58CZ', 'Assr4678 Subscribed to White Packege plan.', 'binary_commission', '2021-08-04 13:45:39', '2021-08-04 13:45:39'),
(336, 32, 36, 0, 1149.75, '+', 'G1ZW732N8AQ3', 'Assr4678 Subscribed to White Packege plan.', 'referral_commission', '2021-08-04 13:45:39', '2021-08-04 13:45:39'),
(337, 81, 1500, 0, 150, '-', 'CCTHOHHKCBGN', 'Purchased Green Package', 'purchased_plan', '2021-08-04 13:49:57', '2021-08-04 13:49:57'),
(338, 32, 133.33, 0, 1283.08, '+', 'MU4Q4RCXKZ8M', 'Assr4678 Subscribed to Green Package plan.', 'binary_commission', '2021-08-04 13:49:58', '2021-08-04 13:49:58'),
(339, 1, 133.33, 0, 2001.4, '+', 'P2VVYE1VJFXH', 'Assr4678 Subscribed to Green Package plan.', 'binary_commission', '2021-08-04 13:49:58', '2021-08-04 13:49:58'),
(340, 32, 36, 0, 1319.08, '+', 'E9NAYR2DGBUH', 'Assr4678 Subscribed to Green Package plan.', 'referral_commission', '2021-08-04 13:49:59', '2021-08-04 13:49:59'),
(341, 23, 1.5, 0, 1115.24, '+', 'AP6Y9OOBKMGT', 'Daily commission', 'plan_commission', '2021-08-04 18:00:05', NULL),
(342, 24, 15, 0, 8174.2, '+', 'A3UXKAVZAGJD', 'Daily commission', 'plan_commission', '2021-08-04 18:00:06', NULL),
(343, 30, 0.25, 0, 1191, '+', 'A489W64D3X65', 'Daily commission', 'plan_commission', '2021-08-04 18:00:06', NULL),
(344, 32, 1.5, 0, 1319.08, '+', 'JJUKV5TSRA12', 'Daily commission', 'plan_commission', '2021-08-04 18:00:07', NULL),
(345, 71, 15, 0, 2339, '+', '2A9BTJNQXA6A', 'Daily commission', 'plan_commission', '2021-08-04 18:00:07', NULL),
(346, 72, 1.5, 0, 70, '+', '742C3E7Y9X29', 'Daily commission', 'plan_commission', '2021-08-04 18:00:07', NULL),
(347, 73, 1.5, 0, 46, '+', '2COV2B46ZZQN', 'Daily commission', 'plan_commission', '2021-08-04 18:00:07', NULL),
(348, 74, 1.5, 0, 13, '+', '18OGU9S7N4S4', 'Daily commission', 'plan_commission', '2021-08-04 18:00:08', NULL),
(349, 75, 1.5, 0, 67.5, '+', 'W1ER7PZM4NQA', 'Daily commission', 'plan_commission', '2021-08-04 18:00:08', NULL),
(350, 79, 0.25, 0, 0, '+', 'JBEFCTAJ5NRE', 'Daily commission', 'plan_commission', '2021-08-04 18:00:08', NULL),
(351, 23, 1.5, 0, 1116.74, '+', 'GONE28DV8ZEW', 'Daily commission', 'plan_commission', '2021-08-05 18:00:03', NULL),
(352, 24, 15, 0, 8189.2, '+', 'XURE7QSH211A', 'Daily commission', 'plan_commission', '2021-08-05 18:00:08', NULL),
(353, 30, 0.25, 0, 1191.25, '+', '4PBEV67BXBQM', 'Daily commission', 'plan_commission', '2021-08-05 18:00:08', NULL),
(354, 32, 1.5, 0, 1320.58, '+', 'SECQ6ZUREYGR', 'Daily commission', 'plan_commission', '2021-08-05 18:00:09', NULL),
(355, 71, 15, 0, 2354, '+', 'S2QGBT1RMMMA', 'Daily commission', 'plan_commission', '2021-08-05 18:00:09', NULL),
(356, 72, 1.5, 0, 71.5, '+', '8MNEENFUF1NE', 'Daily commission', 'plan_commission', '2021-08-05 18:00:09', NULL),
(357, 73, 1.5, 0, 47.5, '+', 'NDFWJHC7G49M', 'Daily commission', 'plan_commission', '2021-08-05 18:00:09', NULL),
(358, 74, 1.5, 0, 14.5, '+', 'GC3MGJO7Q92E', 'Daily commission', 'plan_commission', '2021-08-05 18:00:09', NULL),
(359, 75, 1.5, 0, 69, '+', 'UNQAKZUXJV5H', 'Daily commission', 'plan_commission', '2021-08-05 18:00:09', NULL),
(360, 79, 0.25, 0, 0.25, '+', 'ADUB4DHB9QWA', 'Daily commission', 'plan_commission', '2021-08-05 18:00:10', NULL),
(361, 83, 310, 0, 310, '+', 'ETKM92M33QTM', 'Deposit Via Safe World', NULL, '2021-08-06 07:37:06', '2021-08-06 07:37:06'),
(362, 83, 300, 0, 10, '-', 'VARR8C3PJB65', 'Purchased White Packege', 'purchased_plan', '2021-08-06 08:12:18', '2021-08-06 08:12:18'),
(363, 32, 24, 0, 1346.08, '+', 'SS4RUPJY9CTW', 'Binary Commission', 'binary_commission', '2021-08-06 08:12:23', '2021-08-06 08:12:23'),
(364, 1, 24, 0, 2025.4, '+', '6WJYKNTWKDQO', 'Binary Commission', 'binary_commission', '2021-08-06 08:12:24', '2021-08-06 08:12:24'),
(365, 32, 36, 0, 1382.08, '+', '93XX7GVS4KJ1', 'merajali Subscribed to White Packege plan.', 'referral_commission', '2021-08-06 08:12:24', '2021-08-06 08:12:24'),
(366, 85, 50, 0, 50, '+', 'M6WU7SYADD3U', 'Deposit Via Safe World', NULL, '2021-08-06 09:56:50', '2021-08-06 09:56:50'),
(367, 77, 1500, 0, 1500, '-', 'HWQ7R18KMB7X', 'Purchased Green Package', 'purchased_plan', '2021-08-06 12:22:14', '2021-08-06 12:22:14'),
(368, 77, 1500, 0, 0, '-', '2H686FAQQDMP', 'Purchased Green Package', 'purchased_plan', '2021-08-06 12:22:54', '2021-08-06 12:22:54'),
(369, 75, 36, 0, 106.5, '+', '387QO1UKRQJJ', 'sumon08 Subscribed to Green Package plan.', 'referral_commission', '2021-08-06 12:23:30', '2021-08-06 12:23:30'),
(370, 75, 36, 0, 106.5, '+', 'OX13ZPOMBGS3', 'sumon08 Subscribed to Green Package plan.', 'referral_commission', '2021-08-06 12:23:31', '2021-08-06 12:23:31'),
(371, 23, 1.5, 0, 1118.24, '+', 'CX6EPWBX6UOP', 'Daily commission', 'plan_commission', '2021-08-06 18:00:03', NULL),
(372, 24, 15, 0, 8204.2, '+', '1FCXN4VBYEQS', 'Daily commission', 'plan_commission', '2021-08-06 18:00:04', NULL),
(373, 30, 0.25, 0, 1191.5, '+', 'V6MMCXBPAFVJ', 'Daily commission', 'plan_commission', '2021-08-06 18:00:04', NULL),
(374, 32, 1.5, 0, 1382.08, '+', '7ZOR4ESVEGXW', 'Daily commission', 'plan_commission', '2021-08-06 18:00:04', NULL),
(375, 71, 15, 0, 2369, '+', 'HUW1P2OP8TZ6', 'Daily commission', 'plan_commission', '2021-08-06 18:00:05', NULL),
(376, 72, 1.5, 0, 73, '+', '7YV5XR4HWRTS', 'Daily commission', 'plan_commission', '2021-08-06 18:00:05', NULL),
(377, 73, 1.5, 0, 49, '+', 'V3HQ9U32KA6A', 'Daily commission', 'plan_commission', '2021-08-06 18:00:05', NULL),
(378, 74, 1.5, 0, 16, '+', 'B41UD1QSFA5Z', 'Daily commission', 'plan_commission', '2021-08-06 18:00:06', NULL),
(379, 75, 1.5, 0, 106.5, '+', 'AEVENMV8GH1P', 'Daily commission', 'plan_commission', '2021-08-06 18:00:06', NULL),
(380, 79, 0.25, 0, 0.5, '+', 'X1YZFS6YJQ1G', 'Daily commission', 'plan_commission', '2021-08-06 18:00:06', NULL),
(381, 85, 50, 0, 0, '-', '3PGFNTZUPDY6', 'Purchased Starter Packege', 'purchased_plan', '2021-08-07 04:03:32', '2021-08-07 04:03:32'),
(382, 71, 4, 0, 2388, '+', 'GXWAQ21F8C6F', 'Binary Commission', 'binary_commission', '2021-08-07 04:03:33', '2021-08-07 04:03:33'),
(383, 32, 4, 0, 1387.58, '+', '8RX9WWMYZ7AR', 'Binary Commission', 'binary_commission', '2021-08-07 04:03:33', '2021-08-07 04:03:33'),
(384, 1, 4, 0, 2029.4, '+', 'KNA58M6T1Q6Z', 'Binary Commission', 'binary_commission', '2021-08-07 04:03:33', '2021-08-07 04:03:33'),
(385, 77, 6, 0, 6, '+', 'NF78SMFOYE88', 'ashabul Subscribed to Starter Packege plan.', 'referral_commission', '2021-08-07 04:03:34', '2021-08-07 04:03:34'),
(386, 30, 50, 0, 1141.75, '-', 'PS8J5TDNEJDY', 'Balance Transferred To Shanu2021', 'balance_transfer', '2021-08-07 04:21:40', '2021-08-07 04:21:40'),
(387, 88, 50, 0, 50, '+', 'PS8J5TDNEJDY', 'Balance receive From active', 'balance_receive', '2021-08-07 04:21:40', '2021-08-07 04:21:40'),
(388, 88, 50, 0, 0, '-', '79CSZOYZ4WJC', 'Purchased Starter Packege', 'purchased_plan', '2021-08-07 04:26:44', '2021-08-07 04:26:44'),
(389, 85, 6, 0, 6, '+', 'ZP4EK6UK4O6R', 'Shanu2021 Subscribed to Starter Packege plan.', 'referral_commission', '2021-08-07 04:26:45', '2021-08-07 04:26:45'),
(390, 33, 9900, 0, 19800, '+', '212A6NUAARCC', 'Added Balance Via Admin', NULL, '2021-08-07 05:17:36', '2021-08-07 05:17:36'),
(391, 33, 9900, 0, 9900, '-', 'W5ABKQTTEMVJ', 'Subtract Balance Via Admin', NULL, '2021-08-07 05:17:56', '2021-08-07 05:17:56'),
(392, 33, 9900, 0, 0, '-', '7PODTJUCOVHG', 'Subtract Balance Via Admin', NULL, '2021-08-07 05:18:08', '2021-08-07 05:18:08'),
(393, 71, 2388, 0, 0, '-', '9OTABUYRYKTO', 'Subtract Balance Via Admin', NULL, '2021-08-07 05:22:26', '2021-08-07 05:22:26'),
(394, 32, 500, 0, 1887.58, '+', 'ZP5AVHWYMR7D', 'Deposit Via Safe World', NULL, '2021-08-07 05:31:40', '2021-08-07 05:31:40'),
(395, 32, 1600, 0, 287.58, '-', '7R13BENNW8HZ', 'Subtract Balance Via Admin', NULL, '2021-08-07 05:32:44', '2021-08-07 05:32:44'),
(396, 23, 1.5, 0, 1119.74, '+', 'E8M6UJKCVFDP', 'Daily commission', 'plan_commission', '2021-08-07 18:00:05', NULL),
(397, 24, 15, 0, 8219.2, '+', 'FOF8ZJKK8JWJ', 'Daily commission', 'plan_commission', '2021-08-07 18:00:07', NULL),
(398, 30, 0.25, 0, 1141.75, '+', 'BO2PDGVSNXZO', 'Daily commission', 'plan_commission', '2021-08-07 18:00:07', NULL),
(399, 25, 1.75, 0, 182.75, '+', 'PAV9KFZCTO2C', 'Weekly commission', 'plan_commission', '2021-08-07 18:00:07', NULL),
(400, 77, 58.33, 0, 6, '+', 'D2YDPAMWBCFG', 'Weekly commission', 'plan_commission', '2021-08-07 18:00:08', NULL),
(401, 32, 1.5, 0, 287.58, '+', 'FETXFOY673B9', 'Daily commission', 'plan_commission', '2021-08-07 18:00:08', NULL),
(402, 71, 15, 0, 0, '+', 'HSX19M7H3S2C', 'Daily commission', 'plan_commission', '2021-08-07 18:00:08', NULL),
(403, 80, 10.5, 0, 0, '+', 'OWFO9NXO25XP', 'Weekly commission', 'plan_commission', '2021-08-07 18:00:08', NULL),
(404, 81, 58.33, 0, 150, '+', 'W5Z4QW1AE9K8', 'Weekly commission', 'plan_commission', '2021-08-07 18:00:09', NULL),
(405, 72, 1.5, 0, 74.5, '+', 'W6KY6ZD1GE8N', 'Daily commission', 'plan_commission', '2021-08-07 18:00:09', NULL),
(406, 73, 1.5, 0, 50.5, '+', 'OC88TX2QD57B', 'Daily commission', 'plan_commission', '2021-08-07 18:00:09', NULL),
(407, 83, 10.5, 0, 10, '+', 'A64BYZBR543J', 'Weekly commission', 'plan_commission', '2021-08-07 18:00:09', NULL);
INSERT INTO `transactions` (`id`, `user_id`, `amount`, `charge`, `post_balance`, `trx_type`, `trx`, `details`, `remark`, `created_at`, `updated_at`) VALUES
(408, 85, 1.75, 0, 6, '+', '5X6E59HG1K3Y', 'Weekly commission', 'plan_commission', '2021-08-07 18:00:10', NULL),
(409, 74, 1.5, 0, 17.5, '+', '8HXPMCAVMS44', 'Daily commission', 'plan_commission', '2021-08-07 18:00:10', NULL),
(410, 75, 1.5, 0, 108, '+', '3T7EZEGQJFUK', 'Daily commission', 'plan_commission', '2021-08-07 18:00:10', NULL),
(411, 88, 1.75, 0, 0, '+', 'RY8ZCP9OGTHT', 'Weekly commission', 'plan_commission', '2021-08-07 18:00:10', NULL),
(412, 79, 0.25, 0, 0.75, '+', 'W6VQKMKQ58FK', 'Daily commission', 'plan_commission', '2021-08-07 18:00:10', NULL),
(413, 75, 50, 0, 59.5, '-', 'HJZ5H6FF9NKT', 'Balance Transferred To Uttomroy', 'balance_transfer', '2021-08-08 01:53:03', '2021-08-08 01:53:03'),
(414, 90, 50, 0, 50, '+', 'HJZ5H6FF9NKT', 'Balance receive From rooydeeb', 'balance_receive', '2021-08-08 01:53:04', '2021-08-08 01:53:04'),
(415, 90, 50, 0, 0, '-', '1AUVEHMDC2RB', 'Purchased Starter Packege', 'purchased_plan', '2021-08-08 02:42:31', '2021-08-08 02:42:31'),
(416, 71, 4, 0, 19, '+', 'Y34W8H3BOPNA', 'Binary Commission', 'binary_commission', '2021-08-08 02:42:35', '2021-08-08 02:42:35'),
(417, 32, 4, 0, 293.08, '+', 'F4PO9Z5TNRQV', 'Binary Commission', 'binary_commission', '2021-08-08 02:42:35', '2021-08-08 02:42:35'),
(418, 1, 4, 0, 2033.4, '+', '64BDSQW118J6', 'Binary Commission', 'binary_commission', '2021-08-08 02:42:35', '2021-08-08 02:42:35'),
(419, 75, 36, 0, 95.5, '+', 'T73HG68ZU4VU', 'Uttomroy Subscribed to Starter Packege plan.', 'referral_commission', '2021-08-08 02:42:35', '2021-08-08 02:42:35'),
(420, 75, 50, 0, 45.5, '-', 'R9AAHG8FXVOR', 'Balance Transferred To Bidhanroy', 'balance_transfer', '2021-08-08 03:31:00', '2021-08-08 03:31:00'),
(421, 93, 50, 0, 50, '+', 'R9AAHG8FXVOR', 'Balance receive From rooydeeb', 'balance_receive', '2021-08-08 03:31:01', '2021-08-08 03:31:01'),
(422, 93, 50, 0, 0, '-', 'TFYDZGH8ZB4F', 'Purchased Starter Packege', 'purchased_plan', '2021-08-08 03:33:51', '2021-08-08 03:33:51'),
(423, 71, 4, 0, 23, '+', '8XBKQ77WNBOB', 'Binary Commission', 'binary_commission', '2021-08-08 03:33:54', '2021-08-08 03:33:54'),
(424, 32, 4, 0, 297.08, '+', 'HOZM65ZZKYWG', 'Binary Commission', 'binary_commission', '2021-08-08 03:33:54', '2021-08-08 03:33:54'),
(425, 1, 4, 0, 2037.4, '+', '2POAAT9EH5E6', 'Binary Commission', 'binary_commission', '2021-08-08 03:33:54', '2021-08-08 03:33:54'),
(426, 75, 36, 0, 81.5, '+', 'X6DFCU2A7O6U', 'Bidhanroy Subscribed to Starter Packege plan.', 'referral_commission', '2021-08-08 03:33:54', '2021-08-08 03:33:54'),
(427, 32, 0.5, 0, 296.58, '-', '7G2C99937YPV', 'Balance Transferred To sumon08', 'balance_transfer', '2021-08-08 03:53:15', '2021-08-08 03:53:15'),
(428, 77, 0.5, 0, 64.83, '+', '7G2C99937YPV', 'Balance receive From cute46', 'balance_receive', '2021-08-08 03:53:15', '2021-08-08 03:53:15'),
(429, 75, 50, 0, 31.5, '-', 'C9HXTTMR8W6Q', 'Balance Transferred To Mizanur', 'balance_transfer', '2021-08-08 05:11:45', '2021-08-08 05:11:45'),
(430, 94, 50, 0, 50, '+', 'C9HXTTMR8W6Q', 'Balance receive From rooydeeb', 'balance_receive', '2021-08-08 05:11:46', '2021-08-08 05:11:46'),
(431, 94, 50, 0, 0, '-', '5NYTZDSJ4ROG', 'Purchased Starter Packege', 'purchased_plan', '2021-08-08 05:14:02', '2021-08-08 05:14:02'),
(432, 71, 4, 0, 27, '+', 'CU5547YAH7BN', 'Binary Commission', 'binary_commission', '2021-08-08 05:14:04', '2021-08-08 05:14:04'),
(433, 32, 4, 0, 300.58, '+', 'BSUGZFSPYKZH', 'Binary Commission', 'binary_commission', '2021-08-08 05:14:04', '2021-08-08 05:14:04'),
(434, 1, 4, 0, 2041.4, '+', '3SMEVXAN7BV7', 'Binary Commission', 'binary_commission', '2021-08-08 05:14:04', '2021-08-08 05:14:04'),
(435, 23, 1.5, 0, 1121.24, '+', 'H8M2EVZ3X21E', 'Daily commission', 'plan_commission', '2021-08-08 18:00:03', NULL),
(436, 24, 15, 0, 8234.2, '+', 'MTO6W537ONQM', 'Daily commission', 'plan_commission', '2021-08-08 18:00:04', NULL),
(437, 30, 0.25, 0, 1142, '+', 'M9HK8FPGRJAV', 'Daily commission', 'plan_commission', '2021-08-08 18:00:04', NULL),
(438, 32, 1.5, 0, 300.58, '+', '69AK6RENZVDH', 'Daily commission', 'plan_commission', '2021-08-08 18:00:05', NULL),
(439, 71, 15, 0, 27, '+', 'PZJQYEXFC6AB', 'Daily commission', 'plan_commission', '2021-08-08 18:00:05', NULL),
(440, 72, 1.5, 0, 76, '+', '1GAVGWAM6WHO', 'Daily commission', 'plan_commission', '2021-08-08 18:00:05', NULL),
(441, 73, 1.5, 0, 52, '+', 'YFW4723YGPMN', 'Daily commission', 'plan_commission', '2021-08-08 18:00:06', NULL),
(442, 74, 1.5, 0, 19, '+', 'U8W3V67X64XQ', 'Daily commission', 'plan_commission', '2021-08-08 18:00:06', NULL),
(443, 75, 1.5, 0, 31.5, '+', 'W13MONP8X1UB', 'Daily commission', 'plan_commission', '2021-08-08 18:00:06', NULL),
(444, 79, 0.25, 0, 1, '+', 'N74XNVXB1HDJ', 'Daily commission', 'plan_commission', '2021-08-08 18:00:06', NULL),
(445, 90, 0.25, 0, 0, '+', '2HCAJC2RGBEU', 'Daily commission', 'plan_commission', '2021-08-08 18:00:06', NULL),
(446, 32, 50, 0, 252.08, '-', 'MOF8EA3FA3MB', 'Balance Transferred To Rashed32', 'balance_transfer', '2021-08-09 05:37:45', '2021-08-09 05:37:45'),
(447, 100, 50, 0, 50, '+', 'MOF8EA3FA3MB', 'Balance receive From cute46', 'balance_receive', '2021-08-09 05:37:45', '2021-08-09 05:37:45'),
(448, 100, 50, 0, 0, '-', 'HJDEMPCX7WBR', 'Purchased Starter Packege', 'purchased_plan', '2021-08-09 05:40:26', '2021-08-09 05:40:26'),
(449, 30, 6, 0, 1148.25, '+', 'W1HKNBGNVE2T', 'Rashed32 Subscribed to Starter Packege plan.', 'referral_commission', '2021-08-09 05:40:26', '2021-08-09 05:40:26'),
(450, 30, 50, 0, 1098.25, '-', '3BO1OGEWUSD7', 'Balance Transferred To Faruksw', 'balance_transfer', '2021-08-09 07:23:29', '2021-08-09 07:23:29'),
(451, 103, 50, 0, 50, '+', '3BO1OGEWUSD7', 'Balance receive From active', 'balance_receive', '2021-08-09 07:23:30', '2021-08-09 07:23:30'),
(452, 103, 50, 0, 0, '-', '4O6TVOSPNAQ5', 'Purchased Starter Packege', 'purchased_plan', '2021-08-09 07:25:41', '2021-08-09 07:25:41'),
(453, 81, 4, 0, 212.33, '+', 'Q8FM3ZHGWSB4', 'Binary Commission', 'binary_commission', '2021-08-09 07:25:50', '2021-08-09 07:25:50'),
(454, 80, 4, 0, 14.5, '+', '518A4THV7H4O', 'Binary Commission', 'binary_commission', '2021-08-09 07:25:52', '2021-08-09 07:25:52'),
(455, 83, 36, 0, 56.5, '+', 'TZCOKQOTCH7U', 'Faruksw Subscribed to Starter Packege plan.', 'referral_commission', '2021-08-09 07:25:52', '2021-08-09 07:25:52'),
(456, 23, 1.5, 0, 1122.74, '+', 'E9CP3NMQQD85', 'Daily commission', 'plan_commission', '2021-08-09 18:00:04', NULL),
(457, 24, 15, 0, 8249.2, '+', 'M6YMP31OO9WU', 'Daily commission', 'plan_commission', '2021-08-09 18:00:04', NULL),
(458, 30, 0.25, 0, 1098.25, '+', 'ZR8D817DNEYD', 'Daily commission', 'plan_commission', '2021-08-09 18:00:05', NULL),
(459, 32, 1.5, 0, 252.08, '+', 'KJNZZ85DU8W2', 'Daily commission', 'plan_commission', '2021-08-09 18:00:05', NULL),
(460, 71, 15, 0, 42, '+', 'SOQOCDZZXDVP', 'Daily commission', 'plan_commission', '2021-08-09 18:00:05', NULL),
(461, 72, 1.5, 0, 77.5, '+', 'J4K8NQ62ABX3', 'Daily commission', 'plan_commission', '2021-08-09 18:00:06', NULL),
(462, 73, 1.5, 0, 53.5, '+', 'RXYBS83KZ39O', 'Daily commission', 'plan_commission', '2021-08-09 18:00:06', NULL),
(463, 74, 1.5, 0, 20.5, '+', 'T2VKTGFVPAGP', 'Daily commission', 'plan_commission', '2021-08-09 18:00:06', NULL),
(464, 75, 1.5, 0, 33, '+', 'GABV9PNUYBQC', 'Daily commission', 'plan_commission', '2021-08-09 18:00:06', NULL),
(465, 79, 0.25, 0, 1.25, '+', 'NJ7P7PZ1J8V6', 'Daily commission', 'plan_commission', '2021-08-09 18:00:06', NULL),
(466, 90, 0.25, 0, 0.25, '+', 'HE5UEZB97BG3', 'Daily commission', 'plan_commission', '2021-08-09 18:00:06', NULL),
(467, 23, 1.5, 0, 1124.24, '+', 'SK9R4YG39QTH', 'Daily commission', 'plan_commission', '2021-08-10 18:00:03', NULL),
(468, 24, 15, 0, 8264.2, '+', 'T2QN73FAYF2J', 'Daily commission', 'plan_commission', '2021-08-10 18:00:03', NULL),
(469, 30, 0.25, 0, 1098.5, '+', 'M14X6AW721BN', 'Daily commission', 'plan_commission', '2021-08-10 18:00:03', NULL),
(470, 32, 1.5, 0, 253.58, '+', 'TC8BYQG65FDY', 'Daily commission', 'plan_commission', '2021-08-10 18:00:04', NULL),
(471, 71, 15, 0, 57, '+', 'DO211SNJO7OB', 'Daily commission', 'plan_commission', '2021-08-10 18:00:04', NULL),
(472, 72, 1.5, 0, 79, '+', 'QX13UQ4JU5UB', 'Daily commission', 'plan_commission', '2021-08-10 18:00:04', NULL),
(473, 73, 1.5, 0, 55, '+', 'HJBRFYR9D1Y3', 'Daily commission', 'plan_commission', '2021-08-10 18:00:05', NULL),
(474, 74, 1.5, 0, 22, '+', 'V1FYH11W8FU2', 'Daily commission', 'plan_commission', '2021-08-10 18:00:05', NULL),
(475, 75, 1.5, 0, 34.5, '+', 'TGTREWXNHT2E', 'Daily commission', 'plan_commission', '2021-08-10 18:00:05', NULL),
(476, 79, 0.25, 0, 1.5, '+', '18G69VTVWSR9', 'Daily commission', 'plan_commission', '2021-08-10 18:00:05', NULL),
(477, 90, 0.25, 0, 0.5, '+', 'VMEPD4Q1B6ET', 'Daily commission', 'plan_commission', '2021-08-10 18:00:05', NULL),
(478, 23, 1.5, 0, 1125.74, '+', 'GX2KATC5QJF3', 'Daily commission', 'plan_commission', '2021-08-11 18:00:03', NULL),
(479, 24, 15, 0, 8279.2, '+', 'MPGS4D6XW6T5', 'Daily commission', 'plan_commission', '2021-08-11 18:00:05', NULL),
(480, 30, 0.25, 0, 1098.75, '+', 'BCGXYB3JK7K1', 'Daily commission', 'plan_commission', '2021-08-11 18:00:05', NULL),
(481, 32, 1.5, 0, 255.08, '+', 'FFDPE2Z64JCP', 'Daily commission', 'plan_commission', '2021-08-11 18:00:06', NULL),
(482, 71, 15, 0, 72, '+', 'BMTA79OODQ9N', 'Daily commission', 'plan_commission', '2021-08-11 18:00:06', NULL),
(483, 72, 1.5, 0, 80.5, '+', 'PCY41HZ1ZP33', 'Daily commission', 'plan_commission', '2021-08-11 18:00:06', NULL),
(484, 73, 1.5, 0, 56.5, '+', 'H6HPKZXQJ8Q1', 'Daily commission', 'plan_commission', '2021-08-11 18:00:07', NULL),
(485, 74, 1.5, 0, 23.5, '+', 'K4MCNBFEVWN2', 'Daily commission', 'plan_commission', '2021-08-11 18:00:07', NULL),
(486, 75, 1.5, 0, 36, '+', '3WQEXZOT8WJO', 'Daily commission', 'plan_commission', '2021-08-11 18:00:07', NULL),
(487, 79, 0.25, 0, 1.75, '+', '11GOCA1TSXAQ', 'Daily commission', 'plan_commission', '2021-08-11 18:00:07', NULL),
(488, 90, 0.25, 0, 0.75, '+', 'MVFSO71CXOAA', 'Daily commission', 'plan_commission', '2021-08-11 18:00:07', NULL),
(489, 23, 1.5, 0, 1127.24, '+', 'MXGQP5R2UNZK', 'Daily commission', 'plan_commission', '2021-08-12 18:00:03', NULL),
(490, 24, 15, 0, 8294.2, '+', '3VOHDVDU9QX9', 'Daily commission', 'plan_commission', '2021-08-12 18:00:04', NULL),
(491, 30, 0.25, 0, 1099, '+', '7SM7Y4UPJCWM', 'Daily commission', 'plan_commission', '2021-08-12 18:00:04', NULL),
(492, 32, 1.5, 0, 256.58, '+', '6DBMKNWW52KC', 'Daily commission', 'plan_commission', '2021-08-12 18:00:05', NULL),
(493, 71, 15, 0, 87, '+', 'AFW9MYQABJ8J', 'Daily commission', 'plan_commission', '2021-08-12 18:00:05', NULL),
(494, 72, 1.5, 0, 82, '+', '3CCKAWB9FDST', 'Daily commission', 'plan_commission', '2021-08-12 18:00:05', NULL),
(495, 73, 1.5, 0, 58, '+', 'XN48F1XGAPX8', 'Daily commission', 'plan_commission', '2021-08-12 18:00:05', NULL),
(496, 74, 1.5, 0, 25, '+', '1QM63A47V14F', 'Daily commission', 'plan_commission', '2021-08-12 18:00:06', NULL),
(497, 75, 1.5, 0, 37.5, '+', '1ZD7HC6Z3AF1', 'Daily commission', 'plan_commission', '2021-08-12 18:00:06', NULL),
(498, 79, 0.25, 0, 2, '+', 'KNGVQJ6TSFC7', 'Daily commission', 'plan_commission', '2021-08-12 18:00:06', NULL),
(499, 90, 0.25, 0, 1, '+', 'Y53FKN7BZYW2', 'Daily commission', 'plan_commission', '2021-08-12 18:00:06', NULL),
(500, 23, 16666.7, 0, 1128.74, '-', 'QY581AWMM95M', 'Purchased Red Package', 'purchased_plan', '2021-08-12 21:43:48', '2021-08-12 21:43:48'),
(501, 23, 16666.7, 0, 1128.74, '-', 'YMWFD6NGQSHC', 'Purchased Red Package', 'purchased_plan', '2021-08-12 21:44:23', '2021-08-12 21:44:23'),
(502, 1, 6, 0, 2047.4, '+', 'BW6RZ6H8BK6R', 'cute0966 Subscribed to Red Package plan.', 'referral_commission', '2021-08-12 21:44:23', '2021-08-12 21:44:23'),
(503, 23, 499.98, 0, 1128.74, '+', 'RWZ1EG95PW9W', 'Daily commission', 'plan_commission', '2021-08-12 21:55:04', NULL),
(504, 23, 499.98, 0, 1128.74, '+', 'F9GGC3B2WYGY', 'Daily commission', 'plan_commission', '2021-08-12 21:55:05', NULL),
(505, 23, 499.98, 0, 1628.72, '+', '58JK99KQY5KN', 'Daily commission', 'plan_commission', '2021-08-12 21:56:01', NULL),
(506, 23, 499.98, 0, 1628.72, '+', 'C3CV748V798C', 'Daily commission', 'plan_commission', '2021-08-12 21:56:01', NULL),
(507, 23, 499.98, 0, 2128.7, '+', 'Z9H5T6REFPSD', 'Daily commission', 'plan_commission', '2021-08-12 21:57:02', NULL),
(508, 23, 499.98, 0, 2128.7, '+', '2SFXYW68H8NF', 'Daily commission', 'plan_commission', '2021-08-12 21:57:02', NULL),
(509, 23, 3499.98, 0, 2628.68, '+', 'WC58YY16OPGJ', 'Weekly commission', 'plan_commission', '2021-08-12 22:01:02', NULL),
(510, 23, 3499.98, 0, 6128.66, '+', 'JCAK3X18VBRG', 'Weekly commission', 'plan_commission', '2021-08-12 22:02:02', NULL),
(511, 24, 69.3343, 0, 8309.2, '+', 'R2ESGZ1VBCMS', 'Monthly Royalty Commission', 'Royalty_commission', '2021-08-12 22:03:02', NULL),
(512, 24, 69.3343, 0, 8378.54, '+', 'W8B4E4K2OCQJ', 'Monthly Royalty Commission', 'Royalty_commission', '2021-08-12 22:09:01', NULL),
(513, 24, 69.3343, 0, 8447.87, '+', 'JURTVPZ1U1WB', 'Monthly Royalty Commission', 'Royalty_commission', '2021-08-12 22:10:02', NULL),
(514, 24, 69.3343, 0, 8517.21, '+', 'R8XP9BROH2HC', 'Monthly Royalty Commission', 'Royalty_commission', '2021-08-12 22:11:01', NULL),
(515, 23, 15000, 0, 9628.64, '+', 'Y4C44FV9D7QS', 'Monthly commission', 'plan_commission', '2021-08-12 22:12:03', NULL),
(516, 24, 69.3343, 0, 8586.54, '+', 'FR6S5VPXJ7EV', 'Monthly Royalty Commission', 'Royalty_commission', '2021-08-12 22:12:03', NULL),
(517, 23, 15000, 0, 24628.6, '+', 'NOQWS6JT9K7K', 'Monthly commission', 'plan_commission', '2021-08-12 22:13:01', NULL),
(518, 24, 69.3343, 0, 8655.88, '+', 'SR7AX9SEXU1M', 'Monthly Royalty Commission', 'Royalty_commission', '2021-08-12 22:13:02', NULL),
(519, 23, 15000, 0, 39628.6, '+', '6EVUKTRUQBE8', 'Monthly commission', 'plan_commission', '2021-08-12 22:14:01', NULL),
(520, 24, 69.3343, 0, 8725.21, '+', '6PYD3PDC7GTC', 'Monthly Royalty Commission', 'Royalty_commission', '2021-08-12 22:14:01', NULL),
(521, 23, 15000, 0, 54628.6, '+', 'T4QCAXGD9AGH', 'Monthly commission', 'plan_commission', '2021-08-12 22:15:01', NULL),
(522, 24, 69.3343, 0, 8794.54, '+', '9QJXFHHNZ7R5', 'Monthly Royalty Commission', 'Royalty_commission', '2021-08-12 22:15:01', NULL),
(523, 32, 50, 0, 208.08, '-', 'EQPPDDUD3N9X', 'Balance Transferred To Belayet', 'balance_transfer', '2021-08-14 02:34:23', '2021-08-14 02:34:23'),
(524, 105, 50, 0, 50, '+', 'EQPPDDUD3N9X', 'Balance receive From cute46', 'balance_receive', '2021-08-14 02:34:24', '2021-08-14 02:34:24'),
(526, 93, 4, 0, 4, '+', 'VZJCMG4CZ7DR', 'Binary Commission', 'binary_commission', '2021-08-14 02:53:56', '2021-08-14 02:53:56'),
(527, 90, 4, 0, 5.25, '+', 'V8H8CTMHTWXS', 'Binary Commission', 'binary_commission', '2021-08-14 02:53:56', '2021-08-14 02:53:56'),
(528, 94, 6, 0, 6, '+', 'TBVDEHECCJUY', 'Belayet Subscribed to Starter Packege plan.', 'referral_commission', '2021-08-14 02:53:56', '2021-08-14 02:53:56'),
(530, 93, 4, 0, 8, '+', 'TE6KR1HWBAZY', 'Binary Commission', 'binary_commission', '2021-08-14 02:53:59', '2021-08-14 02:53:59'),
(531, 90, 4, 0, 9.25, '+', 'DC9R88T7GM2Y', 'Binary Commission', 'binary_commission', '2021-08-14 02:53:59', '2021-08-14 02:53:59'),
(532, 94, 6, 0, 12, '+', '7E78J9RS8O5V', 'Belayet Subscribed to Starter Packege plan.', 'referral_commission', '2021-08-14 02:54:00', '2021-08-14 02:54:00'),
(534, 93, 4, 0, 12, '+', 'TNGK2M4YHRMV', 'Binary Commission', 'binary_commission', '2021-08-14 02:54:45', '2021-08-14 02:54:45'),
(535, 90, 4, 0, 13.25, '+', 'HWFRDWWE6NGW', 'Binary Commission', 'binary_commission', '2021-08-14 02:54:45', '2021-08-14 02:54:45'),
(536, 94, 6, 0, 18, '+', 'N3QAGQUCTGFN', 'Belayet Subscribed to Starter Packege plan.', 'referral_commission', '2021-08-14 02:54:45', '2021-08-14 02:54:45'),
(538, 93, 4, 0, 16, '+', '2F4EA45SARKC', 'Binary Commission', 'binary_commission', '2021-08-14 02:55:46', '2021-08-14 02:55:46'),
(539, 90, 4, 0, 17.25, '+', 'Y6D8DP51SRNJ', 'Binary Commission', 'binary_commission', '2021-08-14 02:55:46', '2021-08-14 02:55:46'),
(540, 94, 6, 0, 24, '+', 'ZP3N2WCYNBXZ', 'Belayet Subscribed to Starter Packege plan.', 'referral_commission', '2021-08-14 02:55:46', '2021-08-14 02:55:46'),
(542, 93, 4, 0, 20, '+', '8OBSMKZ6ACK7', 'Binary Commission', 'binary_commission', '2021-08-14 02:57:23', '2021-08-14 02:57:23'),
(543, 90, 4, 0, 21.25, '+', 'OXMT8G98UQ85', 'Binary Commission', 'binary_commission', '2021-08-14 02:57:23', '2021-08-14 02:57:23'),
(544, 94, 6, 0, 30, '+', 'PD66AP9QOVEH', 'Belayet Subscribed to Starter Packege plan.', 'referral_commission', '2021-08-14 02:57:23', '2021-08-14 02:57:23'),
(545, 105, 50, 0, 50, '-', 'YXJFGTG2SR1P', 'Purchased Starter Packege', 'purchased_plan', '2021-08-14 05:33:47', '2021-08-14 05:33:47'),
(546, 93, 4, 0, 24, '+', 'WSG73TXNYZGW', 'Binary Commission', 'binary_commission', '2021-08-14 05:33:48', '2021-08-14 05:33:48'),
(547, 90, 4, 0, 25.25, '+', 'GVVD32Q2CNUQ', 'Binary Commission', 'binary_commission', '2021-08-14 05:33:48', '2021-08-14 05:33:48'),
(548, 94, 6, 0, 36, '+', 'HBHMCEP1S8X7', 'Belayet Subscribed to Starter Packege plan.', 'referral_commission', '2021-08-14 05:33:48', '2021-08-14 05:33:48'),
(549, 24, 60, 0, 8863.88, '-', 'H639T6H1G5S6', 'Purchased Starter Packege', 'purchased_plan', '2021-08-14 05:48:30', '2021-08-14 05:48:30'),
(550, 23, 4.8, 0, 69633.4, '+', 'KJOCTFQJ3CVF', 'Binary Commission', 'binary_commission', '2021-08-14 05:48:30', '2021-08-14 05:48:30'),
(551, 23, 7.2, 0, 69640.6, '+', 'ZTANJQV5TY1D', 'cute09 Subscribed to Starter Packege plan.', 'referral_commission', '2021-08-14 05:48:30', '2021-08-14 05:48:30'),
(552, 24, 50, 0, 8913.88, '+', 'GTWZDB9N46W3', 'Deposit Via USDT', NULL, '2021-08-14 05:53:07', '2021-08-14 05:53:07'),
(553, 24, 100, 10, 8813.88, '-', 'T27ZZXRV9ZAQ', '27 Usd Withdraw Via USDT', NULL, '2021-08-14 05:54:04', '2021-08-14 05:54:04'),
(554, 24, 50, 0, 8813.88, '-', 'C3ZW4NJPAU6Z', 'Purchased Starter Packege', 'purchased_plan', '2021-08-14 06:02:26', '2021-08-14 06:02:26'),
(555, 23, 4, 0, 69644.6, '+', 'A4N4HYQQCYGP', 'Binary Commission', 'binary_commission', '2021-08-14 06:02:27', '2021-08-14 06:02:27'),
(556, 23, 6, 0, 69650.6, '+', 'XNOR5QVHF2YJ', 'cute09 Subscribed to Starter Packege plan.', 'referral_commission', '2021-08-14 06:02:27', '2021-08-14 06:02:27'),
(557, 24, 300, 0, 8813.88, '-', '75ZVBMOVOTYQ', 'Purchased White Packege', 'purchased_plan', '2021-08-14 06:04:06', '2021-08-14 06:04:06'),
(558, 23, 24, 0, 69674.6, '+', '5A41UQ5O8FYZ', 'Binary Commission', 'binary_commission', '2021-08-14 06:04:07', '2021-08-14 06:04:07'),
(559, 23, 36, 0, 69710.6, '+', 'RJ4DF5FXZK15', 'cute09 Subscribed to White Packege plan.', 'referral_commission', '2021-08-14 06:04:07', '2021-08-14 06:04:07'),
(560, 24, 50, 0, 8763.88, '-', 'WWVSA2TP4NXR', 'Purchased Starter Packege', 'purchased_plan', '2021-08-14 06:10:45', '2021-08-14 06:10:45'),
(561, 23, 4, 0, 69714.6, '+', 'HTD6PEX97J7X', 'Binary Commission', 'binary_commission', '2021-08-14 06:10:46', '2021-08-14 06:10:46'),
(562, 23, 6, 0, 69720.6, '+', '2CKPFK7KMU3P', 'cute09 Subscribed to Starter Packege plan.', 'referral_commission', '2021-08-14 06:10:46', '2021-08-14 06:10:46'),
(563, 32, 53, 0, 155.08, '-', 'CROZRKAMPMBN', 'Balance Transferred To dream1', 'balance_transfer', '2021-08-14 08:33:27', '2021-08-14 08:33:27'),
(564, 104, 53, 0, 53, '+', 'CROZRKAMPMBN', 'Balance receive From cute46', 'balance_receive', '2021-08-14 08:33:28', '2021-08-14 08:33:28'),
(565, 104, 53, 0, 0, '-', 'ONYAHTJ4ZFFB', 'Purchased Starter Packege', 'purchased_plan', '2021-08-14 08:36:24', '2021-08-14 08:36:24'),
(566, 32, 4.24, 0, 159.32, '+', 'B1YTBCXEGSA5', 'Binary Commission', 'binary_commission', '2021-08-14 08:36:25', '2021-08-14 08:36:25'),
(567, 1, 4.24, 0, 2051.64, '+', 'KDH9CMZ7BSF2', 'Binary Commission', 'binary_commission', '2021-08-14 08:36:25', '2021-08-14 08:36:25'),
(568, 32, 6.36, 0, 165.68, '+', '8D1DSV4WNKKS', 'dream1 Subscribed to Starter Packege plan.', 'referral_commission', '2021-08-14 08:36:25', '2021-08-14 08:36:25'),
(569, 94, 30, 0, 6, '-', 'NAETVSRH12JG', 'Subtract Balance Via Admin', NULL, '2021-08-14 11:51:18', '2021-08-14 11:51:18'),
(570, 82, 50, 0, 50, '+', 'EOWKSS2JSK1F', 'Deposit Via Safe World', NULL, '2021-08-14 11:53:54', '2021-08-14 11:53:54'),
(571, 82, 50, 0, 0, '-', '3BQ8RCJJDTOG', 'Purchased Starter Packege', 'purchased_plan', '2021-08-14 12:03:49', '2021-08-14 12:03:49'),
(572, 71, 4, 0, 106, '+', 'XHTBPC4XBGBP', 'Binary Commission', 'binary_commission', '2021-08-14 12:03:51', '2021-08-14 12:03:51'),
(573, 32, 4, 0, 169.68, '+', '46BUEXH4NNXY', 'Binary Commission', 'binary_commission', '2021-08-14 12:03:51', '2021-08-14 12:03:51'),
(574, 1, 4, 0, 2055.64, '+', '5QP65462Y2G3', 'Binary Commission', 'binary_commission', '2021-08-14 12:03:51', '2021-08-14 12:03:51'),
(575, 75, 6, 0, 45, '+', 'D9VSSN1UAV2A', 'subashdeb Subscribed to Starter Packege plan.', 'referral_commission', '2021-08-14 12:03:51', '2021-08-14 12:03:51'),
(576, 86, 500, 0, 500, '+', 'ZS1MG3OO2RNJ', 'Deposit Via Safe World', NULL, '2021-08-15 02:47:37', '2021-08-15 02:47:37'),
(577, 24, 100, 0, 8663.88, '-', '3ZP1BC243EJT', 'Balance Transferred To Bhabatosh', 'balance_transfer', '2021-08-16 04:39:51', '2021-08-16 04:39:51'),
(578, 106, 100, 0, 100, '+', '3ZP1BC243EJT', 'Balance receive From cute09', 'balance_receive', '2021-08-16 04:39:52', '2021-08-16 04:39:52'),
(579, 106, 100, 0, 0, '-', 'JN6R3AAT9EAM', 'Purchased Starter Packege', 'purchased_plan', '2021-08-16 09:37:56', '2021-08-16 09:37:56'),
(580, 93, 8, 0, 32, '+', 'OH3UTEVDQGKD', 'Binary Commission', 'binary_commission', '2021-08-16 09:37:58', '2021-08-16 09:37:58'),
(581, 90, 8, 0, 33.25, '+', '6DOG2UMVQAK7', 'Binary Commission', 'binary_commission', '2021-08-16 09:37:58', '2021-08-16 09:37:58'),
(582, 82, 8, 0, 8, '+', 'QREEPY55KC2A', 'Binary Commission', 'binary_commission', '2021-08-16 09:37:58', '2021-08-16 09:37:58'),
(583, 75, 8, 0, 53, '+', 'H2FB4PQJECVH', 'Binary Commission', 'binary_commission', '2021-08-16 09:37:58', '2021-08-16 09:37:58'),
(584, 75, 8, 0, 61, '+', 'ET5HS4HK8NHG', 'Binary Commission', 'binary_commission', '2021-08-16 09:37:58', '2021-08-16 09:37:58'),
(585, 93, 12, 0, 44, '+', '36A3JA15K381', 'Bhabatosh Subscribed to Starter Packege plan.', 'referral_commission', '2021-08-16 09:37:58', '2021-08-16 09:37:58'),
(586, 75, 45, 0, 16, '-', 'QMR69S28FGZ4', 'Balance Transferred To Goutam', 'balance_transfer', '2021-08-16 10:13:34', '2021-08-16 10:13:34'),
(587, 107, 45, 0, 45, '+', 'QMR69S28FGZ4', 'Balance receive From rooydeeb', 'balance_receive', '2021-08-16 10:13:34', '2021-08-16 10:13:34'),
(588, 93, 5, 0, 39, '-', 'AZ8MKK9GYXCR', 'Balance Transferred To Goutam', 'balance_transfer', '2021-08-16 11:41:05', '2021-08-16 11:41:05'),
(589, 107, 5, 0, 50, '+', 'AZ8MKK9GYXCR', 'Balance receive From Bidhanroy', 'balance_receive', '2021-08-16 11:41:05', '2021-08-16 11:41:05'),
(590, 93, 5, 0, 34, '-', 'FHZFG96PAUZ2', 'Balance Transferred To Goutam', 'balance_transfer', '2021-08-16 11:41:06', '2021-08-16 11:41:06'),
(591, 107, 5, 0, 55, '+', 'FHZFG96PAUZ2', 'Balance receive From Bidhanroy', 'balance_receive', '2021-08-16 11:41:06', '2021-08-16 11:41:06'),
(592, 107, 5, 0, 50, '-', '2UUVURRB8Y5K', 'Balance Transferred To Bidhanroy', 'balance_transfer', '2021-08-16 11:44:56', '2021-08-16 11:44:56'),
(593, 93, 5, 0, 39, '+', '2UUVURRB8Y5K', 'Balance receive From Goutam', 'balance_receive', '2021-08-16 11:44:57', '2021-08-16 11:44:57'),
(594, 107, 50, 0, 0, '-', 'W41A6CRZEBB7', 'Purchased Starter Packege', 'purchased_plan', '2021-08-16 11:45:54', '2021-08-16 11:45:54'),
(595, 94, 4, 0, 10, '+', 'WHJ78V1J1B91', 'Binary Commission', 'binary_commission', '2021-08-16 11:45:55', '2021-08-16 11:45:55'),
(596, 93, 4, 0, 43, '+', 'HNFF1KF1BMZA', 'Binary Commission', 'binary_commission', '2021-08-16 11:45:55', '2021-08-16 11:45:55'),
(597, 75, 4, 0, 20, '+', 'FRXCSMR1VCPO', 'Binary Commission', 'binary_commission', '2021-08-16 11:45:55', '2021-08-16 11:45:55'),
(598, 71, 4, 0, 110, '+', 'N8DMTW3J4DX8', 'Binary Commission', 'binary_commission', '2021-08-16 11:45:55', '2021-08-16 11:45:55'),
(599, 32, 4, 0, 173.68, '+', 'H2ZCGWP9VUGG', 'Binary Commission', 'binary_commission', '2021-08-16 11:45:55', '2021-08-16 11:45:55'),
(600, 1, 4, 0, 2059.64, '+', 'TDVG1A2EV29J', 'Binary Commission', 'binary_commission', '2021-08-16 11:45:56', '2021-08-16 11:45:56'),
(601, 93, 6, 0, 49, '+', '5AOXJRWZE1SV', 'Goutam Subscribed to Starter Packege plan.', 'referral_commission', '2021-08-16 11:45:56', '2021-08-16 11:45:56'),
(602, 24, 2000, 0, 6663.88, '-', 'U4OQC35QN6RA', 'Balance Transferred To active', 'balance_transfer', '2021-08-17 05:20:38', '2021-08-17 05:20:38'),
(603, 30, 2000, 0, 3099.25, '+', 'U4OQC35QN6RA', 'Balance receive From cute09', 'balance_receive', '2021-08-17 05:20:41', '2021-08-17 05:20:41'),
(604, 23, 3, 0, 69720.6, '+', 'GGCP7N7XOPXS', 'Daily commission', 'plan_commission', '2021-08-17 17:15:05', NULL),
(605, 24, 0.25, 0, 6663.88, '+', '13RJU3RY8EV8', 'Daily commission', 'plan_commission', '2021-08-17 17:15:05', NULL),
(606, 82, 0.25, 0, 8, '+', 'KN835MAYQSVO', 'Daily commission', 'plan_commission', '2021-08-17 17:15:05', NULL),
(607, 23, 3, 0, 69723.6, '+', '863R7F8RSFW8', 'Daily commission', 'plan_commission', '2021-08-17 17:18:03', NULL),
(608, 24, 0.25, 0, 6664.13, '+', 'NYCSJEE9DO81', 'Daily commission', 'plan_commission', '2021-08-17 17:18:03', NULL),
(609, 82, 0.25, 0, 8.25, '+', 'OY3TSS9ZYB6E', 'Daily commission', 'plan_commission', '2021-08-17 17:18:03', NULL),
(610, 23, 3, 0, 69726.6, '+', '9NOXKZWHMA1J', 'Daily commission', 'plan_commission', '2021-08-17 17:21:03', NULL),
(611, 23, 90, 0, 69726.6, '+', 'ER7RXDDEMV8H', 'Monthly commission', 'plan_commission', '2021-08-17 17:21:03', NULL),
(612, 24, 0.25, 0, 6664.38, '+', 'C1X6BP93ZZQ3', 'Daily commission', 'plan_commission', '2021-08-17 17:21:03', NULL),
(613, 24, 70.7814, 0, 6664.63, '+', '341VPORYKBAP', 'Monthly Royalty Commission', 'Royalty_commission', '2021-08-17 17:21:03', NULL),
(614, 82, 0.25, 0, 8.5, '+', 'HMFKCVBBBY3U', 'Daily commission', 'plan_commission', '2021-08-17 17:21:03', NULL),
(615, 23, 3, 0, 69816.6, '+', 'S4QOE9MNPN1A', 'Daily commission', 'plan_commission', '2021-08-17 17:22:10', NULL),
(616, 23, 90, 0, 69816.6, '+', 'PVGJ5QG7JXW9', 'Monthly commission', 'plan_commission', '2021-08-17 17:22:10', NULL),
(617, 24, 2.1, 0, 6735.41, '+', 'ANJ26HSJP8JD', 'Weekly commission', 'plan_commission', '2021-08-17 17:22:10', NULL),
(618, 24, 0, 0, 6735.66, '+', 'Q2SPD96KY9RF', 'Monthly Royalty Commission', 'Royalty_commission', '2021-08-17 17:22:10', NULL),
(619, 24, 1.75, 0, 6735.41, '+', 'X16PSEZ3ZRFQ', 'Weekly commission', 'plan_commission', '2021-08-17 17:22:10', NULL),
(620, 24, 0.25, 0, 6735.41, '+', 'BEVJ43SRVNBV', 'Daily commission', 'plan_commission', '2021-08-17 17:22:10', NULL),
(621, 24, 10.5, 0, 6735.41, '+', 'JYSY7UNJN4EH', 'Weekly commission', 'plan_commission', '2021-08-17 17:22:10', NULL),
(622, 82, 0.25, 0, 8.75, '+', '4JFPYOQPVUPG', 'Daily commission', 'plan_commission', '2021-08-17 17:22:10', NULL),
(623, 94, 0, 0, 10, '+', 'ZFP758P2NM6S', 'Weekly commission', 'plan_commission', '2021-08-17 17:22:11', NULL),
(624, 104, 1.855, 0, 0, '+', '72HYOTJ1M9T3', 'Weekly commission', 'plan_commission', '2021-08-17 17:22:11', NULL),
(625, 105, 0, 0, 0, '+', 'R6T9AQZ1UFD6', 'Weekly commission', 'plan_commission', '2021-08-17 17:22:11', NULL),
(626, 105, 1.75, 0, 0, '+', '7UKXAO7WVW24', 'Weekly commission', 'plan_commission', '2021-08-17 17:22:12', NULL),
(627, 105, 1.75, 0, 0, '+', 'HOV8RJ9819G6', 'Weekly commission', 'plan_commission', '2021-08-17 17:22:12', NULL),
(628, 105, 1.75, 0, 0, '+', 'Y9FG5YQTOX9U', 'Weekly commission', 'plan_commission', '2021-08-17 17:22:12', NULL),
(629, 105, 1.75, 0, 0, '+', 'XVJ11VSTFXRN', 'Weekly commission', 'plan_commission', '2021-08-17 17:22:12', NULL),
(630, 105, 1.75, 0, 0, '+', 'DBPPGXR8AG77', 'Weekly commission', 'plan_commission', '2021-08-17 17:22:12', NULL),
(631, 105, 1.75, 0, 0, '+', 'O38AKQMU9GCS', 'Weekly commission', 'plan_commission', '2021-08-17 17:22:12', NULL),
(632, 106, 3.5, 0, 0, '+', '99EHQKJVUN2D', 'Weekly commission', 'plan_commission', '2021-08-17 17:22:12', NULL),
(633, 107, 1.75, 0, 0, '+', 'B2V2SA4TK4EU', 'Weekly commission', 'plan_commission', '2021-08-17 17:22:13', NULL),
(634, 23, 3, 0, 69906.6, '+', 'E4GR9YPEQBA2', 'Daily commission', 'plan_commission', '2021-08-17 17:23:01', NULL),
(635, 24, 0.25, 0, 6745.91, '+', 'ESDKVZE6H5GF', 'Daily commission', 'plan_commission', '2021-08-17 17:23:01', NULL),
(636, 82, 0.25, 0, 9, '+', 'PWVDHGGFABBQ', 'Daily commission', 'plan_commission', '2021-08-17 17:23:01', NULL),
(637, 23, 90, 0, 69909.6, '+', 'EUCKO4YH76RA', 'Monthly commission', 'plan_commission', '2021-08-17 17:23:01', NULL),
(638, 24, 0, 0, 6746.16, '+', 'U79J33TA242B', 'Monthly Royalty Commission', 'Royalty_commission', '2021-08-17 17:23:01', NULL),
(639, 24, 2.1, 0, 6746.16, '+', 'E857K6BXNZ1S', 'Weekly commission', 'plan_commission', '2021-08-17 17:23:02', NULL),
(640, 24, 1.75, 0, 6746.16, '+', 'C62UD3WA3FPB', 'Weekly commission', 'plan_commission', '2021-08-17 17:23:02', NULL),
(641, 24, 10.5, 0, 6746.16, '+', '6RQHY5CV3NUY', 'Weekly commission', 'plan_commission', '2021-08-17 17:23:02', NULL),
(642, 94, 0, 0, 10, '+', 'XHU2BMOGE1V3', 'Weekly commission', 'plan_commission', '2021-08-17 17:23:02', NULL),
(643, 104, 1.855, 0, 1.855, '+', '8Z4OGSQACGBD', 'Weekly commission', 'plan_commission', '2021-08-17 17:23:02', NULL),
(644, 105, 0, 0, 1.75, '+', 'CTMVJQ5Q18PM', 'Weekly commission', 'plan_commission', '2021-08-17 17:23:02', NULL),
(645, 105, 1.75, 0, 1.75, '+', '6CYFKZW2YUM7', 'Weekly commission', 'plan_commission', '2021-08-17 17:23:02', NULL),
(646, 105, 1.75, 0, 1.75, '+', 'RPFF3HWDEH6F', 'Weekly commission', 'plan_commission', '2021-08-17 17:23:02', NULL),
(647, 105, 1.75, 0, 1.75, '+', 'TUNQXYA5AYDZ', 'Weekly commission', 'plan_commission', '2021-08-17 17:23:02', NULL),
(648, 105, 1.75, 0, 1.75, '+', '818EC6S6NWEY', 'Weekly commission', 'plan_commission', '2021-08-17 17:23:02', NULL),
(649, 105, 1.75, 0, 1.75, '+', '6U66KDZ8D454', 'Weekly commission', 'plan_commission', '2021-08-17 17:23:02', NULL),
(650, 105, 1.75, 0, 1.75, '+', 'BPZW1TU1UD88', 'Weekly commission', 'plan_commission', '2021-08-17 17:23:02', NULL),
(651, 106, 3.5, 0, 3.5, '+', 'E7DYPPE8RP8D', 'Weekly commission', 'plan_commission', '2021-08-17 17:23:02', NULL),
(652, 107, 1.75, 0, 1.75, '+', 'DGVAV12HO5W9', 'Weekly commission', 'plan_commission', '2021-08-17 17:23:02', NULL),
(653, 23, 90, 0, 69999.6, '+', 'N5J8Q96PV2QM', 'Monthly commission', 'plan_commission', '2021-08-17 17:24:01', NULL),
(654, 24, 0, 0, 6756.66, '+', 'H6XFB9WZPYTP', 'Monthly Royalty Commission', 'Royalty_commission', '2021-08-17 17:24:01', NULL),
(655, 24, 2.1, 0, 6756.66, '+', 'GN231BHP7PE9', 'Weekly commission', 'plan_commission', '2021-08-17 17:24:02', NULL),
(656, 24, 1.75, 0, 6756.66, '+', 'KMRPHGJA94X7', 'Weekly commission', 'plan_commission', '2021-08-17 17:24:02', NULL),
(657, 24, 10.5, 0, 6756.66, '+', 'YO4MVW5OKDST', 'Weekly commission', 'plan_commission', '2021-08-17 17:24:02', NULL),
(658, 94, 0, 0, 10, '+', 'QW11HGT6G8V5', 'Weekly commission', 'plan_commission', '2021-08-17 17:24:02', NULL),
(659, 104, 1.855, 0, 3.71, '+', 'D15K4NGVMNWC', 'Weekly commission', 'plan_commission', '2021-08-17 17:24:02', NULL),
(660, 105, 0, 0, 3.5, '+', 'JO85GJYS2M7C', 'Weekly commission', 'plan_commission', '2021-08-17 17:24:02', NULL),
(661, 23, 3, 0, 70089.6, '+', '7QNOATO9E82C', 'Daily commission', 'plan_commission', '2021-08-17 17:24:02', NULL),
(662, 105, 1.75, 0, 3.5, '+', '9OQ6SQG6VC6P', 'Weekly commission', 'plan_commission', '2021-08-17 17:24:02', NULL),
(663, 24, 0.25, 0, 6767.16, '+', 'TZDUY6OVBEMB', 'Daily commission', 'plan_commission', '2021-08-17 17:24:02', NULL),
(664, 105, 1.75, 0, 3.5, '+', 'HYUZMOWZSGQR', 'Weekly commission', 'plan_commission', '2021-08-17 17:24:02', NULL),
(665, 105, 1.75, 0, 3.5, '+', '56FDSPPP1SF9', 'Weekly commission', 'plan_commission', '2021-08-17 17:24:02', NULL),
(666, 82, 0.25, 0, 9.25, '+', 'CDJ4GVSD6YR6', 'Daily commission', 'plan_commission', '2021-08-17 17:24:02', NULL),
(667, 105, 1.75, 0, 3.5, '+', 'F8TCX2XXOX76', 'Weekly commission', 'plan_commission', '2021-08-17 17:24:02', NULL),
(668, 105, 1.75, 0, 3.5, '+', 'M5S2QGJ8P67O', 'Weekly commission', 'plan_commission', '2021-08-17 17:24:02', NULL),
(669, 105, 1.75, 0, 3.5, '+', 'SDQT1JXA339M', 'Weekly commission', 'plan_commission', '2021-08-17 17:24:02', NULL),
(670, 106, 3.5, 0, 7, '+', 'OPNSFW8BQ45J', 'Weekly commission', 'plan_commission', '2021-08-17 17:24:03', NULL),
(671, 107, 1.75, 0, 3.5, '+', 'RQ518N6A62MV', 'Weekly commission', 'plan_commission', '2021-08-17 17:24:03', NULL),
(672, 23, 90, 0, 70092.6, '+', 'Z2DT451VUPTX', 'Monthly commission', 'plan_commission', '2021-08-17 17:25:02', NULL),
(673, 23, 3, 0, 70182.6, '+', 'S1UX5WDUHJ3X', 'Daily commission', 'plan_commission', '2021-08-17 17:25:02', NULL),
(674, 24, 2.1, 0, 6767.41, '+', '58RVNB13N96K', 'Weekly commission', 'plan_commission', '2021-08-17 17:25:02', NULL),
(675, 24, 0, 0, 6767.66, '+', 'WXJT3RDYK1QW', 'Monthly Royalty Commission', 'Royalty_commission', '2021-08-17 17:25:02', NULL),
(676, 24, 0.25, 0, 6767.41, '+', '3S14EJ8JY45B', 'Daily commission', 'plan_commission', '2021-08-17 17:25:03', NULL),
(677, 24, 1.75, 0, 6767.41, '+', 'VPQ7BD4ZUEXD', 'Weekly commission', 'plan_commission', '2021-08-17 17:25:03', NULL),
(678, 82, 0.25, 0, 9.5, '+', 'VAS82XCRF22A', 'Daily commission', 'plan_commission', '2021-08-17 17:25:03', NULL),
(679, 24, 10.5, 0, 6767.41, '+', 'DNECB6SODUWW', 'Weekly commission', 'plan_commission', '2021-08-17 17:25:03', NULL),
(680, 94, 0, 0, 10, '+', 'X1XBS4GQFHGF', 'Weekly commission', 'plan_commission', '2021-08-17 17:25:03', NULL),
(681, 104, 1.855, 0, 5.565, '+', 'TMZQVR8A62VE', 'Weekly commission', 'plan_commission', '2021-08-17 17:25:03', NULL),
(682, 105, 0, 0, 5.25, '+', 'P25VG2QMK69K', 'Weekly commission', 'plan_commission', '2021-08-17 17:25:04', NULL),
(683, 105, 1.75, 0, 5.25, '+', 'M1ZTKOU8B6KR', 'Weekly commission', 'plan_commission', '2021-08-17 17:25:04', NULL),
(684, 105, 1.75, 0, 5.25, '+', '16WP9PYKG4QO', 'Weekly commission', 'plan_commission', '2021-08-17 17:25:04', NULL),
(685, 105, 1.75, 0, 5.25, '+', 'ED1PEHRBY83M', 'Weekly commission', 'plan_commission', '2021-08-17 17:25:04', NULL),
(686, 105, 1.75, 0, 5.25, '+', 'GUO3H7R6Z3WA', 'Weekly commission', 'plan_commission', '2021-08-17 17:25:04', NULL),
(687, 105, 1.75, 0, 5.25, '+', '5DS4DECHAFEN', 'Weekly commission', 'plan_commission', '2021-08-17 17:25:04', NULL),
(688, 105, 1.75, 0, 5.25, '+', 'AFPS9T413EDA', 'Weekly commission', 'plan_commission', '2021-08-17 17:25:04', NULL),
(689, 106, 3.5, 0, 10.5, '+', 'V9STOPPU8CJS', 'Weekly commission', 'plan_commission', '2021-08-17 17:25:04', NULL),
(690, 107, 1.75, 0, 5.25, '+', 'J1PKUQNSODV2', 'Weekly commission', 'plan_commission', '2021-08-17 17:25:05', NULL),
(691, 24, 2.1, 0, 6777.91, '+', '1O8G11YGVND2', 'Weekly commission', 'plan_commission', '2021-08-17 17:26:01', NULL),
(692, 24, 1.75, 0, 6777.91, '+', 'Q3WEFHJB3X2R', 'Weekly commission', 'plan_commission', '2021-08-17 17:26:01', NULL),
(693, 24, 10.5, 0, 6777.91, '+', 'E2VMMSJRR82K', 'Weekly commission', 'plan_commission', '2021-08-17 17:26:02', NULL),
(694, 23, 3, 0, 70185.6, '+', '547DVTFRJBPC', 'Daily commission', 'plan_commission', '2021-08-17 17:26:02', NULL),
(695, 94, 0, 0, 10, '+', 'E1EYK9JC4N2T', 'Weekly commission', 'plan_commission', '2021-08-17 17:26:02', NULL),
(696, 24, 0.25, 0, 6788.41, '+', '9OA2R2SDHOFF', 'Daily commission', 'plan_commission', '2021-08-17 17:26:02', NULL),
(697, 104, 1.855, 0, 7.42, '+', '5B3Z937H3RY2', 'Weekly commission', 'plan_commission', '2021-08-17 17:26:02', NULL),
(698, 23, 90, 0, 70188.6, '+', 'WTT3EBWZE3AY', 'Monthly commission', 'plan_commission', '2021-08-17 17:26:02', NULL),
(699, 105, 0, 0, 7, '+', 'TNWB9DT94HPM', 'Weekly commission', 'plan_commission', '2021-08-17 17:26:02', NULL),
(700, 82, 0.25, 0, 9.75, '+', '1WWUNEVNTQ2N', 'Daily commission', 'plan_commission', '2021-08-17 17:26:02', NULL),
(701, 24, 0, 0, 6788.66, '+', '9GA36RG5P2DH', 'Monthly Royalty Commission', 'Royalty_commission', '2021-08-17 17:26:02', NULL),
(702, 105, 1.75, 0, 7, '+', '1YPBP4P9PDMQ', 'Weekly commission', 'plan_commission', '2021-08-17 17:26:02', NULL),
(703, 105, 1.75, 0, 7, '+', 'ZXS5ZWJSE262', 'Weekly commission', 'plan_commission', '2021-08-17 17:26:03', NULL),
(704, 105, 1.75, 0, 7, '+', 'V6VTJ33GQJZB', 'Weekly commission', 'plan_commission', '2021-08-17 17:26:04', NULL),
(705, 105, 1.75, 0, 7, '+', 'S49RSHWUNDFN', 'Weekly commission', 'plan_commission', '2021-08-17 17:26:04', NULL),
(706, 105, 1.75, 0, 7, '+', 'DY9RSDHW8NFZ', 'Weekly commission', 'plan_commission', '2021-08-17 17:26:04', NULL),
(707, 105, 1.75, 0, 7, '+', 'PEEZU1W22YNS', 'Weekly commission', 'plan_commission', '2021-08-17 17:26:04', NULL),
(708, 106, 3.5, 0, 14, '+', '658WW46SCZS2', 'Weekly commission', 'plan_commission', '2021-08-17 17:26:04', NULL),
(709, 107, 1.75, 0, 7, '+', 'VTZK71BJXM5E', 'Weekly commission', 'plan_commission', '2021-08-17 17:26:05', NULL),
(710, 24, 2.1, 0, 6788.66, '+', '8H1B1WOQ9K4C', 'Weekly commission', 'plan_commission', '2021-08-17 17:27:01', NULL),
(711, 24, 1.75, 0, 6788.66, '+', '5KJKU9UBB8O1', 'Weekly commission', 'plan_commission', '2021-08-17 17:27:01', NULL),
(712, 24, 10.5, 0, 6788.66, '+', '8P5PY2991S54', 'Weekly commission', 'plan_commission', '2021-08-17 17:27:01', NULL),
(713, 94, 0, 0, 10, '+', '8R7R22OU4ODU', 'Weekly commission', 'plan_commission', '2021-08-17 17:27:01', NULL),
(714, 104, 1.855, 0, 9.275, '+', 'BCSJNDQSDBGN', 'Weekly commission', 'plan_commission', '2021-08-17 17:27:01', NULL),
(715, 105, 0, 0, 8.75, '+', 'D6UK34JQ8MXU', 'Weekly commission', 'plan_commission', '2021-08-17 17:27:01', NULL),
(716, 105, 1.75, 0, 8.75, '+', 'S9NXNF3ETWTG', 'Weekly commission', 'plan_commission', '2021-08-17 17:27:01', NULL),
(717, 105, 1.75, 0, 8.75, '+', 'NPFBGTPYGGF8', 'Weekly commission', 'plan_commission', '2021-08-17 17:27:01', NULL),
(718, 23, 90, 0, 70278.6, '+', 'ABAQOJS58Z3T', 'Monthly commission', 'plan_commission', '2021-08-17 17:27:01', NULL),
(719, 105, 1.75, 0, 8.75, '+', 'YDO8PAGOYNTB', 'Weekly commission', 'plan_commission', '2021-08-17 17:27:01', NULL),
(720, 105, 1.75, 0, 8.75, '+', 'QDO44UJN9XMU', 'Weekly commission', 'plan_commission', '2021-08-17 17:27:01', NULL),
(721, 105, 1.75, 0, 8.75, '+', 'A6TUEZRCQ892', 'Weekly commission', 'plan_commission', '2021-08-17 17:27:01', NULL),
(722, 24, 0, 0, 6799.16, '+', '1SBEC95ZKEYJ', 'Monthly Royalty Commission', 'Royalty_commission', '2021-08-17 17:27:01', NULL),
(723, 105, 1.75, 0, 8.75, '+', 'Q3SK2UNCUA7Q', 'Weekly commission', 'plan_commission', '2021-08-17 17:27:01', NULL),
(724, 106, 3.5, 0, 17.5, '+', 'GVKW6BUXGZNA', 'Weekly commission', 'plan_commission', '2021-08-17 17:27:01', NULL),
(725, 23, 3, 0, 70368.6, '+', 'PPYCGHBBYWRS', 'Daily commission', 'plan_commission', '2021-08-17 17:27:01', NULL),
(726, 107, 1.75, 0, 8.75, '+', '7HVO9OKUJOU2', 'Weekly commission', 'plan_commission', '2021-08-17 17:27:02', NULL),
(727, 24, 0.25, 0, 6799.16, '+', 'P6KPPQ7PCARE', 'Daily commission', 'plan_commission', '2021-08-17 17:27:02', NULL),
(728, 82, 0.25, 0, 10, '+', 'UUYD1SFPX14K', 'Daily commission', 'plan_commission', '2021-08-17 17:27:02', NULL),
(729, 24, 2.1, 0, 6799.41, '+', '6SWYBYXF2T83', 'Weekly commission', 'plan_commission', '2021-08-17 17:28:01', NULL),
(730, 24, 1.75, 0, 6799.41, '+', 'JA87KDWDYA69', 'Weekly commission', 'plan_commission', '2021-08-17 17:28:01', NULL),
(731, 24, 10.5, 0, 6799.41, '+', 'V1JQ7FCHTGT8', 'Weekly commission', 'plan_commission', '2021-08-17 17:28:02', NULL),
(732, 94, 0, 0, 10, '+', 'AYE1Y9HYOAT5', 'Weekly commission', 'plan_commission', '2021-08-17 17:28:02', NULL),
(733, 104, 1.855, 0, 11.13, '+', '8CXB8B7QVAWM', 'Weekly commission', 'plan_commission', '2021-08-17 17:28:02', NULL),
(734, 105, 0, 0, 10.5, '+', 'EKWA5REFRU7N', 'Weekly commission', 'plan_commission', '2021-08-17 17:28:02', NULL),
(735, 105, 1.75, 0, 10.5, '+', 'MHV85M7SVG9O', 'Weekly commission', 'plan_commission', '2021-08-17 17:28:02', NULL),
(736, 105, 1.75, 0, 10.5, '+', '8PZG6KBEPD8Z', 'Weekly commission', 'plan_commission', '2021-08-17 17:28:02', NULL),
(737, 105, 1.75, 0, 10.5, '+', 'YWXPCPQYSAKF', 'Weekly commission', 'plan_commission', '2021-08-17 17:28:02', NULL),
(738, 23, 3, 0, 70371.6, '+', '3KX124PR4TYC', 'Daily commission', 'plan_commission', '2021-08-17 17:28:02', NULL),
(739, 105, 1.75, 0, 10.5, '+', 'DK1JSCFFRCOX', 'Weekly commission', 'plan_commission', '2021-08-17 17:28:02', NULL),
(740, 105, 1.75, 0, 10.5, '+', 'F82GBW9T5PQK', 'Weekly commission', 'plan_commission', '2021-08-17 17:28:02', NULL),
(741, 24, 0.25, 0, 6809.91, '+', 'GMBHKUUM8BCU', 'Daily commission', 'plan_commission', '2021-08-17 17:28:02', NULL),
(742, 105, 1.75, 0, 10.5, '+', 'X22COJKWUVT1', 'Weekly commission', 'plan_commission', '2021-08-17 17:28:02', NULL),
(743, 82, 0.25, 0, 10.25, '+', 'SXEJO4UHJH86', 'Daily commission', 'plan_commission', '2021-08-17 17:28:02', NULL),
(744, 106, 3.5, 0, 21, '+', 'HJXXF3RD98YP', 'Weekly commission', 'plan_commission', '2021-08-17 17:28:02', NULL),
(745, 107, 1.75, 0, 10.5, '+', 'B21R41E8UMJQ', 'Weekly commission', 'plan_commission', '2021-08-17 17:28:02', NULL),
(746, 23, 90, 0, 70374.6, '+', 'VTX89UZEJHSB', 'Monthly commission', 'plan_commission', '2021-08-17 17:28:02', NULL),
(747, 24, 0, 0, 6810.16, '+', 'JO4NQ8VF1WTK', 'Monthly Royalty Commission', 'Royalty_commission', '2021-08-17 17:28:02', NULL),
(748, 24, 2.1, 0, 6810.16, '+', 'M6QJUHOZTTDF', 'Weekly commission', 'plan_commission', '2021-08-17 17:29:01', NULL),
(749, 24, 1.75, 0, 6810.16, '+', '121ZGF6B1ZMT', 'Weekly commission', 'plan_commission', '2021-08-17 17:29:01', NULL),
(750, 24, 10.5, 0, 6810.16, '+', '8OHSD7VOKD6Q', 'Weekly commission', 'plan_commission', '2021-08-17 17:29:01', NULL),
(751, 94, 0, 0, 10, '+', 'MHAN8RJAAZKV', 'Weekly commission', 'plan_commission', '2021-08-17 17:29:01', NULL),
(752, 104, 1.855, 0, 12.985, '+', '4AAJBDOS8ZS1', 'Weekly commission', 'plan_commission', '2021-08-17 17:29:01', NULL),
(753, 105, 0, 0, 12.25, '+', 'WFOGCZKNDQGM', 'Weekly commission', 'plan_commission', '2021-08-17 17:29:01', NULL),
(754, 23, 3, 0, 70464.6, '+', '56V3QO1C9MZ1', 'Daily commission', 'plan_commission', '2021-08-17 17:29:01', NULL),
(755, 105, 1.75, 0, 12.25, '+', 'UK63HRTUX3WR', 'Weekly commission', 'plan_commission', '2021-08-17 17:29:02', NULL),
(756, 24, 0.25, 0, 6820.66, '+', '6KSJBKEGD1QW', 'Daily commission', 'plan_commission', '2021-08-17 17:29:02', NULL),
(757, 23, 90, 0, 70467.6, '+', 'W8XOWYW9P1KM', 'Monthly commission', 'plan_commission', '2021-08-17 17:29:02', NULL),
(758, 105, 1.75, 0, 12.25, '+', 'O5ERFJSUHEHD', 'Weekly commission', 'plan_commission', '2021-08-17 17:29:02', NULL),
(759, 82, 0.25, 0, 10.5, '+', 'OA4BHR55BZBR', 'Daily commission', 'plan_commission', '2021-08-17 17:29:02', NULL),
(760, 105, 1.75, 0, 12.25, '+', 'EB2T2BE1R9SA', 'Weekly commission', 'plan_commission', '2021-08-17 17:29:02', NULL),
(761, 24, 0, 0, 6820.91, '+', 'SSV5VY3VMXYB', 'Monthly Royalty Commission', 'Royalty_commission', '2021-08-17 17:29:02', NULL),
(762, 105, 1.75, 0, 12.25, '+', '5HTDMCW396MJ', 'Weekly commission', 'plan_commission', '2021-08-17 17:29:02', NULL),
(763, 105, 1.75, 0, 12.25, '+', '91CXEH8PWE77', 'Weekly commission', 'plan_commission', '2021-08-17 17:29:02', NULL),
(764, 105, 1.75, 0, 12.25, '+', 'F6Z41CTH2RAB', 'Weekly commission', 'plan_commission', '2021-08-17 17:29:02', NULL),
(765, 106, 3.5, 0, 24.5, '+', '1XQ4VVYZPUB5', 'Weekly commission', 'plan_commission', '2021-08-17 17:29:02', NULL),
(766, 107, 1.75, 0, 12.25, '+', 'DVRT69N9SM59', 'Weekly commission', 'plan_commission', '2021-08-17 17:29:02', NULL),
(767, 24, 2.1, 0, 6820.91, '+', 'OKO889W47BBC', 'Weekly commission', 'plan_commission', '2021-08-17 17:30:01', NULL),
(768, 23, 90, 0, 70557.6, '+', 'OKWHCN61Q71O', 'Monthly commission', 'plan_commission', '2021-08-17 17:30:02', NULL),
(769, 24, 0, 0, 6822.66, '+', 'K3REN9UM2SXG', 'Monthly Royalty Commission', 'Royalty_commission', '2021-08-17 17:30:02', NULL),
(770, 24, 1.75, 0, 6820.91, '+', '7MUD8JX3BJ2A', 'Weekly commission', 'plan_commission', '2021-08-17 17:30:02', NULL),
(771, 23, 3, 0, 70647.6, '+', 'U4DRNQ9Q3HWS', 'Daily commission', 'plan_commission', '2021-08-17 17:30:02', NULL),
(772, 24, 10.5, 0, 6820.91, '+', 'QN5FPOOXS524', 'Weekly commission', 'plan_commission', '2021-08-17 17:30:03', NULL),
(773, 24, 0.25, 0, 6823.01, '+', 'J2GXN9N3Y99T', 'Daily commission', 'plan_commission', '2021-08-17 17:30:03', NULL),
(774, 94, 0, 0, 10, '+', '286TEVXA3UFB', 'Weekly commission', 'plan_commission', '2021-08-17 17:30:03', NULL),
(775, 82, 0.25, 0, 10.75, '+', 'Q4V77JJGZVYD', 'Daily commission', 'plan_commission', '2021-08-17 17:30:03', NULL),
(776, 104, 1.855, 0, 14.84, '+', 'B18KSY7A4394', 'Weekly commission', 'plan_commission', '2021-08-17 17:30:04', NULL),
(777, 105, 0, 0, 14, '+', 'OHVH6N2PGUHR', 'Weekly commission', 'plan_commission', '2021-08-17 17:30:04', NULL),
(778, 105, 1.75, 0, 14, '+', 'ZP5EC2DQAX1M', 'Weekly commission', 'plan_commission', '2021-08-17 17:30:04', NULL),
(779, 105, 1.75, 0, 14, '+', 'A2Y5XHZN8ABS', 'Weekly commission', 'plan_commission', '2021-08-17 17:30:04', NULL),
(780, 105, 1.75, 0, 14, '+', '6DXP3OJNTY5T', 'Weekly commission', 'plan_commission', '2021-08-17 17:30:05', NULL),
(781, 105, 1.75, 0, 14, '+', '89SZ18OD5W7P', 'Weekly commission', 'plan_commission', '2021-08-17 17:30:05', NULL),
(782, 105, 1.75, 0, 14, '+', 'CPP3JYOGU7M4', 'Weekly commission', 'plan_commission', '2021-08-17 17:30:05', NULL),
(783, 105, 1.75, 0, 14, '+', '96DUY59A6AU3', 'Weekly commission', 'plan_commission', '2021-08-17 17:30:05', NULL),
(784, 106, 3.5, 0, 28, '+', 'QH8UAW27A8P2', 'Weekly commission', 'plan_commission', '2021-08-17 17:30:05', NULL),
(785, 107, 1.75, 0, 14, '+', '9KDXOFMA44GW', 'Weekly commission', 'plan_commission', '2021-08-17 17:30:06', NULL),
(786, 23, 3, 0, 70650.6, '+', 'RJ7N4M64J8KN', 'Daily commission', 'plan_commission', '2021-08-17 17:31:02', NULL),
(787, 23, 90, 0, 70653.6, '+', '96WOZ3TMOZM7', 'Monthly commission', 'plan_commission', '2021-08-17 17:31:02', NULL),
(788, 24, 0.25, 0, 6823.26, '+', 'M76WOJG1O6QF', 'Daily commission', 'plan_commission', '2021-08-17 17:31:02', NULL),
(789, 24, 2.1, 0, 6823.51, '+', '8AGD9X6TQJJB', 'Weekly commission', 'plan_commission', '2021-08-17 17:31:02', NULL),
(790, 24, 0, 0, 6825.61, '+', '383FT1MO4SPY', 'Monthly Royalty Commission', 'Royalty_commission', '2021-08-17 17:31:02', NULL),
(791, 82, 0.25, 0, 11, '+', 'JF7B7V9XHRR8', 'Daily commission', 'plan_commission', '2021-08-17 17:31:03', NULL),
(792, 24, 1.75, 0, 6823.51, '+', 'MNQV2UY8SXUT', 'Weekly commission', 'plan_commission', '2021-08-17 17:31:03', NULL),
(793, 24, 10.5, 0, 6823.51, '+', 'O41E8DBW7MK4', 'Weekly commission', 'plan_commission', '2021-08-17 17:31:04', NULL),
(794, 94, 0, 0, 10, '+', '4K3H53C67UPC', 'Weekly commission', 'plan_commission', '2021-08-17 17:31:04', NULL),
(795, 104, 1.855, 0, 16.695, '+', '6OS5FF8UBNOS', 'Weekly commission', 'plan_commission', '2021-08-17 17:31:04', NULL),
(796, 105, 0, 0, 15.75, '+', 'A3VOWD7MNHWF', 'Weekly commission', 'plan_commission', '2021-08-17 17:31:04', NULL),
(797, 105, 1.75, 0, 15.75, '+', 'WPWSS46OPPSD', 'Weekly commission', 'plan_commission', '2021-08-17 17:31:05', NULL),
(798, 105, 1.75, 0, 15.75, '+', '65OVJHKUG7PX', 'Weekly commission', 'plan_commission', '2021-08-17 17:31:05', NULL),
(799, 105, 1.75, 0, 15.75, '+', 'YMQT2KMCZTU4', 'Weekly commission', 'plan_commission', '2021-08-17 17:31:05', NULL),
(800, 105, 1.75, 0, 15.75, '+', 'DD5TB66ODZVK', 'Weekly commission', 'plan_commission', '2021-08-17 17:31:05', NULL),
(801, 105, 1.75, 0, 15.75, '+', 'K1ST8NQ32Z9D', 'Weekly commission', 'plan_commission', '2021-08-17 17:31:05', NULL),
(802, 105, 1.75, 0, 15.75, '+', 'TSUT7QWU16T3', 'Weekly commission', 'plan_commission', '2021-08-17 17:31:06', NULL),
(803, 106, 3.5, 0, 31.5, '+', '625F9XXMFXDH', 'Weekly commission', 'plan_commission', '2021-08-17 17:31:06', NULL),
(804, 107, 1.75, 0, 15.75, '+', 'U6Z1U91YMCRF', 'Weekly commission', 'plan_commission', '2021-08-17 17:31:07', NULL),
(805, 23, 3, 0, 70743.6, '+', 'PTVN2EC6OF11', 'Daily commission', 'plan_commission', '2021-08-17 17:32:01', NULL),
(806, 24, 0.25, 0, 6834.01, '+', '6Q25OHVKRRW4', 'Daily commission', 'plan_commission', '2021-08-17 17:32:01', NULL),
(807, 82, 0.25, 0, 11.25, '+', 'G1AVKT5HH5FU', 'Daily commission', 'plan_commission', '2021-08-17 17:32:01', NULL),
(808, 24, 2.1, 0, 6834.26, '+', 'QATUWPMOOWEM', 'Weekly commission', 'plan_commission', '2021-08-17 17:32:01', NULL),
(809, 24, 1.75, 0, 6834.26, '+', 'AHWH481ROV4Z', 'Weekly commission', 'plan_commission', '2021-08-17 17:32:01', NULL),
(810, 24, 10.5, 0, 6834.26, '+', 'GH8M7SNBWT99', 'Weekly commission', 'plan_commission', '2021-08-17 17:32:01', NULL),
(811, 94, 0, 0, 10, '+', '2RX4AVRXPMPG', 'Weekly commission', 'plan_commission', '2021-08-17 17:32:01', NULL),
(812, 104, 1.855, 0, 18.55, '+', 'BU73YRNNRYTE', 'Weekly commission', 'plan_commission', '2021-08-17 17:32:02', NULL),
(813, 105, 0, 0, 17.5, '+', 'XK2V4GP4DXJT', 'Weekly commission', 'plan_commission', '2021-08-17 17:32:02', NULL),
(814, 105, 1.75, 0, 17.5, '+', 'PV1G7T1MEY5Q', 'Weekly commission', 'plan_commission', '2021-08-17 17:32:02', NULL),
(815, 105, 1.75, 0, 17.5, '+', 'XMKXK6B2H2OE', 'Weekly commission', 'plan_commission', '2021-08-17 17:32:02', NULL),
(816, 105, 1.75, 0, 17.5, '+', 'XCAE45T1WQYT', 'Weekly commission', 'plan_commission', '2021-08-17 17:32:02', NULL),
(817, 105, 1.75, 0, 17.5, '+', 'XQ4WH46PUMUY', 'Weekly commission', 'plan_commission', '2021-08-17 17:32:02', NULL),
(818, 105, 1.75, 0, 17.5, '+', 'NCR1E7R8E7F3', 'Weekly commission', 'plan_commission', '2021-08-17 17:32:02', NULL),
(819, 23, 90, 0, 70746.6, '+', 'HF7CY8SMTSS5', 'Monthly commission', 'plan_commission', '2021-08-17 17:32:02', NULL),
(820, 105, 1.75, 0, 17.5, '+', 'ZH21N3WXRHC1', 'Weekly commission', 'plan_commission', '2021-08-17 17:32:02', NULL),
(821, 106, 3.5, 0, 35, '+', '55JQO4YQ7EDV', 'Weekly commission', 'plan_commission', '2021-08-17 17:32:02', NULL),
(822, 24, 0, 0, 6844.76, '+', '3UJH2NEKC7WR', 'Monthly Royalty Commission', 'Royalty_commission', '2021-08-17 17:32:02', NULL);
INSERT INTO `transactions` (`id`, `user_id`, `amount`, `charge`, `post_balance`, `trx_type`, `trx`, `details`, `remark`, `created_at`, `updated_at`) VALUES
(823, 107, 1.75, 0, 17.5, '+', 'AOPZTXCERTO9', 'Weekly commission', 'plan_commission', '2021-08-17 17:32:02', NULL),
(824, 23, 3, 0, 70836.6, '+', 'YPD8DWPBMPKZ', 'Daily commission', 'plan_commission', '2021-08-17 17:33:01', NULL),
(825, 24, 0.25, 0, 6844.76, '+', 'MVGUEVQPQSV3', 'Daily commission', 'plan_commission', '2021-08-17 17:33:01', NULL),
(826, 82, 0.25, 0, 11.5, '+', 'VVHH1BOMEGHQ', 'Daily commission', 'plan_commission', '2021-08-17 17:33:01', NULL),
(827, 23, 90, 0, 70839.6, '+', 'BMSAW952RBEX', 'Monthly commission', 'plan_commission', '2021-08-17 17:33:01', NULL),
(828, 24, 0, 0, 6845.01, '+', 'HK1QXDZYBVGP', 'Monthly Royalty Commission', 'Royalty_commission', '2021-08-17 17:33:01', NULL),
(829, 24, 2.1, 0, 6845.01, '+', 'O8VE1QZJCV2V', 'Weekly commission', 'plan_commission', '2021-08-17 17:33:01', NULL),
(830, 24, 1.75, 0, 6845.01, '+', 'AQFO6EWYVOKE', 'Weekly commission', 'plan_commission', '2021-08-17 17:33:02', NULL),
(831, 24, 10.5, 0, 6845.01, '+', 'WPN6CDVSDV33', 'Weekly commission', 'plan_commission', '2021-08-17 17:33:02', NULL),
(832, 94, 0, 0, 10, '+', '3FT5JDBJTK2T', 'Weekly commission', 'plan_commission', '2021-08-17 17:33:02', NULL),
(833, 104, 1.855, 0, 20.405, '+', '1JJA7VCUAHO4', 'Weekly commission', 'plan_commission', '2021-08-17 17:33:02', NULL),
(834, 105, 0, 0, 19.25, '+', 'EH4FTQJB1RTT', 'Weekly commission', 'plan_commission', '2021-08-17 17:33:02', NULL),
(835, 105, 1.75, 0, 19.25, '+', 'TH8DB4P4EMA2', 'Weekly commission', 'plan_commission', '2021-08-17 17:33:02', NULL),
(836, 105, 1.75, 0, 19.25, '+', '2CKFE4RBNZFW', 'Weekly commission', 'plan_commission', '2021-08-17 17:33:02', NULL),
(837, 105, 1.75, 0, 19.25, '+', '7POSK3UDC5JJ', 'Weekly commission', 'plan_commission', '2021-08-17 17:33:02', NULL),
(838, 105, 1.75, 0, 19.25, '+', 'ADX7WZ6FX4TQ', 'Weekly commission', 'plan_commission', '2021-08-17 17:33:02', NULL),
(839, 105, 1.75, 0, 19.25, '+', 'QZXKUT5WK4JH', 'Weekly commission', 'plan_commission', '2021-08-17 17:33:02', NULL),
(840, 105, 1.75, 0, 19.25, '+', '52YTWAP31MNR', 'Weekly commission', 'plan_commission', '2021-08-17 17:33:02', NULL),
(841, 106, 3.5, 0, 38.5, '+', 'GP8S38EVTS11', 'Weekly commission', 'plan_commission', '2021-08-17 17:33:03', NULL),
(842, 107, 1.75, 0, 19.25, '+', 'K1E5TUT77SN5', 'Weekly commission', 'plan_commission', '2021-08-17 17:33:03', NULL),
(843, 24, 2.1, 0, 6855.51, '+', '3T9QZWZGOMQQ', 'Weekly commission', 'plan_commission', '2021-08-17 17:34:02', NULL),
(844, 23, 3, 0, 70929.6, '+', 'H7N3JBQ4NKFF', 'Daily commission', 'plan_commission', '2021-08-17 17:34:02', NULL),
(845, 23, 90, 0, 70932.6, '+', 'QP6M78G6FU64', 'Monthly commission', 'plan_commission', '2021-08-17 17:34:02', NULL),
(846, 24, 1.75, 0, 6855.51, '+', '5PEN735AA6HD', 'Weekly commission', 'plan_commission', '2021-08-17 17:34:02', NULL),
(847, 24, 0, 0, 6866.01, '+', 'G25KXSQU51GX', 'Monthly Royalty Commission', 'Royalty_commission', '2021-08-17 17:34:02', NULL),
(848, 24, 0.25, 0, 6857.61, '+', 'OSV8B78AAMFM', 'Daily commission', 'plan_commission', '2021-08-17 17:34:02', NULL),
(849, 24, 10.5, 0, 6855.51, '+', '7JACV3YS2U2C', 'Weekly commission', 'plan_commission', '2021-08-17 17:34:03', NULL),
(850, 94, 0, 0, 10, '+', 'CDXW8YYJM1UK', 'Weekly commission', 'plan_commission', '2021-08-17 17:34:04', NULL),
(851, 82, 0.25, 0, 11.75, '+', 'KMQ318YS7XO8', 'Daily commission', 'plan_commission', '2021-08-17 17:34:04', NULL),
(852, 104, 1.855, 0, 22.26, '+', 'E3MJNT7EYWPY', 'Weekly commission', 'plan_commission', '2021-08-17 17:34:04', NULL),
(853, 105, 0, 0, 21, '+', '2WNHAXJEGW9P', 'Weekly commission', 'plan_commission', '2021-08-17 17:34:05', NULL),
(854, 105, 1.75, 0, 21, '+', '1N5OKX2E75FV', 'Weekly commission', 'plan_commission', '2021-08-17 17:34:05', NULL),
(855, 105, 1.75, 0, 21, '+', '64GCKHWTRC1D', 'Weekly commission', 'plan_commission', '2021-08-17 17:34:05', NULL),
(856, 105, 1.75, 0, 21, '+', 'EAT3EOJKHBE3', 'Weekly commission', 'plan_commission', '2021-08-17 17:34:05', NULL),
(857, 105, 1.75, 0, 21, '+', 'TKBC2KDXWKZN', 'Weekly commission', 'plan_commission', '2021-08-17 17:34:05', NULL),
(858, 105, 1.75, 0, 21, '+', 'KUMAH84ZBRWZ', 'Weekly commission', 'plan_commission', '2021-08-17 17:34:06', NULL),
(859, 105, 1.75, 0, 21, '+', '1PYUV7PHB42S', 'Weekly commission', 'plan_commission', '2021-08-17 17:34:06', NULL),
(860, 106, 3.5, 0, 42, '+', 'CTVM5J8C9WS3', 'Weekly commission', 'plan_commission', '2021-08-17 17:34:06', NULL),
(861, 107, 1.75, 0, 21, '+', 'T1DDRVHY4FJN', 'Weekly commission', 'plan_commission', '2021-08-17 17:34:06', NULL),
(862, 23, 3, 0, 71022.6, '+', 'TVW19B3SZVRD', 'Daily commission', 'plan_commission', '2021-08-17 17:35:02', NULL),
(863, 24, 2.1, 0, 6866.01, '+', '2CK6PEWEQXED', 'Weekly commission', 'plan_commission', '2021-08-17 17:35:02', NULL),
(864, 23, 90, 0, 71025.6, '+', 'U4EUNHDUNR97', 'Monthly commission', 'plan_commission', '2021-08-17 17:35:02', NULL),
(865, 24, 0, 0, 6867.76, '+', 'MVAFPSEJXYSW', 'Monthly Royalty Commission', 'Royalty_commission', '2021-08-17 17:35:02', NULL),
(866, 24, 0.25, 0, 6866.01, '+', 'TNC2B8WOX7VA', 'Daily commission', 'plan_commission', '2021-08-17 17:35:02', NULL),
(867, 24, 1.75, 0, 6866.01, '+', '5PVDZT2WE8V9', 'Weekly commission', 'plan_commission', '2021-08-17 17:35:02', NULL),
(868, 82, 0.25, 0, 12, '+', 'AQ3NBNE6D7BQ', 'Daily commission', 'plan_commission', '2021-08-17 17:35:03', NULL),
(869, 24, 10.5, 0, 6866.01, '+', '6WU9TAVVFQFR', 'Weekly commission', 'plan_commission', '2021-08-17 17:35:03', NULL),
(870, 94, 0, 0, 10, '+', 'AVCB341SBQ3T', 'Weekly commission', 'plan_commission', '2021-08-17 17:35:04', NULL),
(871, 104, 1.855, 0, 24.115, '+', 'F7TTT65WM9QF', 'Weekly commission', 'plan_commission', '2021-08-17 17:35:04', NULL),
(872, 105, 0, 0, 22.75, '+', '1YANP9TTB7HS', 'Weekly commission', 'plan_commission', '2021-08-17 17:35:04', NULL),
(873, 105, 1.75, 0, 22.75, '+', 'E6OZ57QM6O5Z', 'Weekly commission', 'plan_commission', '2021-08-17 17:35:04', NULL),
(874, 105, 1.75, 0, 22.75, '+', '2FV8XW788EDH', 'Weekly commission', 'plan_commission', '2021-08-17 17:35:05', NULL),
(875, 105, 1.75, 0, 22.75, '+', 'BK62RUVSXUVG', 'Weekly commission', 'plan_commission', '2021-08-17 17:35:05', NULL),
(876, 105, 1.75, 0, 22.75, '+', 'EB6S35JJW3MW', 'Weekly commission', 'plan_commission', '2021-08-17 17:35:05', NULL),
(877, 105, 1.75, 0, 22.75, '+', '9PE1Z89YYFZD', 'Weekly commission', 'plan_commission', '2021-08-17 17:35:05', NULL),
(878, 105, 1.75, 0, 22.75, '+', 'C3187MKZS2GP', 'Weekly commission', 'plan_commission', '2021-08-17 17:35:05', NULL),
(879, 106, 3.5, 0, 45.5, '+', 'B18DT67T6B9D', 'Weekly commission', 'plan_commission', '2021-08-17 17:35:05', NULL),
(880, 107, 1.75, 0, 22.75, '+', 'TDS4975WCNV8', 'Weekly commission', 'plan_commission', '2021-08-17 17:35:06', NULL),
(881, 23, 3, 0, 71115.6, '+', '5KRJR63SFA1U', 'Daily commission', 'plan_commission', '2021-08-17 17:36:01', NULL),
(882, 24, 0.25, 0, 6876.51, '+', '6EJ1UPROENFB', 'Daily commission', 'plan_commission', '2021-08-17 17:36:01', NULL),
(883, 82, 0.25, 0, 12.25, '+', 'PYR3B1PAK93P', 'Daily commission', 'plan_commission', '2021-08-17 17:36:01', NULL),
(884, 24, 2.1, 0, 6876.76, '+', 'W9PYQ4T1RPH4', 'Weekly commission', 'plan_commission', '2021-08-17 17:36:01', NULL),
(885, 24, 1.75, 0, 6876.76, '+', '7SKFS5GFW7G1', 'Weekly commission', 'plan_commission', '2021-08-17 17:36:01', NULL),
(886, 23, 90, 0, 71118.6, '+', 'EXR8W3WGSM53', 'Monthly commission', 'plan_commission', '2021-08-17 17:36:01', NULL),
(887, 24, 10.5, 0, 6876.76, '+', 'POU6X9AKS7Z9', 'Weekly commission', 'plan_commission', '2021-08-17 17:36:01', NULL),
(888, 94, 0, 0, 10, '+', 'FNVSVUR1NKG9', 'Weekly commission', 'plan_commission', '2021-08-17 17:36:01', NULL),
(889, 24, 0, 0, 6887.26, '+', 'MFD4GTFJBZGJ', 'Monthly Royalty Commission', 'Royalty_commission', '2021-08-17 17:36:02', NULL),
(890, 104, 1.855, 0, 25.97, '+', '4X7MVWEM2SMO', 'Weekly commission', 'plan_commission', '2021-08-17 17:36:02', NULL),
(891, 105, 0, 0, 24.5, '+', 'HMVYYEAK2OTE', 'Weekly commission', 'plan_commission', '2021-08-17 17:36:02', NULL),
(892, 105, 1.75, 0, 24.5, '+', '4BKPURHE86J1', 'Weekly commission', 'plan_commission', '2021-08-17 17:36:02', NULL),
(893, 105, 1.75, 0, 24.5, '+', 'YNB5MW7TNKYQ', 'Weekly commission', 'plan_commission', '2021-08-17 17:36:02', NULL),
(894, 105, 1.75, 0, 24.5, '+', 'V3EA17AR13PU', 'Weekly commission', 'plan_commission', '2021-08-17 17:36:02', NULL),
(895, 105, 1.75, 0, 24.5, '+', 'CMNS2YZMJDR2', 'Weekly commission', 'plan_commission', '2021-08-17 17:36:02', NULL),
(896, 105, 1.75, 0, 24.5, '+', '8XJANDZGQ6EQ', 'Weekly commission', 'plan_commission', '2021-08-17 17:36:02', NULL),
(897, 105, 1.75, 0, 24.5, '+', 'OPF6U5K6BCRS', 'Weekly commission', 'plan_commission', '2021-08-17 17:36:02', NULL),
(898, 106, 3.5, 0, 49, '+', '4WBX4GASH8UO', 'Weekly commission', 'plan_commission', '2021-08-17 17:36:02', NULL),
(899, 107, 1.75, 0, 24.5, '+', 'O6JJ3PJHV7HY', 'Weekly commission', 'plan_commission', '2021-08-17 17:36:02', NULL),
(900, 23, 90, 0, 71208.6, '+', 'Q7VBYRX755VG', 'Monthly commission', 'plan_commission', '2021-08-17 17:37:01', NULL),
(901, 24, 0, 0, 6887.26, '+', 'RWE9MF3Z82K3', 'Monthly Royalty Commission', 'Royalty_commission', '2021-08-17 17:37:01', NULL),
(902, 24, 2.1, 0, 6887.26, '+', '3TM5ZYM9W9V4', 'Weekly commission', 'plan_commission', '2021-08-17 17:37:01', NULL),
(903, 24, 1.75, 0, 6887.26, '+', 'WGNAXR77SFB8', 'Weekly commission', 'plan_commission', '2021-08-17 17:37:01', NULL),
(904, 24, 10.5, 0, 6887.26, '+', '41C9UWOU1VQW', 'Weekly commission', 'plan_commission', '2021-08-17 17:37:01', NULL),
(905, 23, 3, 0, 71298.6, '+', 'Q7JQOOFQ4HQO', 'Daily commission', 'plan_commission', '2021-08-17 17:37:01', NULL),
(906, 94, 0, 0, 10, '+', 'H2PUGSZ55TG2', 'Weekly commission', 'plan_commission', '2021-08-17 17:37:01', NULL),
(907, 104, 1.855, 0, 27.825, '+', 'PKNZVTKU15X8', 'Weekly commission', 'plan_commission', '2021-08-17 17:37:02', NULL),
(908, 24, 0.25, 0, 6897.76, '+', '8Q6K2DR26GZO', 'Daily commission', 'plan_commission', '2021-08-17 17:37:02', NULL),
(909, 105, 0, 0, 26.25, '+', 'NOT6BDQ19WUO', 'Weekly commission', 'plan_commission', '2021-08-17 17:37:02', NULL),
(910, 82, 0.25, 0, 12.5, '+', 'UUF69O5MGCRA', 'Daily commission', 'plan_commission', '2021-08-17 17:37:02', NULL),
(911, 105, 1.75, 0, 26.25, '+', 'K569SSWEHJDC', 'Weekly commission', 'plan_commission', '2021-08-17 17:37:02', NULL),
(912, 105, 1.75, 0, 26.25, '+', 'Z4PUU3BD9EVE', 'Weekly commission', 'plan_commission', '2021-08-17 17:37:02', NULL),
(913, 105, 1.75, 0, 26.25, '+', 'NAVQ2B9GUOZN', 'Weekly commission', 'plan_commission', '2021-08-17 17:37:02', NULL),
(914, 105, 1.75, 0, 26.25, '+', 'DVQWXZ457JZE', 'Weekly commission', 'plan_commission', '2021-08-17 17:37:02', NULL),
(915, 105, 1.75, 0, 26.25, '+', 'ZHBV8343TYY6', 'Weekly commission', 'plan_commission', '2021-08-17 17:37:02', NULL),
(916, 105, 1.75, 0, 26.25, '+', 'RBX7JWKZ92WB', 'Weekly commission', 'plan_commission', '2021-08-17 17:37:02', NULL),
(917, 106, 3.5, 0, 52.5, '+', 'W6QSYE944DJM', 'Weekly commission', 'plan_commission', '2021-08-17 17:37:02', NULL),
(918, 107, 1.75, 0, 26.25, '+', '66MMBORXQCP1', 'Weekly commission', 'plan_commission', '2021-08-17 17:37:03', NULL),
(919, 23, 3, 0, 71301.6, '+', 'GYPMACR395B7', 'Daily commission', 'plan_commission', '2021-08-17 17:38:01', NULL),
(920, 24, 0.25, 0, 6898.01, '+', '3O3A6D5DAEP8', 'Daily commission', 'plan_commission', '2021-08-17 17:38:01', NULL),
(921, 82, 0.25, 0, 12.75, '+', '39ERKOQOQT1O', 'Daily commission', 'plan_commission', '2021-08-17 17:38:01', NULL),
(922, 23, 90, 0, 71304.6, '+', '5TRWFSDCWPQ6', 'Monthly commission', 'plan_commission', '2021-08-17 17:38:01', NULL),
(923, 24, 0, 0, 6898.26, '+', 'C4PG1J5K7HC5', 'Monthly Royalty Commission', 'Royalty_commission', '2021-08-17 17:38:01', NULL),
(924, 24, 2.1, 0, 6898.26, '+', '7XX4NFGOXOBC', 'Weekly commission', 'plan_commission', '2021-08-17 17:38:01', NULL),
(925, 24, 1.75, 0, 6898.26, '+', '2JR1DWG88A4C', 'Weekly commission', 'plan_commission', '2021-08-17 17:38:01', NULL),
(926, 24, 10.5, 0, 6898.26, '+', 'W19NRHKGQ2RA', 'Weekly commission', 'plan_commission', '2021-08-17 17:38:01', NULL),
(927, 94, 0, 0, 10, '+', '8SGZ9B6FONV2', 'Weekly commission', 'plan_commission', '2021-08-17 17:38:02', NULL),
(928, 104, 1.855, 0, 29.68, '+', 'B7JMK7A3GSNW', 'Weekly commission', 'plan_commission', '2021-08-17 17:38:02', NULL),
(929, 105, 0, 0, 28, '+', 'B5MAQOQNVKBJ', 'Weekly commission', 'plan_commission', '2021-08-17 17:38:02', NULL),
(930, 105, 1.75, 0, 28, '+', 'FS7KRSKCD1KT', 'Weekly commission', 'plan_commission', '2021-08-17 17:38:02', NULL),
(931, 105, 1.75, 0, 28, '+', 'S6G2FOGND2BD', 'Weekly commission', 'plan_commission', '2021-08-17 17:38:02', NULL),
(932, 105, 1.75, 0, 28, '+', 'UN2P6FY53FG9', 'Weekly commission', 'plan_commission', '2021-08-17 17:38:02', NULL),
(933, 105, 1.75, 0, 28, '+', 'KHE17785WSNN', 'Weekly commission', 'plan_commission', '2021-08-17 17:38:02', NULL),
(934, 105, 1.75, 0, 28, '+', 'TTZFN57G5MNO', 'Weekly commission', 'plan_commission', '2021-08-17 17:38:02', NULL),
(935, 105, 1.75, 0, 28, '+', 'OBE2PGAT2CR2', 'Weekly commission', 'plan_commission', '2021-08-17 17:38:02', NULL),
(936, 106, 3.5, 0, 56, '+', '8O5CNNKY12Q2', 'Weekly commission', 'plan_commission', '2021-08-17 17:38:02', NULL),
(937, 107, 1.75, 0, 28, '+', 'T727POCHV3BQ', 'Weekly commission', 'plan_commission', '2021-08-17 17:38:02', NULL),
(938, 23, 3, 0, 71394.6, '+', 'A83P4ZFTN2NP', 'Daily commission', 'plan_commission', '2021-08-17 17:39:01', NULL),
(939, 24, 0.25, 0, 6908.76, '+', 'A2B8GQGXM76M', 'Daily commission', 'plan_commission', '2021-08-17 17:39:01', NULL),
(940, 82, 0.25, 0, 13, '+', 'TGMTBMSFZUGV', 'Daily commission', 'plan_commission', '2021-08-17 17:39:01', NULL),
(941, 24, 2.1, 0, 6909.01, '+', 'S99ESY5C686R', 'Weekly commission', 'plan_commission', '2021-08-17 17:39:01', NULL),
(942, 23, 90, 0, 71397.6, '+', 'XYHJ7GRJA84J', 'Monthly commission', 'plan_commission', '2021-08-17 17:39:01', NULL),
(943, 24, 1.75, 0, 6909.01, '+', '13PPT22SE3WO', 'Weekly commission', 'plan_commission', '2021-08-17 17:39:01', NULL),
(944, 24, 0, 0, 6919.51, '+', '299F7QAJCPKJ', 'Monthly Royalty Commission', 'Royalty_commission', '2021-08-17 17:39:02', NULL),
(945, 24, 10.5, 0, 6909.01, '+', 'PGF44TSCC13E', 'Weekly commission', 'plan_commission', '2021-08-17 17:39:02', NULL),
(946, 94, 0, 0, 10, '+', '5JPSU92ZGKQ3', 'Weekly commission', 'plan_commission', '2021-08-17 17:39:02', NULL),
(947, 104, 1.855, 0, 31.535, '+', 'N41VT6TFJH9F', 'Weekly commission', 'plan_commission', '2021-08-17 17:39:02', NULL),
(948, 105, 0, 0, 29.75, '+', '63QGO1PYV4UR', 'Weekly commission', 'plan_commission', '2021-08-17 17:39:02', NULL),
(949, 105, 1.75, 0, 29.75, '+', '1M5D3HFXXSOE', 'Weekly commission', 'plan_commission', '2021-08-17 17:39:02', NULL),
(950, 105, 1.75, 0, 29.75, '+', 'AH893PA1YCTO', 'Weekly commission', 'plan_commission', '2021-08-17 17:39:02', NULL),
(951, 105, 1.75, 0, 29.75, '+', '8XH9PUJSE9HR', 'Weekly commission', 'plan_commission', '2021-08-17 17:39:02', NULL),
(952, 105, 1.75, 0, 29.75, '+', '9Z784HG6EUJT', 'Weekly commission', 'plan_commission', '2021-08-17 17:39:02', NULL),
(953, 105, 1.75, 0, 29.75, '+', '9D7AMMZBUM2T', 'Weekly commission', 'plan_commission', '2021-08-17 17:39:02', NULL),
(954, 105, 1.75, 0, 29.75, '+', 'MJ9BWNCPRK66', 'Weekly commission', 'plan_commission', '2021-08-17 17:39:02', NULL),
(955, 106, 3.5, 0, 59.5, '+', 'ACWKEAJUMT5A', 'Weekly commission', 'plan_commission', '2021-08-17 17:39:02', NULL),
(956, 107, 1.75, 0, 29.75, '+', 'GGVPYOW34A6Y', 'Weekly commission', 'plan_commission', '2021-08-17 17:39:02', NULL),
(957, 23, 3, 0, 71487.6, '+', 'DS9G7EQBOOJ3', 'Daily commission', 'plan_commission', '2021-08-17 17:40:02', NULL),
(958, 24, 0.25, 0, 6919.51, '+', 'NEZ79OCPQDQD', 'Daily commission', 'plan_commission', '2021-08-17 17:40:02', NULL),
(959, 23, 90, 0, 71490.6, '+', 'PGJ8XD7F1VSC', 'Monthly commission', 'plan_commission', '2021-08-17 17:40:02', NULL),
(960, 24, 2.1, 0, 6919.76, '+', 'E7MP2YG61MFU', 'Weekly commission', 'plan_commission', '2021-08-17 17:40:02', NULL),
(961, 82, 0.25, 0, 13.25, '+', 'ERVW23CJMTKY', 'Daily commission', 'plan_commission', '2021-08-17 17:40:02', NULL),
(962, 24, 0, 0, 6921.51, '+', '5DC5V7QRDB3X', 'Monthly Royalty Commission', 'Royalty_commission', '2021-08-17 17:40:02', NULL),
(963, 24, 1.75, 0, 6919.76, '+', 'HVMSWU7E3TOS', 'Weekly commission', 'plan_commission', '2021-08-17 17:40:02', NULL),
(964, 24, 10.5, 0, 6919.76, '+', 'MWTRXO24V3P8', 'Weekly commission', 'plan_commission', '2021-08-17 17:40:03', NULL),
(965, 94, 0, 0, 10, '+', '6582U3Z1VHPZ', 'Weekly commission', 'plan_commission', '2021-08-17 17:40:03', NULL),
(966, 104, 1.855, 0, 33.39, '+', 'Y79T1CMUCGPE', 'Weekly commission', 'plan_commission', '2021-08-17 17:40:04', NULL),
(967, 105, 0, 0, 31.5, '+', 'Q8HZ1XHX59U6', 'Weekly commission', 'plan_commission', '2021-08-17 17:40:04', NULL),
(968, 105, 1.75, 0, 31.5, '+', 'TP49UWQ1SYGX', 'Weekly commission', 'plan_commission', '2021-08-17 17:40:04', NULL),
(969, 105, 1.75, 0, 31.5, '+', 'QXXMRCAAY7FH', 'Weekly commission', 'plan_commission', '2021-08-17 17:40:04', NULL),
(970, 105, 1.75, 0, 31.5, '+', '2B56GUJK2QMF', 'Weekly commission', 'plan_commission', '2021-08-17 17:40:05', NULL),
(971, 105, 1.75, 0, 31.5, '+', 'JHDCDGA4QBK5', 'Weekly commission', 'plan_commission', '2021-08-17 17:40:05', NULL),
(972, 105, 1.75, 0, 31.5, '+', 'JMCO63F3V37Z', 'Weekly commission', 'plan_commission', '2021-08-17 17:40:06', NULL),
(973, 105, 1.75, 0, 31.5, '+', '4MAUWBTPDYQ2', 'Weekly commission', 'plan_commission', '2021-08-17 17:40:06', NULL),
(974, 106, 3.5, 0, 63, '+', 'WFE1Q4T1BPXT', 'Weekly commission', 'plan_commission', '2021-08-17 17:40:06', NULL),
(975, 107, 1.75, 0, 31.5, '+', 'CZ3SBGB7VPJG', 'Weekly commission', 'plan_commission', '2021-08-17 17:40:06', NULL),
(976, 23, 90, 0, 71580.6, '+', 'NJ9W5DH73O63', 'Monthly commission', 'plan_commission', '2021-08-17 17:41:01', NULL),
(977, 24, 0, 0, 6930.26, '+', 'U4GUVVT324FJ', 'Monthly Royalty Commission', 'Royalty_commission', '2021-08-17 17:41:01', NULL),
(978, 23, 3, 0, 71670.6, '+', 'KG7OY543HBTD', 'Daily commission', 'plan_commission', '2021-08-17 17:41:02', NULL),
(979, 24, 0.25, 0, 6930.26, '+', 'FBKMF7DA1QAS', 'Daily commission', 'plan_commission', '2021-08-17 17:41:02', NULL),
(980, 82, 0.25, 0, 13.5, '+', '2Z3PM29XEEEB', 'Daily commission', 'plan_commission', '2021-08-17 17:41:02', NULL),
(981, 24, 2.1, 0, 6930.51, '+', 'X635PZRA2TTR', 'Weekly commission', 'plan_commission', '2021-08-17 17:41:02', NULL),
(982, 24, 1.75, 0, 6930.51, '+', 'F7ZOX1BZ2FAK', 'Weekly commission', 'plan_commission', '2021-08-17 17:41:02', NULL),
(983, 24, 10.5, 0, 6930.51, '+', 'BME2OA72GTE2', 'Weekly commission', 'plan_commission', '2021-08-17 17:41:02', NULL),
(984, 94, 0, 0, 10, '+', 'H1CMDOAJR7RZ', 'Weekly commission', 'plan_commission', '2021-08-17 17:41:02', NULL),
(985, 104, 1.855, 0, 35.245, '+', '4W39OW9AQUSY', 'Weekly commission', 'plan_commission', '2021-08-17 17:41:02', NULL),
(986, 105, 0, 0, 33.25, '+', '8134YMY9BFTD', 'Weekly commission', 'plan_commission', '2021-08-17 17:41:02', NULL),
(987, 105, 1.75, 0, 33.25, '+', 'NO7EQAPVTRPG', 'Weekly commission', 'plan_commission', '2021-08-17 17:41:02', NULL),
(988, 105, 1.75, 0, 33.25, '+', 'ZO5EEO3XFMBK', 'Weekly commission', 'plan_commission', '2021-08-17 17:41:02', NULL),
(989, 105, 1.75, 0, 33.25, '+', 'CWBVRFF7R6BV', 'Weekly commission', 'plan_commission', '2021-08-17 17:41:02', NULL),
(990, 105, 1.75, 0, 33.25, '+', '89XF9868617G', 'Weekly commission', 'plan_commission', '2021-08-17 17:41:02', NULL),
(991, 105, 1.75, 0, 33.25, '+', 'HVX4HEKE87KH', 'Weekly commission', 'plan_commission', '2021-08-17 17:41:02', NULL),
(992, 105, 1.75, 0, 33.25, '+', 'NKQQG27C7TAZ', 'Weekly commission', 'plan_commission', '2021-08-17 17:41:02', NULL),
(993, 106, 3.5, 0, 66.5, '+', '44SZFM3N8GYJ', 'Weekly commission', 'plan_commission', '2021-08-17 17:41:02', NULL),
(994, 107, 1.75, 0, 33.25, '+', '826EM9XRFYTJ', 'Weekly commission', 'plan_commission', '2021-08-17 17:41:02', NULL),
(995, 23, 3, 0, 71673.6, '+', '88ODHX95PTNC', 'Daily commission', 'plan_commission', '2021-08-17 17:42:01', NULL),
(996, 24, 0.25, 0, 6941.01, '+', 'U42FZ62VJ32Z', 'Daily commission', 'plan_commission', '2021-08-17 17:42:02', NULL),
(997, 24, 2.1, 0, 6941.26, '+', '9YE6AWJ2GJSU', 'Weekly commission', 'plan_commission', '2021-08-17 17:42:02', NULL),
(998, 82, 0.25, 0, 13.75, '+', 'JHJ3TVRNUGCQ', 'Daily commission', 'plan_commission', '2021-08-17 17:42:02', NULL),
(999, 24, 1.75, 0, 6941.26, '+', 'H5FN8SK4PRDQ', 'Weekly commission', 'plan_commission', '2021-08-17 17:42:02', NULL),
(1000, 24, 10.5, 0, 6941.26, '+', '5DBJ1GV1XJVA', 'Weekly commission', 'plan_commission', '2021-08-17 17:42:02', NULL),
(1001, 23, 90, 0, 71676.6, '+', 'EAOGGZDWZUJF', 'Monthly commission', 'plan_commission', '2021-08-17 17:42:02', NULL),
(1002, 94, 0, 0, 10, '+', '8JQ93NAS5GMP', 'Weekly commission', 'plan_commission', '2021-08-17 17:42:02', NULL),
(1003, 24, 0, 0, 6951.76, '+', '9QDB2KWWMFA3', 'Monthly Royalty Commission', 'Royalty_commission', '2021-08-17 17:42:02', NULL),
(1004, 104, 1.855, 0, 37.1, '+', 'S3943NVER7SB', 'Weekly commission', 'plan_commission', '2021-08-17 17:42:02', NULL),
(1005, 105, 0, 0, 35, '+', 'EXSHG91C6U7H', 'Weekly commission', 'plan_commission', '2021-08-17 17:42:02', NULL),
(1006, 105, 1.75, 0, 35, '+', '6N19VH3BZOX2', 'Weekly commission', 'plan_commission', '2021-08-17 17:42:02', NULL),
(1007, 105, 1.75, 0, 35, '+', 'D3ZG1HKPQXOZ', 'Weekly commission', 'plan_commission', '2021-08-17 17:42:02', NULL),
(1008, 105, 1.75, 0, 35, '+', '7WG9GZBEPGAJ', 'Weekly commission', 'plan_commission', '2021-08-17 17:42:03', NULL),
(1009, 105, 1.75, 0, 35, '+', 'FNV2KGRG1HK2', 'Weekly commission', 'plan_commission', '2021-08-17 17:42:03', NULL),
(1010, 105, 1.75, 0, 35, '+', '4B72721VNAQ1', 'Weekly commission', 'plan_commission', '2021-08-17 17:42:03', NULL),
(1011, 105, 1.75, 0, 35, '+', '9KZGOT55CGZT', 'Weekly commission', 'plan_commission', '2021-08-17 17:42:03', NULL),
(1012, 106, 3.5, 0, 70, '+', '6SVDGCWDEK8B', 'Weekly commission', 'plan_commission', '2021-08-17 17:42:03', NULL),
(1013, 107, 1.75, 0, 35, '+', '12KGKH2CQR46', 'Weekly commission', 'plan_commission', '2021-08-17 17:42:03', NULL),
(1014, 23, 3, 0, 71766.6, '+', 'W7X9N58C5A38', 'Daily commission', 'plan_commission', '2021-08-17 17:43:02', NULL),
(1015, 24, 0.25, 0, 6951.76, '+', 'WUBZAY6XYVD9', 'Daily commission', 'plan_commission', '2021-08-17 17:43:02', NULL),
(1016, 82, 0.25, 0, 14, '+', '86S2WBN3EXW4', 'Daily commission', 'plan_commission', '2021-08-17 17:43:02', NULL),
(1017, 24, 2.1, 0, 6952.01, '+', '287DGGN5MTQE', 'Weekly commission', 'plan_commission', '2021-08-17 17:43:02', NULL),
(1018, 24, 1.75, 0, 6952.01, '+', 'NSXKHJC53AB8', 'Weekly commission', 'plan_commission', '2021-08-17 17:43:02', NULL),
(1019, 24, 10.5, 0, 6952.01, '+', '8NWNPMX3E1B9', 'Weekly commission', 'plan_commission', '2021-08-17 17:43:02', NULL),
(1020, 94, 0, 0, 10, '+', '1BXN71PY44JF', 'Weekly commission', 'plan_commission', '2021-08-17 17:43:02', NULL),
(1021, 104, 1.855, 0, 38.955, '+', '4XD9H2VCKJ8D', 'Weekly commission', 'plan_commission', '2021-08-17 17:43:02', NULL),
(1022, 105, 0, 0, 36.75, '+', 'E264CJ3PKQJ5', 'Weekly commission', 'plan_commission', '2021-08-17 17:43:02', NULL),
(1023, 105, 1.75, 0, 36.75, '+', '116HGRUJ6WBY', 'Weekly commission', 'plan_commission', '2021-08-17 17:43:02', NULL),
(1024, 105, 1.75, 0, 36.75, '+', '6ZP55GEH8OO9', 'Weekly commission', 'plan_commission', '2021-08-17 17:43:02', NULL),
(1025, 23, 90, 0, 71769.6, '+', '8EVOCW69PQXB', 'Monthly commission', 'plan_commission', '2021-08-17 17:43:02', NULL),
(1026, 105, 1.75, 0, 36.75, '+', 'Z8257EODPQBU', 'Weekly commission', 'plan_commission', '2021-08-17 17:43:02', NULL),
(1027, 105, 1.75, 0, 36.75, '+', 'J44GOEMSHQEX', 'Weekly commission', 'plan_commission', '2021-08-17 17:43:02', NULL),
(1028, 24, 0, 0, 6962.51, '+', '85XAW1YEN3ZA', 'Monthly Royalty Commission', 'Royalty_commission', '2021-08-17 17:43:02', NULL),
(1029, 105, 1.75, 0, 36.75, '+', 'YD82593U226Z', 'Weekly commission', 'plan_commission', '2021-08-17 17:43:02', NULL),
(1030, 105, 1.75, 0, 36.75, '+', 'XEARMMCB5ET1', 'Weekly commission', 'plan_commission', '2021-08-17 17:43:02', NULL),
(1031, 106, 3.5, 0, 73.5, '+', 'N6SY639JY52X', 'Weekly commission', 'plan_commission', '2021-08-17 17:43:02', NULL),
(1032, 107, 1.75, 0, 36.75, '+', 'JR1NW2H2A63E', 'Weekly commission', 'plan_commission', '2021-08-17 17:43:02', NULL),
(1033, 23, 3, 0, 71859.6, '+', 'HFHKY1REDHK3', 'Daily commission', 'plan_commission', '2021-08-17 17:44:02', NULL),
(1034, 24, 2.1, 0, 6962.51, '+', 'UJ6CE75DPV98', 'Weekly commission', 'plan_commission', '2021-08-17 17:44:02', NULL),
(1035, 24, 0.25, 0, 6962.51, '+', 'QJS3B4R83X3G', 'Daily commission', 'plan_commission', '2021-08-17 17:44:02', NULL),
(1036, 24, 1.75, 0, 6962.51, '+', 'PE1DO4CMAAMS', 'Weekly commission', 'plan_commission', '2021-08-17 17:44:02', NULL),
(1037, 23, 90, 0, 71862.6, '+', 'PAHJPSGHUYA2', 'Monthly commission', 'plan_commission', '2021-08-17 17:44:02', NULL),
(1038, 24, 0, 0, 6973.01, '+', 'A38D5ORXVJUP', 'Monthly Royalty Commission', 'Royalty_commission', '2021-08-17 17:44:02', NULL),
(1039, 82, 0.25, 0, 14.25, '+', '9CPTYYFJ8GQY', 'Daily commission', 'plan_commission', '2021-08-17 17:44:02', NULL),
(1040, 24, 10.5, 0, 6962.51, '+', 'CC7ZPT48PCW3', 'Weekly commission', 'plan_commission', '2021-08-17 17:44:02', NULL),
(1041, 94, 0, 0, 10, '+', '2D24U8NEA6P7', 'Weekly commission', 'plan_commission', '2021-08-17 17:44:02', NULL),
(1042, 104, 1.855, 0, 40.81, '+', 'W7UNHEA5C5XC', 'Weekly commission', 'plan_commission', '2021-08-17 17:44:02', NULL),
(1043, 105, 0, 0, 38.5, '+', 'MF16ZF2KC1FM', 'Weekly commission', 'plan_commission', '2021-08-17 17:44:02', NULL),
(1044, 105, 1.75, 0, 38.5, '+', 'SBQW3ZZ33Z5P', 'Weekly commission', 'plan_commission', '2021-08-17 17:44:03', NULL),
(1045, 105, 1.75, 0, 38.5, '+', 'KF8CUHCJU1TQ', 'Weekly commission', 'plan_commission', '2021-08-17 17:44:03', NULL),
(1046, 105, 1.75, 0, 38.5, '+', 'NOSKBU8X68DN', 'Weekly commission', 'plan_commission', '2021-08-17 17:44:03', NULL),
(1047, 105, 1.75, 0, 38.5, '+', 'S9HKUBW9C5XK', 'Weekly commission', 'plan_commission', '2021-08-17 17:44:03', NULL),
(1048, 105, 1.75, 0, 38.5, '+', 'GJ3WQY33661J', 'Weekly commission', 'plan_commission', '2021-08-17 17:44:03', NULL),
(1049, 105, 1.75, 0, 38.5, '+', 'YN73AAP576BE', 'Weekly commission', 'plan_commission', '2021-08-17 17:44:03', NULL),
(1050, 106, 3.5, 0, 77, '+', 'KUAOJFOJQ87Z', 'Weekly commission', 'plan_commission', '2021-08-17 17:44:03', NULL),
(1051, 107, 1.75, 0, 38.5, '+', 'JRY59MJA1HK5', 'Weekly commission', 'plan_commission', '2021-08-17 17:44:03', NULL),
(1052, 24, 2.1, 0, 6973.01, '+', 'BFE7WXF8SVMN', 'Weekly commission', 'plan_commission', '2021-08-17 17:45:02', NULL),
(1053, 23, 90, 0, 71952.6, '+', 'XVUXFGTM474M', 'Monthly commission', 'plan_commission', '2021-08-17 17:45:02', NULL),
(1054, 23, 3, 0, 72042.6, '+', '8O3ZWHOZVY2U', 'Daily commission', 'plan_commission', '2021-08-17 17:45:02', NULL),
(1055, 24, 0, 0, 6974.76, '+', 'JX7XHRPGQNGR', 'Monthly Royalty Commission', 'Royalty_commission', '2021-08-17 17:45:02', NULL),
(1056, 24, 0.25, 0, 6975.11, '+', 'QPEX4O76WV5Z', 'Daily commission', 'plan_commission', '2021-08-17 17:45:03', NULL),
(1057, 24, 1.75, 0, 6973.01, '+', 'ZXODBUEGGNPF', 'Weekly commission', 'plan_commission', '2021-08-17 17:45:03', NULL),
(1058, 82, 0.25, 0, 14.5, '+', 'DBM1O9N656XN', 'Daily commission', 'plan_commission', '2021-08-17 17:45:04', NULL),
(1059, 24, 10.5, 0, 6973.01, '+', 'WY8UWX4DCVTT', 'Weekly commission', 'plan_commission', '2021-08-17 17:45:04', NULL),
(1060, 94, 0, 0, 10, '+', 'XDBAO4QMHKX9', 'Weekly commission', 'plan_commission', '2021-08-17 17:45:04', NULL),
(1061, 104, 1.855, 0, 42.665, '+', 'A4WWCS79V162', 'Weekly commission', 'plan_commission', '2021-08-17 17:45:06', NULL),
(1062, 105, 0, 0, 40.25, '+', 'TO66SXJDC8XC', 'Weekly commission', 'plan_commission', '2021-08-17 17:45:06', NULL),
(1063, 105, 1.75, 0, 40.25, '+', '6NGY4WB9F86S', 'Weekly commission', 'plan_commission', '2021-08-17 17:45:06', NULL),
(1064, 105, 1.75, 0, 40.25, '+', 'Q1P42GF3PXV2', 'Weekly commission', 'plan_commission', '2021-08-17 17:45:06', NULL),
(1065, 105, 1.75, 0, 40.25, '+', '9WQ9TOEFM2KE', 'Weekly commission', 'plan_commission', '2021-08-17 17:45:07', NULL),
(1066, 105, 1.75, 0, 40.25, '+', 'OEAR38RDVXSA', 'Weekly commission', 'plan_commission', '2021-08-17 17:45:07', NULL),
(1067, 105, 1.75, 0, 40.25, '+', 'J3TQSD28DC29', 'Weekly commission', 'plan_commission', '2021-08-17 17:45:08', NULL),
(1068, 105, 1.75, 0, 40.25, '+', '9GU4UMJ61YP9', 'Weekly commission', 'plan_commission', '2021-08-17 17:45:08', NULL),
(1069, 106, 3.5, 0, 80.5, '+', '7ZDVS7SEBZV5', 'Weekly commission', 'plan_commission', '2021-08-17 17:45:08', NULL),
(1070, 107, 1.75, 0, 40.25, '+', 'NQUYV6J9R9CR', 'Weekly commission', 'plan_commission', '2021-08-17 17:45:08', NULL),
(1071, 24, 2.1, 0, 6983.51, '+', 'DQP56R1Z742X', 'Weekly commission', 'plan_commission', '2021-08-17 17:46:02', NULL),
(1072, 24, 1.75, 0, 6983.51, '+', 'FVHAXRG2117P', 'Weekly commission', 'plan_commission', '2021-08-17 17:46:02', NULL),
(1073, 24, 10.5, 0, 6983.51, '+', 'EMQVZ2CDHAKZ', 'Weekly commission', 'plan_commission', '2021-08-17 17:46:02', NULL),
(1074, 94, 0, 0, 10, '+', '1ZQCDD8M8PPH', 'Weekly commission', 'plan_commission', '2021-08-17 17:46:02', NULL),
(1075, 104, 1.855, 0, 44.52, '+', 'AHAYQOYJBACT', 'Weekly commission', 'plan_commission', '2021-08-17 17:46:02', NULL),
(1076, 105, 0, 0, 42, '+', 'HK4ZO1TPXND2', 'Weekly commission', 'plan_commission', '2021-08-17 17:46:02', NULL),
(1077, 105, 1.75, 0, 42, '+', 'QD7N9CXFTBDE', 'Weekly commission', 'plan_commission', '2021-08-17 17:46:02', NULL),
(1078, 105, 1.75, 0, 42, '+', 'TOZCF5UKRSOT', 'Weekly commission', 'plan_commission', '2021-08-17 17:46:02', NULL),
(1079, 23, 90, 0, 72045.6, '+', 'FZTZMJS88838', 'Monthly commission', 'plan_commission', '2021-08-17 17:46:02', NULL),
(1080, 105, 1.75, 0, 42, '+', '1XZMBKT89UF5', 'Weekly commission', 'plan_commission', '2021-08-17 17:46:02', NULL),
(1081, 105, 1.75, 0, 42, '+', 'PPPPM54AXWY4', 'Weekly commission', 'plan_commission', '2021-08-17 17:46:02', NULL),
(1082, 105, 1.75, 0, 42, '+', '88RMWJ6KV91T', 'Weekly commission', 'plan_commission', '2021-08-17 17:46:02', NULL),
(1083, 24, 0, 0, 6994.01, '+', '4NFFH12N8Z3Q', 'Monthly Royalty Commission', 'Royalty_commission', '2021-08-17 17:46:02', NULL),
(1084, 105, 1.75, 0, 42, '+', '8WXMYG1VXKRS', 'Weekly commission', 'plan_commission', '2021-08-17 17:46:02', NULL),
(1085, 106, 3.5, 0, 84, '+', 'WX28W69YVY1H', 'Weekly commission', 'plan_commission', '2021-08-17 17:46:02', NULL),
(1086, 107, 1.75, 0, 42, '+', '43CTYSUDTEKO', 'Weekly commission', 'plan_commission', '2021-08-17 17:46:02', NULL),
(1087, 23, 3, 0, 72135.6, '+', 'S12747R4QXTZ', 'Daily commission', 'plan_commission', '2021-08-17 17:46:02', NULL),
(1088, 24, 0.25, 0, 6994.01, '+', 'KUQ4QY78YXBK', 'Daily commission', 'plan_commission', '2021-08-17 17:46:02', NULL),
(1089, 82, 0.25, 0, 14.75, '+', '41RFMRC3DZO6', 'Daily commission', 'plan_commission', '2021-08-17 17:46:02', NULL),
(1090, 23, 90, 0, 72138.6, '+', 'R4ZA2QZCXGGM', 'Monthly commission', 'plan_commission', '2021-08-17 17:47:02', NULL),
(1091, 23, 3, 0, 72228.6, '+', '3S7BU5EU9KYC', 'Daily commission', 'plan_commission', '2021-08-17 17:47:02', NULL),
(1092, 24, 0, 0, 6994.26, '+', 'POH6D67RDXET', 'Monthly Royalty Commission', 'Royalty_commission', '2021-08-17 17:47:02', NULL),
(1093, 24, 0.25, 0, 6994.26, '+', 'JVVG9CFVCUVS', 'Daily commission', 'plan_commission', '2021-08-17 17:47:02', NULL),
(1094, 24, 2.1, 0, 6994.51, '+', 'B48PNPEF9D8V', 'Weekly commission', 'plan_commission', '2021-08-17 17:47:02', NULL),
(1095, 82, 0.25, 0, 15, '+', 'MAZG5XP56CHP', 'Daily commission', 'plan_commission', '2021-08-17 17:47:02', NULL),
(1096, 24, 1.75, 0, 6994.51, '+', 'K4MCJGQVHOB6', 'Weekly commission', 'plan_commission', '2021-08-17 17:47:03', NULL),
(1097, 24, 10.5, 0, 6994.51, '+', '6OR7MEY74EN2', 'Weekly commission', 'plan_commission', '2021-08-17 17:47:03', NULL),
(1098, 94, 0, 0, 10, '+', 'U376WXW29FS3', 'Weekly commission', 'plan_commission', '2021-08-17 17:47:03', NULL),
(1099, 104, 1.855, 0, 46.375, '+', 'ACBUUJCWOGHH', 'Weekly commission', 'plan_commission', '2021-08-17 17:47:03', NULL),
(1100, 105, 0, 0, 43.75, '+', 'QY6AAYGVPPRX', 'Weekly commission', 'plan_commission', '2021-08-17 17:47:03', NULL),
(1101, 105, 1.75, 0, 43.75, '+', '2YOXY79D18OP', 'Weekly commission', 'plan_commission', '2021-08-17 17:47:04', NULL),
(1102, 105, 1.75, 0, 43.75, '+', 'Z6RE3RS3ZNJT', 'Weekly commission', 'plan_commission', '2021-08-17 17:47:04', NULL),
(1103, 105, 1.75, 0, 43.75, '+', 'N7UWVRSY2WWE', 'Weekly commission', 'plan_commission', '2021-08-17 17:47:04', NULL),
(1104, 105, 1.75, 0, 43.75, '+', 'AVNAUFM1DD7X', 'Weekly commission', 'plan_commission', '2021-08-17 17:47:04', NULL),
(1105, 105, 1.75, 0, 43.75, '+', 'AS9GA1PPBZW2', 'Weekly commission', 'plan_commission', '2021-08-17 17:47:04', NULL),
(1106, 105, 1.75, 0, 43.75, '+', 'MP1OO53BHOT7', 'Weekly commission', 'plan_commission', '2021-08-17 17:47:04', NULL),
(1107, 106, 3.5, 0, 87.5, '+', 'V27XKTOQ8A9B', 'Weekly commission', 'plan_commission', '2021-08-17 17:47:04', NULL),
(1108, 107, 1.75, 0, 43.75, '+', 'R7QOOWVE238Y', 'Weekly commission', 'plan_commission', '2021-08-17 17:47:04', NULL),
(1109, 23, 3, 0, 72231.6, '+', '928DNA3S495R', 'Daily commission', 'plan_commission', '2021-08-17 17:48:01', NULL),
(1110, 24, 0.25, 0, 7005.01, '+', 'NH66ZNVO8G5G', 'Daily commission', 'plan_commission', '2021-08-17 17:48:01', NULL),
(1111, 82, 0.25, 0, 15.25, '+', 'T4HJKZR9XJ3W', 'Daily commission', 'plan_commission', '2021-08-17 17:48:01', NULL),
(1112, 23, 90, 0, 72234.6, '+', 'BYF6HDMAU5JU', 'Monthly commission', 'plan_commission', '2021-08-17 17:48:01', NULL),
(1113, 24, 0, 0, 7005.26, '+', 'TQHOMTAPY9C6', 'Monthly Royalty Commission', 'Royalty_commission', '2021-08-17 17:48:01', NULL),
(1114, 24, 2.1, 0, 7005.26, '+', 'SFV96DY6QAC8', 'Weekly commission', 'plan_commission', '2021-08-17 17:48:01', NULL),
(1115, 24, 1.75, 0, 7005.26, '+', '3AFQZ7T43AF8', 'Weekly commission', 'plan_commission', '2021-08-17 17:48:02', NULL),
(1116, 24, 10.5, 0, 7005.26, '+', 'GTWHZ88PNEH7', 'Weekly commission', 'plan_commission', '2021-08-17 17:48:02', NULL),
(1117, 94, 0, 0, 10, '+', 'QET3Y24OVDX6', 'Weekly commission', 'plan_commission', '2021-08-17 17:48:02', NULL),
(1118, 104, 1.855, 0, 48.23, '+', '9XUDZMO3BDO1', 'Weekly commission', 'plan_commission', '2021-08-17 17:48:02', NULL),
(1119, 105, 0, 0, 45.5, '+', '24O6Q8OQME3U', 'Weekly commission', 'plan_commission', '2021-08-17 17:48:02', NULL),
(1120, 105, 1.75, 0, 45.5, '+', 'E9V138H9VZMN', 'Weekly commission', 'plan_commission', '2021-08-17 17:48:02', NULL),
(1121, 105, 1.75, 0, 45.5, '+', '7QN7R1WQRYNQ', 'Weekly commission', 'plan_commission', '2021-08-17 17:48:02', NULL),
(1122, 105, 1.75, 0, 45.5, '+', 'PRPJHR592HO2', 'Weekly commission', 'plan_commission', '2021-08-17 17:48:02', NULL),
(1123, 105, 1.75, 0, 45.5, '+', 'GWKDYTRNPZQA', 'Weekly commission', 'plan_commission', '2021-08-17 17:48:03', NULL),
(1124, 105, 1.75, 0, 45.5, '+', '5YYMG85FDFA5', 'Weekly commission', 'plan_commission', '2021-08-17 17:48:03', NULL),
(1125, 105, 1.75, 0, 45.5, '+', '4NNND9H14CDT', 'Weekly commission', 'plan_commission', '2021-08-17 17:48:03', NULL),
(1126, 106, 3.5, 0, 91, '+', 'PU6TCMV69MGH', 'Weekly commission', 'plan_commission', '2021-08-17 17:48:03', NULL),
(1127, 107, 1.75, 0, 45.5, '+', '5KP18KEPX5GK', 'Weekly commission', 'plan_commission', '2021-08-17 17:48:03', NULL),
(1128, 24, 2.1, 0, 7015.76, '+', 'C18V7DCR9SPZ', 'Weekly commission', 'plan_commission', '2021-08-17 17:49:01', NULL),
(1129, 24, 1.75, 0, 7015.76, '+', '1H94617YWHBJ', 'Weekly commission', 'plan_commission', '2021-08-17 17:49:01', NULL),
(1130, 24, 10.5, 0, 7015.76, '+', 'RBBEO18P3VYH', 'Weekly commission', 'plan_commission', '2021-08-17 17:49:02', NULL),
(1131, 94, 0, 0, 10, '+', '25Z8V1OGBKKM', 'Weekly commission', 'plan_commission', '2021-08-17 17:49:02', NULL),
(1132, 104, 1.855, 0, 50.085, '+', '599T7R3UQSR4', 'Weekly commission', 'plan_commission', '2021-08-17 17:49:02', NULL),
(1133, 105, 0, 0, 47.25, '+', 'X4PQ2OF2YRUM', 'Weekly commission', 'plan_commission', '2021-08-17 17:49:02', NULL),
(1134, 23, 90, 0, 72324.6, '+', '9DQ6ZWV1X9OE', 'Monthly commission', 'plan_commission', '2021-08-17 17:49:02', NULL),
(1135, 24, 0, 0, 7026.26, '+', 'YBU222MOX1XN', 'Monthly Royalty Commission', 'Royalty_commission', '2021-08-17 17:49:02', NULL),
(1136, 105, 1.75, 0, 47.25, '+', 'OVKKS18UE2BK', 'Weekly commission', 'plan_commission', '2021-08-17 17:49:02', NULL),
(1137, 105, 1.75, 0, 47.25, '+', 'MGY6RPVJXUZC', 'Weekly commission', 'plan_commission', '2021-08-17 17:49:02', NULL),
(1138, 105, 1.75, 0, 47.25, '+', 'YAAOKZY55ZXH', 'Weekly commission', 'plan_commission', '2021-08-17 17:49:02', NULL),
(1139, 105, 1.75, 0, 47.25, '+', 'KAMTKQBPTY9Q', 'Weekly commission', 'plan_commission', '2021-08-17 17:49:02', NULL),
(1140, 105, 1.75, 0, 47.25, '+', '5X4ZX9SK3ZO9', 'Weekly commission', 'plan_commission', '2021-08-17 17:49:02', NULL),
(1141, 105, 1.75, 0, 47.25, '+', '477214TRH1G9', 'Weekly commission', 'plan_commission', '2021-08-17 17:49:02', NULL),
(1142, 106, 3.5, 0, 94.5, '+', 'AO1394HOHNE9', 'Weekly commission', 'plan_commission', '2021-08-17 17:49:02', NULL),
(1143, 23, 3, 0, 72414.6, '+', 'NXOP8K998HAO', 'Daily commission', 'plan_commission', '2021-08-17 17:49:02', NULL),
(1144, 107, 1.75, 0, 47.25, '+', '3H9RE2K6KFDZ', 'Weekly commission', 'plan_commission', '2021-08-17 17:49:02', NULL),
(1145, 24, 0.25, 0, 7026.26, '+', 'DBT9O28CQUO8', 'Daily commission', 'plan_commission', '2021-08-17 17:49:02', NULL),
(1146, 82, 0.25, 0, 15.5, '+', 'HZ4ZUNG75SEZ', 'Daily commission', 'plan_commission', '2021-08-17 17:49:02', NULL),
(1147, 23, 3, 0, 72417.6, '+', 'ZA4N87QUVUPA', 'Daily commission', 'plan_commission', '2021-08-17 17:50:01', NULL),
(1148, 24, 2.1, 0, 7026.76, '+', 'TG9A1HRMG6XG', 'Weekly commission', 'plan_commission', '2021-08-17 17:50:02', NULL),
(1149, 24, 0.25, 0, 7026.51, '+', '7CRHDSZDTX7M', 'Daily commission', 'plan_commission', '2021-08-17 17:50:02', NULL),
(1150, 24, 1.75, 0, 7026.76, '+', 'KY6J8S2RANYU', 'Weekly commission', 'plan_commission', '2021-08-17 17:50:02', NULL),
(1151, 82, 0.25, 0, 15.75, '+', 'DDDBFQGJZ29D', 'Daily commission', 'plan_commission', '2021-08-17 17:50:02', NULL),
(1152, 24, 10.5, 0, 7026.76, '+', 'RAJO31MBQ3EE', 'Weekly commission', 'plan_commission', '2021-08-17 17:50:02', NULL),
(1153, 23, 90, 0, 72420.6, '+', '1JDDXDO5W9N2', 'Monthly commission', 'plan_commission', '2021-08-17 17:50:02', NULL),
(1154, 94, 0, 0, 10, '+', 'Q1PEYX7WNN5W', 'Weekly commission', 'plan_commission', '2021-08-17 17:50:02', NULL),
(1155, 24, 0, 0, 7037.26, '+', 'JHCS4D5PG68T', 'Monthly Royalty Commission', 'Royalty_commission', '2021-08-17 17:50:02', NULL),
(1156, 104, 1.855, 0, 51.94, '+', 'UT4TGT1H8SY5', 'Weekly commission', 'plan_commission', '2021-08-17 17:50:03', NULL),
(1157, 105, 0, 0, 49, '+', 'BD1ER7X5VHPX', 'Weekly commission', 'plan_commission', '2021-08-17 17:50:03', NULL),
(1158, 105, 1.75, 0, 49, '+', 'WCXBUSEG6ED4', 'Weekly commission', 'plan_commission', '2021-08-17 17:50:03', NULL),
(1159, 105, 1.75, 0, 49, '+', 'EWDMFC5J4RNK', 'Weekly commission', 'plan_commission', '2021-08-17 17:50:03', NULL),
(1160, 105, 1.75, 0, 49, '+', 'OOCVV1SE4FUV', 'Weekly commission', 'plan_commission', '2021-08-17 17:50:03', NULL),
(1161, 105, 1.75, 0, 49, '+', 'TEAP2N6AX3YK', 'Weekly commission', 'plan_commission', '2021-08-17 17:50:03', NULL),
(1162, 105, 1.75, 0, 49, '+', 'CNC6VNFPAWJP', 'Weekly commission', 'plan_commission', '2021-08-17 17:50:04', NULL),
(1163, 105, 1.75, 0, 49, '+', 'KHTJTNGFGHVD', 'Weekly commission', 'plan_commission', '2021-08-17 17:50:04', NULL),
(1164, 106, 3.5, 0, 98, '+', 'VUV33RVDZC1H', 'Weekly commission', 'plan_commission', '2021-08-17 17:50:04', NULL),
(1165, 107, 1.75, 0, 49, '+', 'Z1G2Y2W3YUZH', 'Weekly commission', 'plan_commission', '2021-08-17 17:50:04', NULL),
(1166, 23, 3, 0, 72510.6, '+', 'GCWW9ROWWCOC', 'Daily commission', 'plan_commission', '2021-08-17 17:51:02', NULL),
(1167, 24, 2.1, 0, 7037.26, '+', '3JYESG1VRFSY', 'Weekly commission', 'plan_commission', '2021-08-17 17:51:02', NULL),
(1168, 23, 90, 0, 72513.6, '+', 'KRXHUDM78CO9', 'Monthly commission', 'plan_commission', '2021-08-17 17:51:02', NULL),
(1169, 24, 0, 0, 7039.01, '+', 'T5JKCC45CPAH', 'Monthly Royalty Commission', 'Royalty_commission', '2021-08-17 17:51:02', NULL),
(1170, 24, 0.25, 0, 7037.26, '+', 'GVDN75YZJQ12', 'Daily commission', 'plan_commission', '2021-08-17 17:51:02', NULL),
(1171, 24, 1.75, 0, 7037.26, '+', 'MDK3MS2E73Q4', 'Weekly commission', 'plan_commission', '2021-08-17 17:51:02', NULL),
(1172, 82, 0.25, 0, 16, '+', 'J4AUZDY9HEXG', 'Daily commission', 'plan_commission', '2021-08-17 17:51:02', NULL),
(1173, 24, 10.5, 0, 7037.26, '+', 'NC4KHF6KN9U1', 'Weekly commission', 'plan_commission', '2021-08-17 17:51:02', NULL),
(1174, 94, 0, 0, 10, '+', 'DTUGGKVZNHR1', 'Weekly commission', 'plan_commission', '2021-08-17 17:51:03', NULL),
(1175, 104, 1.855, 0, 53.795, '+', '11MJSJVWJZWB', 'Weekly commission', 'plan_commission', '2021-08-17 17:51:03', NULL),
(1176, 105, 0, 0, 50.75, '+', 'H2FETTAYFQOU', 'Weekly commission', 'plan_commission', '2021-08-17 17:51:03', NULL),
(1177, 105, 1.75, 0, 50.75, '+', 'QSB1XUH59BPN', 'Weekly commission', 'plan_commission', '2021-08-17 17:51:03', NULL),
(1178, 105, 1.75, 0, 50.75, '+', '1VB6BEXZY9MK', 'Weekly commission', 'plan_commission', '2021-08-17 17:51:03', NULL),
(1179, 105, 1.75, 0, 50.75, '+', 'RGJ1W4HKVR48', 'Weekly commission', 'plan_commission', '2021-08-17 17:51:03', NULL),
(1180, 105, 1.75, 0, 50.75, '+', 'FCPDYJ6PW63H', 'Weekly commission', 'plan_commission', '2021-08-17 17:51:03', NULL),
(1181, 105, 1.75, 0, 50.75, '+', 'B5NSUA3AY25N', 'Weekly commission', 'plan_commission', '2021-08-17 17:51:03', NULL),
(1182, 105, 1.75, 0, 50.75, '+', 'DNSZ5RZW7EK5', 'Weekly commission', 'plan_commission', '2021-08-17 17:51:03', NULL),
(1183, 106, 3.5, 0, 101.5, '+', 'W6X8UWQNHBUK', 'Weekly commission', 'plan_commission', '2021-08-17 17:51:04', NULL),
(1184, 107, 1.75, 0, 50.75, '+', 'TA1CTUE225NH', 'Weekly commission', 'plan_commission', '2021-08-17 17:51:04', NULL),
(1185, 23, 90, 0, 72603.6, '+', '1OTRZ13BGEZZ', 'Monthly commission', 'plan_commission', '2021-08-17 17:52:01', NULL),
(1186, 24, 0, 0, 7047.76, '+', 'XARFA2FY2GRH', 'Monthly Royalty Commission', 'Royalty_commission', '2021-08-17 17:52:01', NULL),
(1187, 23, 3, 0, 72693.6, '+', 'E7C9XAZEEVC6', 'Daily commission', 'plan_commission', '2021-08-17 17:52:02', NULL),
(1188, 24, 2.1, 0, 7047.76, '+', '3EK9J6W8H8MS', 'Weekly commission', 'plan_commission', '2021-08-17 17:52:02', NULL),
(1189, 24, 0.25, 0, 7047.76, '+', 'MJ69CMO44S3Q', 'Daily commission', 'plan_commission', '2021-08-17 17:52:02', NULL),
(1190, 24, 1.75, 0, 7047.76, '+', 'O1MD7GX5PGAR', 'Weekly commission', 'plan_commission', '2021-08-17 17:52:02', NULL),
(1191, 82, 0.25, 0, 16.25, '+', 'XHSD94SMBK5T', 'Daily commission', 'plan_commission', '2021-08-17 17:52:02', NULL),
(1192, 24, 10.5, 0, 7047.76, '+', '9WCJUBZXJQPP', 'Weekly commission', 'plan_commission', '2021-08-17 17:52:02', NULL),
(1193, 94, 0, 0, 10, '+', 'R7FUOMPQES14', 'Weekly commission', 'plan_commission', '2021-08-17 17:52:02', NULL),
(1194, 104, 1.855, 0, 55.65, '+', 'NUHENO7KEPTM', 'Weekly commission', 'plan_commission', '2021-08-17 17:52:02', NULL),
(1195, 105, 0, 0, 52.5, '+', 'OVCHTU2WUC56', 'Weekly commission', 'plan_commission', '2021-08-17 17:52:02', NULL),
(1196, 105, 1.75, 0, 52.5, '+', '7MTQC942RYT3', 'Weekly commission', 'plan_commission', '2021-08-17 17:52:03', NULL),
(1197, 105, 1.75, 0, 52.5, '+', '2QWWRC4EMA58', 'Weekly commission', 'plan_commission', '2021-08-17 17:52:03', NULL),
(1198, 105, 1.75, 0, 52.5, '+', 'A6J844HJ5NUU', 'Weekly commission', 'plan_commission', '2021-08-17 17:52:03', NULL),
(1199, 105, 1.75, 0, 52.5, '+', 'QOO8Z91GQUOE', 'Weekly commission', 'plan_commission', '2021-08-17 17:52:03', NULL),
(1200, 105, 1.75, 0, 52.5, '+', '288FJZ31R5Y3', 'Weekly commission', 'plan_commission', '2021-08-17 17:52:03', NULL),
(1201, 105, 1.75, 0, 52.5, '+', '437GF1SVMJ65', 'Weekly commission', 'plan_commission', '2021-08-17 17:52:03', NULL),
(1202, 106, 3.5, 0, 105, '+', 'DOP6JMM7Q7ZD', 'Weekly commission', 'plan_commission', '2021-08-17 17:52:03', NULL),
(1203, 107, 1.75, 0, 52.5, '+', 'WSYG6VTUPO5Q', 'Weekly commission', 'plan_commission', '2021-08-17 17:52:03', NULL),
(1204, 24, 2.1, 0, 7058.26, '+', 'D76Y1B1E1MPV', 'Weekly commission', 'plan_commission', '2021-08-17 17:53:02', NULL),
(1205, 24, 1.75, 0, 7058.26, '+', 'YM7M8CB9NG7D', 'Weekly commission', 'plan_commission', '2021-08-17 17:53:02', NULL),
(1206, 24, 10.5, 0, 7058.26, '+', 'YDQOC2KEE9SK', 'Weekly commission', 'plan_commission', '2021-08-17 17:53:02', NULL),
(1207, 94, 0, 0, 10, '+', 'NEFXR8UE5QXB', 'Weekly commission', 'plan_commission', '2021-08-17 17:53:02', NULL),
(1208, 104, 1.855, 0, 57.505, '+', '1Y81A79E83BZ', 'Weekly commission', 'plan_commission', '2021-08-17 17:53:02', NULL),
(1209, 105, 0, 0, 54.25, '+', 'Y6BBB4UUSFQE', 'Weekly commission', 'plan_commission', '2021-08-17 17:53:02', NULL),
(1210, 105, 1.75, 0, 54.25, '+', '31D5NPWSN5NK', 'Weekly commission', 'plan_commission', '2021-08-17 17:53:02', NULL),
(1211, 105, 1.75, 0, 54.25, '+', '7X9FCTDDAEVW', 'Weekly commission', 'plan_commission', '2021-08-17 17:53:02', NULL),
(1212, 105, 1.75, 0, 54.25, '+', '3P5GFPPFJK8Y', 'Weekly commission', 'plan_commission', '2021-08-17 17:53:02', NULL),
(1213, 105, 1.75, 0, 54.25, '+', 'WPKEKESZ76VM', 'Weekly commission', 'plan_commission', '2021-08-17 17:53:02', NULL),
(1214, 105, 1.75, 0, 54.25, '+', '3178YH2YWS4Z', 'Weekly commission', 'plan_commission', '2021-08-17 17:53:02', NULL),
(1215, 105, 1.75, 0, 54.25, '+', 'O3XZYO2EBJZ7', 'Weekly commission', 'plan_commission', '2021-08-17 17:53:02', NULL),
(1216, 106, 3.5, 0, 108.5, '+', 'TEA1RVSZUGBW', 'Weekly commission', 'plan_commission', '2021-08-17 17:53:02', NULL),
(1217, 107, 1.75, 0, 54.25, '+', 'XX13H5V5XZQE', 'Weekly commission', 'plan_commission', '2021-08-17 17:53:02', NULL),
(1218, 23, 90, 0, 72696.6, '+', 'CMR37PT5CBUA', 'Monthly commission', 'plan_commission', '2021-08-17 17:53:02', NULL),
(1219, 24, 0, 0, 7068.76, '+', 'PT8HGA8PKG4Y', 'Monthly Royalty Commission', 'Royalty_commission', '2021-08-17 17:53:02', NULL),
(1220, 23, 3, 0, 72786.6, '+', 'D3OTT7KB9OHK', 'Daily commission', 'plan_commission', '2021-08-17 17:53:02', NULL),
(1221, 24, 0.25, 0, 7068.76, '+', '2S6WNPOMJXQR', 'Daily commission', 'plan_commission', '2021-08-17 17:53:02', NULL),
(1222, 82, 0.25, 0, 16.5, '+', 'JBENMWB9CY2O', 'Daily commission', 'plan_commission', '2021-08-17 17:53:02', NULL),
(1223, 24, 2.1, 0, 7069.01, '+', '24VXCZ2YU4XJ', 'Weekly commission', 'plan_commission', '2021-08-17 17:54:02', NULL),
(1224, 24, 1.75, 0, 7069.01, '+', 'KHMW4R8Z9RDM', 'Weekly commission', 'plan_commission', '2021-08-17 17:54:02', NULL),
(1225, 24, 10.5, 0, 7069.01, '+', 'URWZXTN26E7H', 'Weekly commission', 'plan_commission', '2021-08-17 17:54:02', NULL),
(1226, 94, 0, 0, 10, '+', '1NB6C3WMPWSU', 'Weekly commission', 'plan_commission', '2021-08-17 17:54:02', NULL),
(1227, 104, 1.855, 0, 59.36, '+', 'XJEXAD7ASMNG', 'Weekly commission', 'plan_commission', '2021-08-17 17:54:02', NULL),
(1228, 105, 0, 0, 56, '+', 'U16546X53FZX', 'Weekly commission', 'plan_commission', '2021-08-17 17:54:02', NULL),
(1229, 105, 1.75, 0, 56, '+', 'X7EF4WR95YV6', 'Weekly commission', 'plan_commission', '2021-08-17 17:54:02', NULL),
(1230, 105, 1.75, 0, 56, '+', 'FSXHMWPZ98S9', 'Weekly commission', 'plan_commission', '2021-08-17 17:54:02', NULL),
(1231, 23, 3, 0, 72789.6, '+', 'K9A3PQHUX675', 'Daily commission', 'plan_commission', '2021-08-17 17:54:02', NULL),
(1232, 105, 1.75, 0, 56, '+', 'GG6NPF6U4X7C', 'Weekly commission', 'plan_commission', '2021-08-17 17:54:02', NULL),
(1233, 105, 1.75, 0, 56, '+', '3H2FPWH9O7NM', 'Weekly commission', 'plan_commission', '2021-08-17 17:54:02', NULL),
(1234, 24, 0.25, 0, 7079.51, '+', 'ZBX1QDS3U8JM', 'Daily commission', 'plan_commission', '2021-08-17 17:54:02', NULL),
(1235, 105, 1.75, 0, 56, '+', 'JZ9ASJBA9TYS', 'Weekly commission', 'plan_commission', '2021-08-17 17:54:02', NULL),
(1236, 105, 1.75, 0, 56, '+', 'G1U1CUEOVJRO', 'Weekly commission', 'plan_commission', '2021-08-17 17:54:02', NULL),
(1237, 82, 0.25, 0, 16.75, '+', '5OMOK77FJGT6', 'Daily commission', 'plan_commission', '2021-08-17 17:54:02', NULL),
(1238, 106, 3.5, 0, 112, '+', '6X34Z8CBN3SK', 'Weekly commission', 'plan_commission', '2021-08-17 17:54:02', NULL),
(1239, 107, 1.75, 0, 56, '+', 'UR7E9W7EYYE5', 'Weekly commission', 'plan_commission', '2021-08-17 17:54:02', NULL),
(1240, 23, 90, 0, 72792.6, '+', 'AZX687RKB212', 'Monthly commission', 'plan_commission', '2021-08-17 17:54:02', NULL),
(1241, 24, 0, 0, 7079.76, '+', 'QVZE6SS21968', 'Monthly Royalty Commission', 'Royalty_commission', '2021-08-17 17:54:02', NULL),
(1242, 24, 2.1, 0, 7079.76, '+', 'BORRA7M371US', 'Weekly commission', 'plan_commission', '2021-08-17 21:18:29', NULL),
(1243, 23, 90, 0, 72882.6, '+', 'BORRA7M371US', 'Monthly commission', 'plan_commission', '2021-08-17 21:18:29', NULL),
(1244, 23, 3, 0, 72882.6, '+', 'BORRA7M371US', 'Daily commission', 'plan_commission', '2021-08-17 21:18:29', NULL),
(1245, 24, 0, 0, 7080.01, '+', 'F3RPGU32S88X', 'Monthly Royalty Commission', 'Royalty_commission', '2021-08-17 21:18:30', NULL),
(1246, 24, 1.75, 0, 7079.76, '+', 'F3RPGU32S88X', 'Weekly commission', 'plan_commission', '2021-08-17 21:18:30', NULL),
(1247, 24, 0.25, 0, 7079.76, '+', 'F3RPGU32S88X', 'Daily commission', 'plan_commission', '2021-08-17 21:18:30', NULL),
(1248, 24, 10.5, 0, 7079.76, '+', 'ECYBC85ZSV7D', 'Weekly commission', 'plan_commission', '2021-08-17 21:18:30', NULL),
(1249, 82, 0.25, 0, 17, '+', 'ECYBC85ZSV7D', 'Daily commission', 'plan_commission', '2021-08-17 21:18:30', NULL),
(1250, 94, 0, 0, 10, '+', '8R3B7WMDP44X', 'Weekly commission', 'plan_commission', '2021-08-17 21:18:31', NULL),
(1251, 104, 1.855, 0, 61.215, '+', '8TUENYYRJD4G', 'Weekly commission', 'plan_commission', '2021-08-17 21:18:31', NULL),
(1252, 105, 0, 0, 57.75, '+', '1AWZK3N1ERG6', 'Weekly commission', 'plan_commission', '2021-08-17 21:18:31', NULL);
INSERT INTO `transactions` (`id`, `user_id`, `amount`, `charge`, `post_balance`, `trx_type`, `trx`, `details`, `remark`, `created_at`, `updated_at`) VALUES
(1253, 105, 1.75, 0, 57.75, '+', 'KB78R4V4NFJA', 'Weekly commission', 'plan_commission', '2021-08-17 21:18:32', NULL),
(1254, 105, 1.75, 0, 57.75, '+', '9S8OS9X73AVO', 'Weekly commission', 'plan_commission', '2021-08-17 21:18:32', NULL),
(1255, 105, 1.75, 0, 57.75, '+', 'YPPPJNW6SST7', 'Weekly commission', 'plan_commission', '2021-08-17 21:18:32', NULL),
(1256, 105, 1.75, 0, 57.75, '+', 'ACCBM1NSD1X3', 'Weekly commission', 'plan_commission', '2021-08-17 21:18:32', NULL),
(1257, 105, 1.75, 0, 57.75, '+', 'ADQJ7MF3S1WO', 'Weekly commission', 'plan_commission', '2021-08-17 21:18:33', NULL),
(1258, 105, 1.75, 0, 57.75, '+', 'AT1H93SOGTHM', 'Weekly commission', 'plan_commission', '2021-08-17 21:18:33', NULL),
(1259, 106, 3.5, 0, 115.5, '+', '6N12O7SYA7EA', 'Weekly commission', 'plan_commission', '2021-08-17 21:18:34', NULL),
(1260, 107, 1.75, 0, 57.75, '+', '96KYQ1P8TWMA', 'Weekly commission', 'plan_commission', '2021-08-17 21:18:34', NULL),
(1261, 23, 90, 0, 72885.6, '+', 'ZQO7Z2EEKWHE', 'Monthly commission', 'plan_commission', '2021-08-18 00:00:14', NULL),
(1262, 24, 0, 0, 7090.26, '+', 'C41WBHZ34XFV', 'Monthly Royalty Commission', 'Royalty_commission', '2021-08-18 00:00:17', NULL),
(1263, 23, 90, 0, 72975.6, '+', '3EN8QYJRF4K7', 'Monthly commission', 'plan_commission', '2021-08-18 12:00:16', NULL),
(1264, 24, 0, 0, 7090.26, '+', 'Y7SBCND1O1X4', 'Monthly Royalty Commission', 'Royalty_commission', '2021-08-18 12:00:17', NULL),
(1265, 24, 2.1, 0, 7090.26, '+', 'AMQHYDNEKDV9', 'Weekly commission', 'plan_commission', '2021-08-19 00:00:12', NULL),
(1266, 23, 3, 0, 73065.6, '+', 'DVY7M69XCEDJ', 'Daily commission', 'plan_commission', '2021-08-19 00:00:12', NULL),
(1267, 23, 90, 0, 73065.6, '+', 'O1NKR6D6E8KP', 'Monthly commission', 'plan_commission', '2021-08-19 00:00:12', NULL),
(1268, 24, 1.75, 0, 7090.26, '+', 'F2MOPS7GESCE', 'Weekly commission', 'plan_commission', '2021-08-19 00:00:13', NULL),
(1269, 24, 0, 0, 7092.61, '+', 'V28YS3COXJQ7', 'Monthly Royalty Commission', 'Royalty_commission', '2021-08-19 00:00:13', NULL),
(1270, 24, 0.25, 0, 7092.36, '+', '136OWFY8YNCO', 'Daily commission', 'plan_commission', '2021-08-19 00:00:13', NULL),
(1271, 24, 10.5, 0, 7090.26, '+', 'TF7HY6H6H37M', 'Weekly commission', 'plan_commission', '2021-08-19 00:00:13', NULL),
(1272, 82, 0.25, 0, 17.25, '+', 'Q9PJ87T7GCDA', 'Daily commission', 'plan_commission', '2021-08-19 00:00:13', NULL),
(1273, 94, 0, 0, 10, '+', 'K864ZD9PTVE1', 'Weekly commission', 'plan_commission', '2021-08-19 00:00:13', NULL),
(1274, 104, 1.855, 0, 63.07, '+', 'HZ8N11BCYHZ7', 'Weekly commission', 'plan_commission', '2021-08-19 00:00:14', NULL),
(1275, 105, 0, 0, 59.5, '+', 'K1GR3GP78XKG', 'Weekly commission', 'plan_commission', '2021-08-19 00:00:14', NULL),
(1276, 105, 1.75, 0, 59.5, '+', 'BU1HTZ4F9NUE', 'Weekly commission', 'plan_commission', '2021-08-19 00:00:14', NULL),
(1277, 105, 1.75, 0, 59.5, '+', 'P633VRPOM8ZF', 'Weekly commission', 'plan_commission', '2021-08-19 00:00:14', NULL),
(1278, 105, 1.75, 0, 59.5, '+', '76Y42P84RB34', 'Weekly commission', 'plan_commission', '2021-08-19 00:00:14', NULL),
(1279, 105, 1.75, 0, 59.5, '+', 'RTNFDZNNW99V', 'Weekly commission', 'plan_commission', '2021-08-19 00:00:14', NULL),
(1280, 105, 1.75, 0, 59.5, '+', '8FYYJ1ECN147', 'Weekly commission', 'plan_commission', '2021-08-19 00:00:15', NULL),
(1281, 105, 1.75, 0, 59.5, '+', '648CQZCYU9MQ', 'Weekly commission', 'plan_commission', '2021-08-19 00:00:15', NULL),
(1282, 106, 3.5, 0, 119, '+', 'DKDSMMDRNEPS', 'Weekly commission', 'plan_commission', '2021-08-19 00:00:15', NULL),
(1283, 107, 1.75, 0, 59.5, '+', 'OY7TVOYWAXS5', 'Weekly commission', 'plan_commission', '2021-08-19 00:00:15', NULL),
(1284, 24, 2.1, 0, 7100.76, '+', 'K9Y5R49SU5UY', 'Weekly commission', 'plan_commission', '2021-08-19 12:00:14', NULL),
(1285, 23, 90, 0, 73155.6, '+', 'K9Y5R49SU5UY', 'Monthly commission', 'plan_commission', '2021-08-19 12:00:15', NULL),
(1286, 23, 3, 0, 73155.6, '+', 'K9Y5R49SU5UY', 'Daily commission', 'plan_commission', '2021-08-19 12:00:15', NULL),
(1287, 24, 1.75, 0, 7100.76, '+', 'XMQS3SWEBNZA', 'Weekly commission', 'plan_commission', '2021-08-19 12:00:15', NULL),
(1288, 24, 0.25, 0, 7100.76, '+', 'XMQS3SWEBNZA', 'Daily commission', 'plan_commission', '2021-08-19 12:00:15', NULL),
(1289, 24, 0, 0, 7101.01, '+', 'XMQS3SWEBNZA', 'Monthly Royalty Commission', 'Royalty_commission', '2021-08-19 12:00:15', NULL),
(1290, 24, 10.5, 0, 7100.76, '+', 'DPQSRYXBWN9E', 'Weekly commission', 'plan_commission', '2021-08-19 12:00:16', NULL),
(1291, 82, 0.25, 0, 17.5, '+', 'DPQSRYXBWN9E', 'Daily commission', 'plan_commission', '2021-08-19 12:00:16', NULL),
(1292, 94, 0, 0, 10, '+', 'EXHPWCUJ3Q8W', 'Weekly commission', 'plan_commission', '2021-08-19 12:00:16', NULL),
(1293, 104, 1.855, 0, 64.925, '+', '9PKZ3AAXTTGF', 'Weekly commission', 'plan_commission', '2021-08-19 12:00:16', NULL),
(1294, 105, 0, 0, 61.25, '+', 'VDXEO26RH98O', 'Weekly commission', 'plan_commission', '2021-08-19 12:00:16', NULL),
(1295, 105, 1.75, 0, 61.25, '+', '23BR8FVTJ13K', 'Weekly commission', 'plan_commission', '2021-08-19 12:00:16', NULL),
(1296, 105, 1.75, 0, 61.25, '+', 'HWCWPH3T26BJ', 'Weekly commission', 'plan_commission', '2021-08-19 12:00:16', NULL),
(1297, 105, 1.75, 0, 61.25, '+', 'TMDOMMCTRY5S', 'Weekly commission', 'plan_commission', '2021-08-19 12:00:16', NULL),
(1298, 105, 1.75, 0, 61.25, '+', 'SVPQKEJD1K6G', 'Weekly commission', 'plan_commission', '2021-08-19 12:00:17', NULL),
(1299, 105, 1.75, 0, 61.25, '+', '61HWGHM8PC7N', 'Weekly commission', 'plan_commission', '2021-08-19 12:00:17', NULL),
(1300, 105, 1.75, 0, 61.25, '+', 'XF88PE6JH21V', 'Weekly commission', 'plan_commission', '2021-08-19 12:00:17', NULL),
(1301, 106, 3.5, 0, 122.5, '+', '414APR67W1T9', 'Weekly commission', 'plan_commission', '2021-08-19 12:00:17', NULL),
(1302, 107, 1.75, 0, 61.25, '+', 'WDTOXWFSP2KV', 'Weekly commission', 'plan_commission', '2021-08-19 12:00:17', NULL),
(1303, 32, 50, 0, 123.68, '-', 'P5RP15XYQ6UG', 'Balance Transferred To Romesh', 'balance_transfer', '2021-08-19 23:06:26', '2021-08-19 23:06:26'),
(1304, 117, 50, 0, 50, '+', 'P5RP15XYQ6UG', 'Balance receive From cute46', 'balance_receive', '2021-08-19 23:06:27', '2021-08-19 23:06:27'),
(1305, 32, 50, 0, 73.68, '-', 'XP3WBPE9D4WK', 'Balance Transferred To Kzaman', 'balance_transfer', '2021-08-19 23:06:38', '2021-08-19 23:06:38'),
(1306, 118, 50, 0, 50, '+', 'XP3WBPE9D4WK', 'Balance receive From cute46', 'balance_receive', '2021-08-19 23:06:38', '2021-08-19 23:06:38'),
(1307, 117, 50, 0, 0, '-', '8GSUHRMEW47H', 'Purchased Starter Packege', 'purchased_plan', '2021-08-19 23:09:19', '2021-08-19 23:09:19'),
(1308, 90, 4, 0, 37.25, '+', 'JM1TO1ERHCGE', 'Binary Commission', 'binary_commission', '2021-08-19 23:09:21', '2021-08-19 23:09:21'),
(1309, 82, 4, 0, 21.75, '+', '9XTP7JD6D828', 'Binary Commission', 'binary_commission', '2021-08-19 23:09:21', '2021-08-19 23:09:21'),
(1310, 75, 4, 0, 24, '+', '6KBQF8E2X79U', 'Binary Commission', 'binary_commission', '2021-08-19 23:09:21', '2021-08-19 23:09:21'),
(1311, 75, 4, 0, 28, '+', 'FHRVZUTOYTUM', 'Binary Commission', 'binary_commission', '2021-08-19 23:09:21', '2021-08-19 23:09:21'),
(1312, 90, 6, 0, 43.25, '+', 'VNHD9SGRWW4A', 'Romesh Subscribed to Starter Packege plan.', 'referral_commission', '2021-08-19 23:09:21', '2021-08-19 23:09:21'),
(1313, 118, 50, 0, 0, '-', '2EBKTJ9B8353', 'Purchased Starter Packege', 'purchased_plan', '2021-08-19 23:11:02', '2021-08-19 23:11:02'),
(1314, 90, 4, 0, 47.25, '+', 'V91HSDHHO5TR', 'Binary Commission', 'binary_commission', '2021-08-19 23:11:07', '2021-08-19 23:11:07'),
(1315, 82, 4, 0, 25.75, '+', 'XBWHEBBJN5GM', 'Binary Commission', 'binary_commission', '2021-08-19 23:11:07', '2021-08-19 23:11:07'),
(1316, 75, 4, 0, 32, '+', 'NA7UUHW1VY55', 'Binary Commission', 'binary_commission', '2021-08-19 23:11:07', '2021-08-19 23:11:07'),
(1317, 75, 4, 0, 36, '+', 'BEGARXPVVG1A', 'Binary Commission', 'binary_commission', '2021-08-19 23:11:07', '2021-08-19 23:11:07'),
(1318, 90, 6, 0, 53.25, '+', 'EO2TBTCCEWR5', 'Kzaman Subscribed to Starter Packege plan.', 'referral_commission', '2021-08-19 23:11:07', '2021-08-19 23:11:07'),
(1319, 24, 350, 0, 6761.26, '-', 'ECHM5VPZJSQ8', 'Balance Transferred To cute46', 'balance_transfer', '2021-08-19 23:17:20', '2021-08-19 23:17:20'),
(1320, 32, 350, 0, 423.68, '+', 'ECHM5VPZJSQ8', 'Balance receive From cute09', 'balance_receive', '2021-08-19 23:17:21', '2021-08-19 23:17:21'),
(1321, 23, 3, 0, 73245.6, '+', '556NV3QN5OW7', 'Daily commission', 'plan_commission', '2021-08-19 23:20:15', NULL),
(1322, 24, 2.1, 0, 6761.26, '+', 'OSPW7U57RB3K', 'Weekly commission', 'plan_commission', '2021-08-19 23:20:15', NULL),
(1323, 24, 0.25, 0, 6761.26, '+', 'ZS286PUWJ8P4', 'Daily commission', 'plan_commission', '2021-08-19 23:20:15', NULL),
(1324, 24, 1.75, 0, 6761.26, '+', 'U7P6ZEOFFA7N', 'Weekly commission', 'plan_commission', '2021-08-19 23:20:15', NULL),
(1325, 82, 0.25, 0, 25.75, '+', '2M1XC2UGVCSD', 'Daily commission', 'plan_commission', '2021-08-19 23:20:16', NULL),
(1326, 24, 10.5, 0, 6761.26, '+', 'WU422PNX44ME', 'Weekly commission', 'plan_commission', '2021-08-19 23:20:16', NULL),
(1327, 94, 0, 0, 10, '+', '86JGR7Z74U87', 'Weekly commission', 'plan_commission', '2021-08-19 23:20:16', NULL),
(1328, 104, 1.855, 0, 66.78, '+', '86UT1Z5ZH177', 'Weekly commission', 'plan_commission', '2021-08-19 23:20:17', NULL),
(1329, 105, 0, 0, 63, '+', '6QYDWXTVWJ8D', 'Weekly commission', 'plan_commission', '2021-08-19 23:20:17', NULL),
(1330, 105, 1.75, 0, 63, '+', '866M3J2CSPWN', 'Weekly commission', 'plan_commission', '2021-08-19 23:20:17', NULL),
(1331, 105, 1.75, 0, 63, '+', '3D72S1T2HE3C', 'Weekly commission', 'plan_commission', '2021-08-19 23:20:17', NULL),
(1332, 105, 1.75, 0, 63, '+', 'W642CTBGBU7D', 'Weekly commission', 'plan_commission', '2021-08-19 23:20:17', NULL),
(1333, 105, 1.75, 0, 63, '+', 'EO9CKPW18XRQ', 'Weekly commission', 'plan_commission', '2021-08-19 23:20:17', NULL),
(1334, 105, 1.75, 0, 63, '+', 'B1MN1K3AVSV3', 'Weekly commission', 'plan_commission', '2021-08-19 23:20:18', NULL),
(1335, 105, 1.75, 0, 63, '+', 'N14ZWEZFSPER', 'Weekly commission', 'plan_commission', '2021-08-19 23:20:18', NULL),
(1336, 106, 3.5, 0, 126, '+', '8CDQWX7ZCT5P', 'Weekly commission', 'plan_commission', '2021-08-19 23:20:18', NULL),
(1337, 107, 1.75, 0, 63, '+', '1N9KC9E6THUX', 'Weekly commission', 'plan_commission', '2021-08-19 23:20:18', NULL),
(1338, 117, 1.75, 0, 0, '+', 'WRUH4NS4X2MJ', 'Weekly commission', 'plan_commission', '2021-08-19 23:20:18', NULL),
(1339, 118, 1.75, 0, 0, '+', 'TOW7MCP1TXT6', 'Weekly commission', 'plan_commission', '2021-08-19 23:20:19', NULL),
(1340, 24, 2.1, 0, 6771.76, '+', 'JOJVEZY3TN1E', 'Weekly commission', 'plan_commission', '2021-08-19 23:21:01', NULL),
(1341, 23, 3, 0, 73248.6, '+', 'QQBAXOJEAUH9', 'Daily commission', 'plan_commission', '2021-08-19 23:21:02', NULL),
(1342, 23, 90, 0, 73251.6, '+', '4N9H7UMVPCU5', 'Monthly commission', 'plan_commission', '2021-08-19 23:21:02', NULL),
(1343, 24, 1.75, 0, 6771.76, '+', 'JKS37Z1Y7UOG', 'Weekly commission', 'plan_commission', '2021-08-19 23:21:02', NULL),
(1344, 24, 0.25, 0, 6773.86, '+', 'HUGFJNF34SNT', 'Daily commission', 'plan_commission', '2021-08-19 23:21:02', NULL),
(1345, 24, 0.142857, 0, 6774.11, '+', 'UWFOXNT2VCVU', 'Monthly Royalty Commission', 'Royalty_commission', '2021-08-19 23:21:02', NULL),
(1346, 24, 10.5, 0, 6771.76, '+', 'FJJ74BCEBSZ1', 'Weekly commission', 'plan_commission', '2021-08-19 23:21:02', NULL),
(1347, 82, 0.25, 0, 26, '+', '8YYEEW1O6ESX', 'Daily commission', 'plan_commission', '2021-08-19 23:21:03', NULL),
(1348, 94, 0, 0, 10, '+', 'GENOACS856T2', 'Weekly commission', 'plan_commission', '2021-08-19 23:21:03', NULL),
(1349, 104, 1.855, 0, 68.635, '+', 'KOJ5ARSS2OJF', 'Weekly commission', 'plan_commission', '2021-08-19 23:21:03', NULL),
(1350, 105, 0, 0, 64.75, '+', 'JVP63ZBHP8GJ', 'Weekly commission', 'plan_commission', '2021-08-19 23:21:04', NULL),
(1351, 105, 1.75, 0, 64.75, '+', 'Y8XRDBSVR35X', 'Weekly commission', 'plan_commission', '2021-08-19 23:21:04', NULL),
(1352, 105, 1.75, 0, 64.75, '+', 'CKRREOMR6Y4S', 'Weekly commission', 'plan_commission', '2021-08-19 23:21:04', NULL),
(1353, 105, 1.75, 0, 64.75, '+', '5FD5Y3WU52PD', 'Weekly commission', 'plan_commission', '2021-08-19 23:21:05', NULL),
(1354, 105, 1.75, 0, 64.75, '+', 'PG653NOXNRW1', 'Weekly commission', 'plan_commission', '2021-08-19 23:21:05', NULL),
(1355, 105, 1.75, 0, 64.75, '+', 'J3A411QCH5JW', 'Weekly commission', 'plan_commission', '2021-08-19 23:21:05', NULL),
(1356, 105, 1.75, 0, 64.75, '+', 'TPGXUDDH4MS6', 'Weekly commission', 'plan_commission', '2021-08-19 23:21:05', NULL),
(1357, 106, 3.5, 0, 129.5, '+', 'PS2TCTAT3UNN', 'Weekly commission', 'plan_commission', '2021-08-19 23:21:06', NULL),
(1358, 107, 1.75, 0, 64.75, '+', 'HP3ZSYEZBASS', 'Weekly commission', 'plan_commission', '2021-08-19 23:21:09', NULL),
(1359, 117, 1.75, 0, 1.75, '+', 'T9KRNWOVFM21', 'Weekly commission', 'plan_commission', '2021-08-19 23:21:09', NULL),
(1360, 118, 1.75, 0, 1.75, '+', 'H928VSKO11B1', 'Weekly commission', 'plan_commission', '2021-08-19 23:21:10', NULL),
(1361, 23, 90, 0, 73341.6, '+', 'HJAACCDDMECW', 'Monthly commission', 'plan_commission', '2021-08-19 23:22:01', NULL),
(1362, 24, 0, 0, 6782.26, '+', '536WGGV31MQJ', 'Monthly Royalty Commission', 'Royalty_commission', '2021-08-19 23:22:01', NULL),
(1363, 23, 3, 0, 73431.6, '+', 'NCGMR4H4YW87', 'Daily commission', 'plan_commission', '2021-08-19 23:22:01', NULL),
(1364, 24, 2.1, 0, 6782.26, '+', 'WYV6HNE72M6K', 'Weekly commission', 'plan_commission', '2021-08-19 23:22:02', NULL),
(1365, 24, 0.25, 0, 6782.26, '+', 'ZS68O265AV6K', 'Daily commission', 'plan_commission', '2021-08-19 23:22:02', NULL),
(1366, 24, 1.75, 0, 6782.26, '+', 'A8ZARTA7776F', 'Weekly commission', 'plan_commission', '2021-08-19 23:22:02', NULL),
(1367, 82, 0.25, 0, 26.25, '+', '1VWTHVGMFPKH', 'Daily commission', 'plan_commission', '2021-08-19 23:22:02', NULL),
(1368, 24, 10.5, 0, 6782.26, '+', 'F37TU4KMMXON', 'Weekly commission', 'plan_commission', '2021-08-19 23:22:02', NULL),
(1369, 94, 0, 0, 10, '+', '2Z5DBJO64OY8', 'Weekly commission', 'plan_commission', '2021-08-19 23:22:02', NULL),
(1370, 104, 1.855, 0, 70.49, '+', 'QE2BTTP946VH', 'Weekly commission', 'plan_commission', '2021-08-19 23:22:03', NULL),
(1371, 105, 0, 0, 66.5, '+', 'KWZHZEGMRFF9', 'Weekly commission', 'plan_commission', '2021-08-19 23:22:03', NULL),
(1372, 105, 1.75, 0, 66.5, '+', 'KYU3A5OQ2UQP', 'Weekly commission', 'plan_commission', '2021-08-19 23:22:03', NULL),
(1373, 105, 1.75, 0, 66.5, '+', '3HPC4NW19KRN', 'Weekly commission', 'plan_commission', '2021-08-19 23:22:03', NULL),
(1374, 105, 1.75, 0, 66.5, '+', 'DKNA81Z6EBPQ', 'Weekly commission', 'plan_commission', '2021-08-19 23:22:03', NULL),
(1375, 105, 1.75, 0, 66.5, '+', 'QTUB13YWN1RZ', 'Weekly commission', 'plan_commission', '2021-08-19 23:22:03', NULL),
(1376, 105, 1.75, 0, 66.5, '+', '9DPJ33POWAXZ', 'Weekly commission', 'plan_commission', '2021-08-19 23:22:03', NULL),
(1377, 105, 1.75, 0, 66.5, '+', '2T69O6NXY8WA', 'Weekly commission', 'plan_commission', '2021-08-19 23:22:03', NULL),
(1378, 106, 3.5, 0, 133, '+', 'SW9QTY5FDCF4', 'Weekly commission', 'plan_commission', '2021-08-19 23:22:03', NULL),
(1379, 107, 1.75, 0, 66.5, '+', 'VA8XQU7QSTAV', 'Weekly commission', 'plan_commission', '2021-08-19 23:22:03', NULL),
(1380, 117, 1.75, 0, 3.5, '+', 'KOCT242W1VZN', 'Weekly commission', 'plan_commission', '2021-08-19 23:22:03', NULL),
(1381, 118, 1.75, 0, 3.5, '+', 'O918BVHFGKNS', 'Weekly commission', 'plan_commission', '2021-08-19 23:22:03', NULL),
(1382, 23, 3, 0, 73434.6, '+', '8NC11QY82NJZ', 'Daily commission', 'plan_commission', '2021-08-19 23:23:02', NULL),
(1383, 24, 0.25, 0, 6792.76, '+', 'E3BKBNF8FCTH', 'Daily commission', 'plan_commission', '2021-08-19 23:23:02', NULL),
(1384, 23, 90, 0, 73437.6, '+', '99CKE5A9FQNU', 'Monthly commission', 'plan_commission', '2021-08-19 23:23:02', NULL),
(1385, 82, 0.25, 0, 26.5, '+', 'TZ6EGFT1ROJ9', 'Daily commission', 'plan_commission', '2021-08-19 23:23:02', NULL),
(1386, 24, 0, 0, 6793.01, '+', 'Z3MQFMPPNSDW', 'Monthly Royalty Commission', 'Royalty_commission', '2021-08-19 23:23:02', NULL),
(1387, 24, 2.1, 0, 6793.01, '+', 'ECFFXUDVU9TZ', 'Weekly commission', 'plan_commission', '2021-08-19 23:23:02', NULL),
(1388, 24, 1.75, 0, 6793.01, '+', 'M29YFZB793CY', 'Weekly commission', 'plan_commission', '2021-08-19 23:23:02', NULL),
(1389, 24, 10.5, 0, 6793.01, '+', '899WV917ASDB', 'Weekly commission', 'plan_commission', '2021-08-19 23:23:02', NULL),
(1390, 94, 0, 0, 10, '+', '62PZJ135FXSO', 'Weekly commission', 'plan_commission', '2021-08-19 23:23:02', NULL),
(1391, 104, 1.855, 0, 72.345, '+', 'P5UBCTXBRBOD', 'Weekly commission', 'plan_commission', '2021-08-19 23:23:02', NULL),
(1392, 105, 0, 0, 68.25, '+', 'D8ZEJV7TSOBY', 'Weekly commission', 'plan_commission', '2021-08-19 23:23:02', NULL),
(1393, 105, 1.75, 0, 68.25, '+', 'QOQSJD57DFHJ', 'Weekly commission', 'plan_commission', '2021-08-19 23:23:02', NULL),
(1394, 105, 1.75, 0, 68.25, '+', 'OMA625YN69KU', 'Weekly commission', 'plan_commission', '2021-08-19 23:23:03', NULL),
(1395, 105, 1.75, 0, 68.25, '+', 'SQUSKGC76Q89', 'Weekly commission', 'plan_commission', '2021-08-19 23:23:03', NULL),
(1396, 105, 1.75, 0, 68.25, '+', 'QYUPS9F232AV', 'Weekly commission', 'plan_commission', '2021-08-19 23:23:03', NULL),
(1397, 105, 1.75, 0, 68.25, '+', '75CE5QQVA6UZ', 'Weekly commission', 'plan_commission', '2021-08-19 23:23:03', NULL),
(1398, 105, 1.75, 0, 68.25, '+', 'ZYHRAN4DG9HK', 'Weekly commission', 'plan_commission', '2021-08-19 23:23:03', NULL),
(1399, 106, 3.5, 0, 136.5, '+', 'JRS8YEFNUCF2', 'Weekly commission', 'plan_commission', '2021-08-19 23:23:03', NULL),
(1400, 107, 1.75, 0, 68.25, '+', '6RYCVRU9WZXD', 'Weekly commission', 'plan_commission', '2021-08-19 23:23:04', NULL),
(1401, 117, 1.75, 0, 5.25, '+', 'J2U2V2OV4Z8T', 'Weekly commission', 'plan_commission', '2021-08-19 23:23:04', NULL),
(1402, 118, 1.75, 0, 5.25, '+', 'B7R7HVSO8N5N', 'Weekly commission', 'plan_commission', '2021-08-19 23:23:04', NULL),
(1403, 24, 2.1, 0, 6803.51, '+', 'UB3G6N6F355R', 'Weekly commission', 'plan_commission', '2021-08-19 23:24:01', NULL),
(1404, 24, 1.75, 0, 6803.51, '+', 'W6EVZE99D7F8', 'Weekly commission', 'plan_commission', '2021-08-19 23:24:02', NULL),
(1405, 23, 90, 0, 73527.6, '+', '9NYC79GASXZ5', 'Monthly commission', 'plan_commission', '2021-08-19 23:24:03', NULL),
(1406, 24, 10.5, 0, 6803.51, '+', 'QXTQ7US8WEOO', 'Weekly commission', 'plan_commission', '2021-08-19 23:24:03', NULL),
(1407, 23, 3, 0, 73617.6, '+', 'H5RCQ7HRRF1C', 'Daily commission', 'plan_commission', '2021-08-19 23:24:03', NULL),
(1408, 94, 0, 0, 10, '+', 'OPYGD5WFR9Z8', 'Weekly commission', 'plan_commission', '2021-08-19 23:24:04', NULL),
(1409, 24, 0, 0, 6814.26, '+', 'B1HYE2EVUCG8', 'Monthly Royalty Commission', 'Royalty_commission', '2021-08-19 23:24:04', NULL),
(1410, 24, 0.25, 0, 6814.01, '+', 'BVU518V2CK8G', 'Daily commission', 'plan_commission', '2021-08-19 23:24:04', NULL),
(1411, 104, 1.855, 0, 74.2, '+', 'QOKQXN9KY17W', 'Weekly commission', 'plan_commission', '2021-08-19 23:24:05', NULL),
(1412, 82, 0.25, 0, 26.75, '+', 'QMMSXM4R1WFB', 'Daily commission', 'plan_commission', '2021-08-19 23:24:05', NULL),
(1413, 105, 0, 0, 70, '+', 'BJ1RCJC42GD7', 'Weekly commission', 'plan_commission', '2021-08-19 23:24:05', NULL),
(1414, 105, 1.75, 0, 70, '+', '9CBEUWBHR3V1', 'Weekly commission', 'plan_commission', '2021-08-19 23:24:05', NULL),
(1415, 105, 1.75, 0, 70, '+', 'SKYZKDTYQRJG', 'Weekly commission', 'plan_commission', '2021-08-19 23:24:05', NULL),
(1416, 105, 1.75, 0, 70, '+', '2SVMU1Q6T2P8', 'Weekly commission', 'plan_commission', '2021-08-19 23:24:05', NULL),
(1417, 105, 1.75, 0, 70, '+', 'OUTRCVP1CDSW', 'Weekly commission', 'plan_commission', '2021-08-19 23:24:05', NULL),
(1418, 105, 1.75, 0, 70, '+', 'Q2E58TW4YPR4', 'Weekly commission', 'plan_commission', '2021-08-19 23:24:05', NULL),
(1419, 105, 1.75, 0, 70, '+', 'D1YD4KZM3XCN', 'Weekly commission', 'plan_commission', '2021-08-19 23:24:05', NULL),
(1420, 106, 3.5, 0, 140, '+', 'VB3T494YETVH', 'Weekly commission', 'plan_commission', '2021-08-19 23:24:06', NULL),
(1421, 107, 1.75, 0, 70, '+', 'YQAYP4J6ZDWY', 'Weekly commission', 'plan_commission', '2021-08-19 23:24:06', NULL),
(1422, 117, 1.75, 0, 7, '+', 'MGH6UBO2NN9W', 'Weekly commission', 'plan_commission', '2021-08-19 23:24:06', NULL),
(1423, 118, 1.75, 0, 7, '+', '21V7D3MXT8J4', 'Weekly commission', 'plan_commission', '2021-08-19 23:24:06', NULL),
(1424, 23, 3, 0, 73620.6, '+', 'TJ7AFH5A7EOP', 'Daily commission', 'plan_commission', '2021-08-19 23:25:02', NULL),
(1425, 23, 90, 0, 73620.6, '+', 'UN4RO6JYO8K7', 'Monthly commission', 'plan_commission', '2021-08-19 23:25:02', NULL),
(1426, 24, 2.1, 0, 6814.26, '+', '41COTNVPQWFK', 'Weekly commission', 'plan_commission', '2021-08-19 23:25:02', NULL),
(1427, 24, 0.25, 0, 6814.26, '+', 'J9PA5D34G2V7', 'Daily commission', 'plan_commission', '2021-08-19 23:25:03', NULL),
(1428, 24, 0, 0, 6816.01, '+', '86EB4P4W8QCY', 'Monthly Royalty Commission', 'Royalty_commission', '2021-08-19 23:25:03', NULL),
(1429, 24, 1.75, 0, 6814.26, '+', '998Q2F9ECWM8', 'Weekly commission', 'plan_commission', '2021-08-19 23:25:03', NULL),
(1430, 82, 0.25, 0, 27, '+', '31S89MB3G658', 'Daily commission', 'plan_commission', '2021-08-19 23:25:04', NULL),
(1431, 24, 10.5, 0, 6814.26, '+', 'UHJUA2FWN334', 'Weekly commission', 'plan_commission', '2021-08-19 23:25:05', NULL),
(1432, 94, 0, 0, 10, '+', '5MCB9MN3XS4K', 'Weekly commission', 'plan_commission', '2021-08-19 23:25:07', NULL),
(1433, 104, 1.855, 0, 76.055, '+', '23WVEFAUY59S', 'Weekly commission', 'plan_commission', '2021-08-19 23:25:08', NULL),
(1434, 105, 0, 0, 71.75, '+', 'UFPNGOUG7RZ8', 'Weekly commission', 'plan_commission', '2021-08-19 23:25:09', NULL),
(1435, 105, 1.75, 0, 71.75, '+', 'J99SYB1OSEM2', 'Weekly commission', 'plan_commission', '2021-08-19 23:25:09', NULL),
(1436, 105, 1.75, 0, 71.75, '+', 'QN37PZ8MS6QJ', 'Weekly commission', 'plan_commission', '2021-08-19 23:25:10', NULL),
(1437, 105, 1.75, 0, 71.75, '+', 'EJZS7Y1SM7PV', 'Weekly commission', 'plan_commission', '2021-08-19 23:25:10', NULL),
(1438, 105, 1.75, 0, 71.75, '+', 'OP3HWV5R26FZ', 'Weekly commission', 'plan_commission', '2021-08-19 23:25:10', NULL),
(1439, 105, 1.75, 0, 71.75, '+', 'B9G6E8FFACS5', 'Weekly commission', 'plan_commission', '2021-08-19 23:25:10', NULL),
(1440, 105, 1.75, 0, 71.75, '+', '2MXTSN2A15HG', 'Weekly commission', 'plan_commission', '2021-08-19 23:25:10', NULL),
(1441, 106, 3.5, 0, 143.5, '+', '6C62DQBSAATK', 'Weekly commission', 'plan_commission', '2021-08-19 23:25:11', NULL),
(1442, 107, 1.75, 0, 71.75, '+', 'CPBW52QV7728', 'Weekly commission', 'plan_commission', '2021-08-19 23:25:11', NULL),
(1443, 117, 1.75, 0, 8.75, '+', '5ZORO4BK419N', 'Weekly commission', 'plan_commission', '2021-08-19 23:25:11', NULL),
(1444, 118, 1.75, 0, 8.75, '+', 'DDGXUVBQM5QT', 'Weekly commission', 'plan_commission', '2021-08-19 23:25:11', NULL),
(1445, 23, 3, 0, 73710.6, '+', 'SJUZ881PHCG3', 'Daily commission', 'plan_commission', '2021-08-19 23:26:01', NULL),
(1446, 24, 0.25, 0, 6824.76, '+', 'JR9O392BSQOP', 'Daily commission', 'plan_commission', '2021-08-19 23:26:01', NULL),
(1447, 23, 90, 0, 73713.6, '+', 'ESCU4ONZVQAZ', 'Monthly commission', 'plan_commission', '2021-08-19 23:26:01', NULL),
(1448, 82, 0.25, 0, 27.25, '+', '5XGOWWCAV1US', 'Daily commission', 'plan_commission', '2021-08-19 23:26:01', NULL),
(1449, 24, 0, 0, 6825.01, '+', 'Z1OK8PNYZM77', 'Monthly Royalty Commission', 'Royalty_commission', '2021-08-19 23:26:01', NULL),
(1450, 24, 2.1, 0, 6825.01, '+', '24OTR83R7OBH', 'Weekly commission', 'plan_commission', '2021-08-19 23:26:02', NULL),
(1451, 24, 1.75, 0, 6825.01, '+', '3VJ3UZWA38RB', 'Weekly commission', 'plan_commission', '2021-08-19 23:26:02', NULL),
(1452, 24, 10.5, 0, 6825.01, '+', '5BZKS7G86HNJ', 'Weekly commission', 'plan_commission', '2021-08-19 23:26:02', NULL),
(1453, 94, 0, 0, 10, '+', 'RFZ2HAK9GP28', 'Weekly commission', 'plan_commission', '2021-08-19 23:26:02', NULL),
(1454, 104, 1.855, 0, 77.91, '+', 'XRU9DUJDUS3V', 'Weekly commission', 'plan_commission', '2021-08-19 23:26:03', NULL),
(1455, 105, 0, 0, 73.5, '+', 'P6OQW53EBGSQ', 'Weekly commission', 'plan_commission', '2021-08-19 23:26:03', NULL),
(1456, 105, 1.75, 0, 73.5, '+', 'PXTV8NVENJEA', 'Weekly commission', 'plan_commission', '2021-08-19 23:26:03', NULL),
(1457, 105, 1.75, 0, 73.5, '+', 'DWACXVDMBBQ1', 'Weekly commission', 'plan_commission', '2021-08-19 23:26:03', NULL),
(1458, 105, 1.75, 0, 73.5, '+', 'W1SS2Y47ZPCZ', 'Weekly commission', 'plan_commission', '2021-08-19 23:26:03', NULL),
(1459, 105, 1.75, 0, 73.5, '+', 'A6VWRXNAVAN8', 'Weekly commission', 'plan_commission', '2021-08-19 23:26:03', NULL),
(1460, 105, 1.75, 0, 73.5, '+', 'E5DW7XEOD9QB', 'Weekly commission', 'plan_commission', '2021-08-19 23:26:04', NULL),
(1461, 105, 1.75, 0, 73.5, '+', 'YYQW44NVD2MW', 'Weekly commission', 'plan_commission', '2021-08-19 23:26:04', NULL),
(1462, 106, 3.5, 0, 147, '+', 'HBZ863XOVS61', 'Weekly commission', 'plan_commission', '2021-08-19 23:26:04', NULL),
(1463, 107, 1.75, 0, 73.5, '+', 'YCD789A8FAJ6', 'Weekly commission', 'plan_commission', '2021-08-19 23:26:04', NULL),
(1464, 117, 1.75, 0, 10.5, '+', 'WVMHH1CZGADS', 'Weekly commission', 'plan_commission', '2021-08-19 23:26:04', NULL),
(1465, 118, 1.75, 0, 10.5, '+', 'V2K6JCTZVNE7', 'Weekly commission', 'plan_commission', '2021-08-19 23:26:04', NULL),
(1466, 23, 90, 0, 73803.6, '+', 'Z13SSVPWDROS', 'Monthly commission', 'plan_commission', '2021-08-19 23:27:02', NULL),
(1467, 24, 0, 0, 6835.51, '+', '6QK463JC9BGF', 'Monthly Royalty Commission', 'Royalty_commission', '2021-08-19 23:27:02', NULL),
(1468, 23, 3, 0, 73893.6, '+', 'JJY2F2PBQ7WF', 'Daily commission', 'plan_commission', '2021-08-19 23:27:02', NULL),
(1469, 24, 0.25, 0, 6835.51, '+', 'OXJES9QPYY94', 'Daily commission', 'plan_commission', '2021-08-19 23:27:02', NULL),
(1470, 82, 0.25, 0, 27.5, '+', 'MBA6OROTKUTJ', 'Daily commission', 'plan_commission', '2021-08-19 23:27:02', NULL),
(1471, 24, 2.1, 0, 6835.76, '+', 'EJT5EZHY3NN7', 'Weekly commission', 'plan_commission', '2021-08-19 23:27:02', NULL),
(1472, 24, 1.75, 0, 6835.76, '+', 'JQ4VA8RJFFHH', 'Weekly commission', 'plan_commission', '2021-08-19 23:27:03', NULL),
(1473, 24, 10.5, 0, 6835.76, '+', 'UQB6K7WMO8RV', 'Weekly commission', 'plan_commission', '2021-08-19 23:27:03', NULL),
(1474, 94, 0, 0, 10, '+', 'W5WDBZ6SCX8Z', 'Weekly commission', 'plan_commission', '2021-08-19 23:27:03', NULL),
(1475, 104, 1.855, 0, 79.765, '+', 'HXMYU9QCCCXJ', 'Weekly commission', 'plan_commission', '2021-08-19 23:27:03', NULL),
(1476, 105, 0, 0, 75.25, '+', '4Y48VR1YMEO1', 'Weekly commission', 'plan_commission', '2021-08-19 23:27:03', NULL),
(1477, 105, 1.75, 0, 75.25, '+', '38OFEXX7ABG4', 'Weekly commission', 'plan_commission', '2021-08-19 23:27:03', NULL),
(1478, 105, 1.75, 0, 75.25, '+', 'QZG17ZWO6XNH', 'Weekly commission', 'plan_commission', '2021-08-19 23:27:03', NULL),
(1479, 105, 1.75, 0, 75.25, '+', '62H9Q3391X9B', 'Weekly commission', 'plan_commission', '2021-08-19 23:27:03', NULL),
(1480, 105, 1.75, 0, 75.25, '+', '3YJHGD9RTKKO', 'Weekly commission', 'plan_commission', '2021-08-19 23:27:03', NULL),
(1481, 105, 1.75, 0, 75.25, '+', '54XEPKGNJ4TC', 'Weekly commission', 'plan_commission', '2021-08-19 23:27:03', NULL),
(1482, 105, 1.75, 0, 75.25, '+', 'AF5FC6N167VN', 'Weekly commission', 'plan_commission', '2021-08-19 23:27:03', NULL),
(1483, 106, 3.5, 0, 150.5, '+', '37PTV63RYP69', 'Weekly commission', 'plan_commission', '2021-08-19 23:27:03', NULL),
(1484, 107, 1.75, 0, 75.25, '+', 'FX1XDT9CYQFK', 'Weekly commission', 'plan_commission', '2021-08-19 23:27:03', NULL),
(1485, 117, 1.75, 0, 12.25, '+', 'YAFHKGXPZ4NA', 'Weekly commission', 'plan_commission', '2021-08-19 23:27:03', NULL),
(1486, 118, 1.75, 0, 12.25, '+', 'D1CE82M47RWE', 'Weekly commission', 'plan_commission', '2021-08-19 23:27:06', NULL),
(1487, 24, 2.1, 0, 6846.26, '+', 'W5HH2BBVPCSM', 'Weekly commission', 'plan_commission', '2021-08-19 23:28:02', NULL),
(1488, 23, 90, 0, 73899.6, '+', 'KJ4PB5BUQMY1', 'Monthly commission', 'plan_commission', '2021-08-19 23:28:04', NULL),
(1489, 23, 3, 0, 73896.6, '+', 'KA2J5953HAHG', 'Daily commission', 'plan_commission', '2021-08-19 23:28:04', NULL),
(1490, 24, 1.75, 0, 6846.26, '+', '453UTZQQYRU1', 'Weekly commission', 'plan_commission', '2021-08-19 23:28:04', NULL),
(1491, 24, 0, 0, 6856.76, '+', 'XNBQRA3C84HR', 'Monthly Royalty Commission', 'Royalty_commission', '2021-08-19 23:28:05', NULL),
(1492, 24, 0.25, 0, 6848.36, '+', 'Y7TO7B3JTKZW', 'Daily commission', 'plan_commission', '2021-08-19 23:28:05', NULL),
(1493, 24, 10.5, 0, 6846.26, '+', 'B3UOMDWH1ZQF', 'Weekly commission', 'plan_commission', '2021-08-19 23:28:05', NULL),
(1494, 94, 0, 0, 10, '+', '69NV8MUAYUXV', 'Weekly commission', 'plan_commission', '2021-08-19 23:28:05', NULL),
(1495, 82, 0.25, 0, 27.75, '+', 'X4E8S3WEQYU8', 'Daily commission', 'plan_commission', '2021-08-19 23:28:05', NULL),
(1496, 104, 1.855, 0, 81.62, '+', 'MHDDFEVN6SHP', 'Weekly commission', 'plan_commission', '2021-08-19 23:28:05', NULL),
(1497, 105, 0, 0, 77, '+', 'TPM4WEBQKJTH', 'Weekly commission', 'plan_commission', '2021-08-19 23:28:06', NULL),
(1498, 105, 1.75, 0, 77, '+', '9PNEXCQ4HEQ5', 'Weekly commission', 'plan_commission', '2021-08-19 23:28:06', NULL),
(1499, 105, 1.75, 0, 77, '+', '8MN17ZA3DDPG', 'Weekly commission', 'plan_commission', '2021-08-19 23:28:06', NULL),
(1500, 105, 1.75, 0, 77, '+', 'O4RSNZ3PENRW', 'Weekly commission', 'plan_commission', '2021-08-19 23:28:06', NULL),
(1501, 105, 1.75, 0, 77, '+', 'K1PTFZDNYUEQ', 'Weekly commission', 'plan_commission', '2021-08-19 23:28:07', NULL),
(1502, 105, 1.75, 0, 77, '+', '3N4F1FFJU3SU', 'Weekly commission', 'plan_commission', '2021-08-19 23:28:07', NULL),
(1503, 105, 1.75, 0, 77, '+', 'B1D7GOX7U6EU', 'Weekly commission', 'plan_commission', '2021-08-19 23:28:07', NULL),
(1504, 106, 3.5, 0, 154, '+', 'WFDYKY93HF3C', 'Weekly commission', 'plan_commission', '2021-08-19 23:28:07', NULL),
(1505, 107, 1.75, 0, 77, '+', '3AYY26EE592N', 'Weekly commission', 'plan_commission', '2021-08-19 23:28:07', NULL),
(1506, 117, 1.75, 0, 14, '+', 'CWN8WYFCNF9E', 'Weekly commission', 'plan_commission', '2021-08-19 23:28:08', NULL),
(1507, 118, 1.75, 0, 14, '+', 'JDVFDVG99X8W', 'Weekly commission', 'plan_commission', '2021-08-19 23:28:08', NULL),
(1508, 23, 3, 0, 73989.6, '+', 'GR4SKZQF6JSJ', 'Daily commission', 'plan_commission', '2021-08-19 23:29:01', NULL),
(1509, 23, 90, 0, 73992.6, '+', '4TK1M63MNFXT', 'Monthly commission', 'plan_commission', '2021-08-19 23:29:01', NULL),
(1510, 24, 0.25, 0, 6856.76, '+', 'K4JKFQGC9ONK', 'Daily commission', 'plan_commission', '2021-08-19 23:29:02', NULL),
(1511, 24, 2.1, 0, 6857.01, '+', 'CHXTPG2K5V9K', 'Weekly commission', 'plan_commission', '2021-08-19 23:29:02', NULL),
(1512, 24, 0, 0, 6859.11, '+', 'CMTB6SUYJB7O', 'Monthly Royalty Commission', 'Royalty_commission', '2021-08-19 23:29:02', NULL),
(1513, 82, 0.25, 0, 28, '+', 'AT8KTPQEFX9D', 'Daily commission', 'plan_commission', '2021-08-19 23:29:02', NULL),
(1514, 24, 1.75, 0, 6857.01, '+', 'YRSRYXBXYM3M', 'Weekly commission', 'plan_commission', '2021-08-19 23:29:02', NULL),
(1515, 24, 10.5, 0, 6857.01, '+', '8DH3Q5F2JGY7', 'Weekly commission', 'plan_commission', '2021-08-19 23:29:02', NULL),
(1516, 94, 0, 0, 10, '+', 'M4WPNQDBGA32', 'Weekly commission', 'plan_commission', '2021-08-19 23:29:02', NULL),
(1517, 104, 1.855, 0, 83.475, '+', 'BPRZF5YEJOPY', 'Weekly commission', 'plan_commission', '2021-08-19 23:29:02', NULL),
(1518, 105, 0, 0, 78.75, '+', '4VHDYOT6UPNS', 'Weekly commission', 'plan_commission', '2021-08-19 23:29:02', NULL),
(1519, 105, 1.75, 0, 78.75, '+', 'OC6ZSH5RPBWC', 'Weekly commission', 'plan_commission', '2021-08-19 23:29:03', NULL),
(1520, 105, 1.75, 0, 78.75, '+', 'EGPQHH4GPRCX', 'Weekly commission', 'plan_commission', '2021-08-19 23:29:03', NULL),
(1521, 105, 1.75, 0, 78.75, '+', 'JA38369APNZT', 'Weekly commission', 'plan_commission', '2021-08-19 23:29:03', NULL),
(1522, 105, 1.75, 0, 78.75, '+', '9T8SHJWV3JUV', 'Weekly commission', 'plan_commission', '2021-08-19 23:29:03', NULL),
(1523, 105, 1.75, 0, 78.75, '+', 'D9VJR5F6EZ2U', 'Weekly commission', 'plan_commission', '2021-08-19 23:29:03', NULL),
(1524, 105, 1.75, 0, 78.75, '+', 'GPQ153SKRSSF', 'Weekly commission', 'plan_commission', '2021-08-19 23:29:03', NULL),
(1525, 106, 3.5, 0, 157.5, '+', 'U4SKUTSC9GGN', 'Weekly commission', 'plan_commission', '2021-08-19 23:29:03', NULL),
(1526, 107, 1.75, 0, 78.75, '+', '86EYXDZ4QDHG', 'Weekly commission', 'plan_commission', '2021-08-19 23:29:03', NULL),
(1527, 117, 1.75, 0, 15.75, '+', '1PY1U3JMM85K', 'Weekly commission', 'plan_commission', '2021-08-19 23:29:03', NULL),
(1528, 118, 1.75, 0, 15.75, '+', 'ZQPBAEX9S62J', 'Weekly commission', 'plan_commission', '2021-08-19 23:29:03', NULL),
(1529, 24, 2.1, 0, 6867.51, '+', '1BC2PDAX4MSW', 'Weekly commission', 'plan_commission', '2021-08-19 23:30:03', NULL),
(1530, 23, 3, 0, 74082.6, '+', 'YETNXUD9HPUE', 'Daily commission', 'plan_commission', '2021-08-19 23:30:03', NULL),
(1531, 23, 90, 0, 74082.6, '+', 'YYYGK4KG2BRP', 'Monthly commission', 'plan_commission', '2021-08-19 23:30:03', NULL),
(1532, 24, 1.75, 0, 6867.51, '+', 'AFQF6PK3RP3E', 'Weekly commission', 'plan_commission', '2021-08-19 23:30:04', NULL),
(1533, 24, 0.25, 0, 6867.51, '+', 'RV7P775RJHOM', 'Daily commission', 'plan_commission', '2021-08-19 23:30:04', NULL),
(1534, 24, 0, 0, 6867.76, '+', '1VBAQMOF51NK', 'Monthly Royalty Commission', 'Royalty_commission', '2021-08-19 23:30:04', NULL),
(1535, 24, 10.5, 0, 6867.51, '+', 'SG8Q8YMK2NU1', 'Weekly commission', 'plan_commission', '2021-08-19 23:30:05', NULL),
(1536, 82, 0.25, 0, 28.25, '+', 'B9A2UXR9QS6D', 'Daily commission', 'plan_commission', '2021-08-19 23:30:05', NULL),
(1537, 94, 0, 0, 10, '+', 'FQ5RPVO56MYO', 'Weekly commission', 'plan_commission', '2021-08-19 23:30:05', NULL),
(1538, 104, 1.855, 0, 85.33, '+', 'VCFBMCJBBUF5', 'Weekly commission', 'plan_commission', '2021-08-19 23:30:06', NULL),
(1539, 105, 0, 0, 80.5, '+', 'BO34MQ8TASMO', 'Weekly commission', 'plan_commission', '2021-08-19 23:30:06', NULL),
(1540, 105, 1.75, 0, 80.5, '+', 'V9Z8VTA4815X', 'Weekly commission', 'plan_commission', '2021-08-19 23:30:07', NULL),
(1541, 105, 1.75, 0, 80.5, '+', 'YHCZEN3YX7E1', 'Weekly commission', 'plan_commission', '2021-08-19 23:30:07', NULL),
(1542, 105, 1.75, 0, 80.5, '+', '5MWNENB6BEDQ', 'Weekly commission', 'plan_commission', '2021-08-19 23:30:07', NULL),
(1543, 105, 1.75, 0, 80.5, '+', 'WGFOGJK5T83M', 'Weekly commission', 'plan_commission', '2021-08-19 23:30:08', NULL),
(1544, 105, 1.75, 0, 80.5, '+', '5NGPMMSJ4UMU', 'Weekly commission', 'plan_commission', '2021-08-19 23:30:08', NULL),
(1545, 105, 1.75, 0, 80.5, '+', 'FF5U5CKXB7SH', 'Weekly commission', 'plan_commission', '2021-08-19 23:30:08', NULL),
(1546, 106, 3.5, 0, 161, '+', 'KU5TF3X2AHVQ', 'Weekly commission', 'plan_commission', '2021-08-19 23:30:10', NULL),
(1547, 107, 1.75, 0, 80.5, '+', 'XW46PNJ8A7TD', 'Weekly commission', 'plan_commission', '2021-08-19 23:30:11', NULL),
(1548, 117, 1.75, 0, 17.5, '+', 'NW8JSZWDJU7A', 'Weekly commission', 'plan_commission', '2021-08-19 23:30:13', NULL),
(1549, 118, 1.75, 0, 17.5, '+', 'S2FH4CJM5P71', 'Weekly commission', 'plan_commission', '2021-08-19 23:30:14', NULL),
(1550, 93, 45, 0, 4, '-', 'GNFMD9FGU747', 'Balance Transferred To Sandip', 'balance_transfer', '2021-08-20 01:02:26', '2021-08-20 01:02:26'),
(1551, 119, 45, 0, 45, '+', 'GNFMD9FGU747', 'Balance receive From Bidhanroy', 'balance_receive', '2021-08-20 01:02:29', '2021-08-20 01:02:29'),
(1552, 106, 5, 0, 159.5, '-', 'KFO76FHE9XMM', 'Balance Transferred To Sandip', 'balance_transfer', '2021-08-20 03:12:28', '2021-08-20 03:12:28'),
(1553, 119, 5, 0, 50, '+', 'KFO76FHE9XMM', 'Balance receive From Bhabatosh', 'balance_receive', '2021-08-20 03:12:32', '2021-08-20 03:12:32'),
(1554, 106, 59.5, 0, 100, '-', '1C4VF7RJVE4X', 'Subtract Balance Via Admin', NULL, '2021-08-20 10:11:14', '2021-08-20 10:11:14'),
(1555, 118, 19.25, 0, 0, '-', 'AJ64B1QK7RD6', 'Subtract Balance Via Admin', NULL, '2021-08-20 10:13:10', '2021-08-20 10:13:10'),
(1556, 117, 19.25, 0, 0, '-', 'A76G9BSRA3CP', 'Subtract Balance Via Admin', NULL, '2021-08-20 10:13:50', '2021-08-20 10:13:50'),
(1557, 100, 1.75, 0, 1.75, '+', '4ZFOEY89FVGC', 'Added Balance Via Admin', NULL, '2021-08-20 10:15:40', '2021-08-20 10:15:40'),
(1558, 119, 50, 0, 0, '-', 'N14SXJKANFU6', 'Purchased Starter Packege', 'purchased_plan', '2021-08-20 10:47:44', '2021-08-20 10:47:44'),
(1559, 93, 4, 0, 8, '+', 'C9C5RJUHDV5Y', 'Binary Commission', 'binary_commission', '2021-08-20 10:47:45', '2021-08-20 10:47:45'),
(1560, 93, 4, 0, 12, '+', 'FS5YQS5TU221', 'Binary Commission', 'binary_commission', '2021-08-20 10:47:45', '2021-08-20 10:47:45'),
(1561, 90, 4, 0, 57.25, '+', 'A8VEG2NDSRUH', 'Binary Commission', 'binary_commission', '2021-08-20 10:47:45', '2021-08-20 10:47:45'),
(1562, 82, 4, 0, 32.5, '+', 'NRWTAC35RWJ4', 'Binary Commission', 'binary_commission', '2021-08-20 10:47:45', '2021-08-20 10:47:45'),
(1563, 75, 4, 0, 40, '+', 'VJ3MYCA4DTT1', 'Binary Commission', 'binary_commission', '2021-08-20 10:47:45', '2021-08-20 10:47:45'),
(1564, 75, 4, 0, 44, '+', 'R67Q7W2R58JS', 'Binary Commission', 'binary_commission', '2021-08-20 10:47:45', '2021-08-20 10:47:45'),
(1565, 93, 6, 0, 18, '+', 'NBKQ3EMC2UPZ', 'Sandip Subscribed to Starter Packege plan.', 'referral_commission', '2021-08-20 10:47:45', '2021-08-20 10:47:45'),
(1566, 23, 3, 0, 74172.6, '+', 'ER84UQQRWKEG', 'Daily commission', 'plan_commission', '2021-08-20 12:00:14', NULL),
(1567, 24, 0.25, 0, 6878.01, '+', '7QP19OEH96RO', 'Daily commission', 'plan_commission', '2021-08-20 12:00:14', NULL),
(1568, 82, 0.25, 0, 32.5, '+', 'YMJR5TQT3PWM', 'Daily commission', 'plan_commission', '2021-08-20 12:00:14', NULL),
(1569, 104, 80, 0, 7.185, '-', 'J4623DDVBN5J', '24.8 USD Withdraw Via Safe World 1', NULL, '2021-08-21 00:07:36', '2021-08-21 00:07:36'),
(1570, 104, 80, 0, 87.185, '+', 'J4623DDVBN5J', '80 SafeW Refunded from Withdrawal Rejection', NULL, '2021-08-21 00:12:06', '2021-08-21 00:12:06'),
(1571, 104, 87.185, 0, 0, '-', 'BWCJZN6ZRVEO', 'Subtract Balance Via Admin', NULL, '2021-08-21 00:12:56', '2021-08-21 00:12:56'),
(1572, 104, 1.8, 0, 1.8, '+', 'X5THHC68ENFG', 'Added Balance Via Admin', NULL, '2021-08-21 00:13:18', '2021-08-21 00:13:18'),
(1573, 106, 100, 0, 0, '-', '1BKM3MH9TNK4', 'Subtract Balance Via Admin', NULL, '2021-08-21 01:42:51', '2021-08-21 01:42:51'),
(1574, 106, 3.5, 0, 3.5, '+', 'ZDQ5FBD1MJHH', 'Added Balance Via Admin', NULL, '2021-08-21 01:43:01', '2021-08-21 01:43:01'),
(1575, 105, 82.25, 0, 0, '-', 'R3V3C9C6XK9S', 'Subtract Balance Via Admin', NULL, '2021-08-21 01:44:13', '2021-08-21 01:44:13'),
(1576, 105, 1.75, 0, 1.75, '+', '3Q5QOG3AQ2ZK', 'Added Balance Via Admin', NULL, '2021-08-21 01:44:23', '2021-08-21 01:44:23'),
(1577, 83, 40, 0, 96.5, '+', 'XBZVU2C2MBMD', 'Added Balance Via Admin', NULL, '2021-08-21 01:52:59', '2021-08-21 01:52:59'),
(1578, 83, 80, 0, 16.5, '-', '7R2HPFQPSMUR', 'Subtract Balance Via Admin', NULL, '2021-08-21 01:53:12', '2021-08-21 01:53:12'),
(1579, 30, 50, 0, 3049.25, '-', 'GZ6URBJ96OCN', 'Balance Transferred To Ashik18', 'balance_transfer', '2021-08-21 08:04:59', '2021-08-21 08:04:59'),
(1580, 109, 50, 0, 50, '+', 'GZ6URBJ96OCN', 'Balance receive From active', 'balance_receive', '2021-08-21 08:04:59', '2021-08-21 08:04:59'),
(1581, 109, 50, 0, 0, '-', 'YPXSWJ48BSS3', 'Purchased Starter Packege', 'purchased_plan', '2021-08-21 08:06:10', '2021-08-21 08:06:10'),
(1582, 100, 6, 0, 7.75, '+', 'RNA43MTAQEQD', 'Ashik18 Subscribed to Starter Packege plan.', 'referral_commission', '2021-08-21 08:06:10', '2021-08-21 08:06:10'),
(1583, 30, 50, 0, 2999.25, '-', 'KRPPGJE1G6O3', 'Balance Transferred To Ajijur', 'balance_transfer', '2021-08-21 08:08:13', '2021-08-21 08:08:13'),
(1584, 121, 50, 0, 50, '+', 'KRPPGJE1G6O3', 'Balance receive From active', 'balance_receive', '2021-08-21 08:08:14', '2021-08-21 08:08:14'),
(1585, 121, 50, 0, 0, '-', 'NTJK9YM1S2J9', 'Purchased Starter Packege', 'purchased_plan', '2021-08-21 08:13:33', '2021-08-21 08:13:33'),
(1586, 23, 3, 0, 74175.6, '+', '6Y4KVA6MTKWS', 'Daily commission', 'plan_commission', '2021-08-21 12:00:49', NULL),
(1587, 24, 2.1, 0, 6878.26, '+', '6Y4KVA6MTKWS', 'Weekly commission', 'plan_commission', '2021-08-21 12:00:49', NULL),
(1588, 24, 0.25, 0, 6878.26, '+', 'U63VYHDGVSTW', 'Daily commission', 'plan_commission', '2021-08-21 12:00:50', NULL),
(1589, 24, 1.75, 0, 6878.26, '+', 'U63VYHDGVSTW', 'Weekly commission', 'plan_commission', '2021-08-21 12:00:50', NULL),
(1590, 24, 10.5, 0, 6878.26, '+', '6Z6HK3EUGU59', 'Weekly commission', 'plan_commission', '2021-08-21 12:00:50', NULL),
(1591, 82, 0.25, 0, 32.75, '+', '6Z6HK3EUGU59', 'Daily commission', 'plan_commission', '2021-08-21 12:00:51', NULL),
(1592, 94, 0, 0, 10, '+', 'TEDM5OF94QBO', 'Weekly commission', 'plan_commission', '2021-08-21 12:00:52', NULL),
(1593, 104, 1.855, 0, 1.8, '+', '5GDWD6SUND3Y', 'Weekly commission', 'plan_commission', '2021-08-21 12:00:53', NULL),
(1594, 105, 0, 0, 1.75, '+', 'SFETU6S3Z37W', 'Weekly commission', 'plan_commission', '2021-08-21 12:00:53', NULL),
(1595, 105, 1.75, 0, 1.75, '+', '1BK3M3UBNWMK', 'Weekly commission', 'plan_commission', '2021-08-21 12:00:54', NULL),
(1596, 105, 1.75, 0, 1.75, '+', 'TRWQ6RFNUYTZ', 'Weekly commission', 'plan_commission', '2021-08-21 12:00:55', NULL),
(1597, 105, 1.75, 0, 1.75, '+', 'DENFCNFO5HTQ', 'Weekly commission', 'plan_commission', '2021-08-21 12:00:55', NULL),
(1598, 105, 1.75, 0, 1.75, '+', '81YCSG56GSPQ', 'Weekly commission', 'plan_commission', '2021-08-21 12:00:55', NULL),
(1599, 105, 1.75, 0, 1.75, '+', 'QVBQODZNUD95', 'Weekly commission', 'plan_commission', '2021-08-21 12:00:55', NULL),
(1600, 105, 1.75, 0, 1.75, '+', '8M2ABPRUPJBK', 'Weekly commission', 'plan_commission', '2021-08-21 12:00:55', NULL),
(1601, 106, 3.5, 0, 3.5, '+', 'UXJAHOCS21NX', 'Weekly commission', 'plan_commission', '2021-08-21 12:00:56', NULL),
(1602, 107, 1.75, 0, 82.25, '+', 'W2TB4NREWJKV', 'Weekly commission', 'plan_commission', '2021-08-21 12:00:56', NULL),
(1603, 109, 1.75, 0, 0, '+', '1R1QD4S7X3R8', 'Weekly commission', 'plan_commission', '2021-08-21 12:00:56', NULL),
(1604, 117, 1.75, 0, 0, '+', '4ZNBNVH2WG2Y', 'Weekly commission', 'plan_commission', '2021-08-21 12:00:57', NULL),
(1605, 118, 1.75, 0, 0, '+', '9O2BCEP1JB1F', 'Weekly commission', 'plan_commission', '2021-08-21 12:00:57', NULL),
(1606, 121, 1.75, 0, 0, '+', 'XJFG8BHRV132', 'Weekly commission', 'plan_commission', '2021-08-21 12:00:58', NULL),
(1607, 32, 160, 0, 263.68, '-', 'PADT62S5ZUV2', 'Balance Transferred To rooydeeb', 'balance_transfer', '2021-08-21 22:20:55', '2021-08-21 22:20:55'),
(1608, 75, 160, 0, 204, '+', 'PADT62S5ZUV2', 'Balance receive From cute46', 'balance_receive', '2021-08-21 22:20:57', '2021-08-21 22:20:57'),
(1609, 30, 50, 0, 2949.25, '-', 'UPSHP5DVP5Q3', 'Balance Transferred To Anowar10bd', 'balance_transfer', '2021-08-22 02:36:02', '2021-08-22 02:36:02'),
(1610, 89, 50, 0, 50, '+', 'UPSHP5DVP5Q3', 'Balance receive From active', 'balance_receive', '2021-08-22 02:36:03', '2021-08-22 02:36:03'),
(1611, 89, 50, 0, 0, '-', '3VH4OKRVFQRS', 'Purchased Starter Packege', 'purchased_plan', '2021-08-22 02:37:00', '2021-08-22 02:37:00'),
(1612, 75, 4, 0, 208, '+', '37H1WE7O18EY', 'Binary Commission', 'binary_commission', '2021-08-22 02:37:01', '2021-08-22 02:37:01'),
(1613, 77, 6, 0, 70.83, '+', 'THRXPK64D8TN', 'Anowar10bd Subscribed to Starter Packege plan.', 'referral_commission', '2021-08-22 02:37:01', '2021-08-22 02:37:01'),
(1614, 30, 50, 0, 2899.25, '-', 'J6RR9GMJMUM7', 'Balance Transferred To Zabir1', 'balance_transfer', '2021-08-22 02:49:26', '2021-08-22 02:49:26'),
(1615, 122, 50, 0, 50, '+', 'J6RR9GMJMUM7', 'Balance receive From active', 'balance_receive', '2021-08-22 02:49:26', '2021-08-22 02:49:26'),
(1616, 122, 50, 0, 0, '-', 'O98P6UO2FK2K', 'Purchased Starter Packege', 'purchased_plan', '2021-08-22 02:53:00', '2021-08-22 02:53:00'),
(1617, 75, 4, 0, 212, '+', 'CEQHQ4YSJ3GX', 'Binary Commission', 'binary_commission', '2021-08-22 02:53:05', '2021-08-22 02:53:05'),
(1618, 89, 6, 0, 6, '+', 'Z4YZ7E3AP7D7', 'Zabir1 Subscribed to Starter Packege plan.', 'referral_commission', '2021-08-22 02:53:05', '2021-08-22 02:53:05'),
(1619, 75, 50, 0, 162, '-', 'RCMNV47U7UT6', 'Balance Transferred To Nahian', 'balance_transfer', '2021-08-22 02:59:16', '2021-08-22 02:59:16'),
(1620, 123, 50, 0, 50, '+', 'RCMNV47U7UT6', 'Balance receive From rooydeeb', 'balance_receive', '2021-08-22 02:59:18', '2021-08-22 02:59:18'),
(1621, 123, 50, 0, 0, '-', 'HOF3JJW5JHM5', 'Purchased Starter Packege', 'purchased_plan', '2021-08-22 02:59:45', '2021-08-22 02:59:45'),
(1622, 90, 4, 0, 61.25, '+', 'PH61X5X8DTMF', 'Binary Commission', 'binary_commission', '2021-08-22 02:59:47', '2021-08-22 02:59:47'),
(1623, 82, 4, 0, 37, '+', 'C8AHWAAVERUO', 'Binary Commission', 'binary_commission', '2021-08-22 02:59:47', '2021-08-22 02:59:47'),
(1624, 75, 4, 0, 166, '+', '74WURGHROPNA', 'Binary Commission', 'binary_commission', '2021-08-22 02:59:47', '2021-08-22 02:59:47'),
(1625, 75, 4, 0, 170, '+', 'C7412U6MPMFR', 'Binary Commission', 'binary_commission', '2021-08-22 02:59:47', '2021-08-22 02:59:47'),
(1626, 90, 6, 0, 67.25, '+', 'O2ZDZH1XVTYX', 'Nahian Subscribed to Starter Packege plan.', 'referral_commission', '2021-08-22 02:59:47', '2021-08-22 02:59:47'),
(1627, 75, 50, 0, 120, '-', 'GJUR27FBVVDV', 'Balance Transferred To Nahian1', 'balance_transfer', '2021-08-22 03:08:52', '2021-08-22 03:08:52'),
(1628, 124, 50, 0, 50, '+', 'GJUR27FBVVDV', 'Balance receive From rooydeeb', 'balance_receive', '2021-08-22 03:08:54', '2021-08-22 03:08:54'),
(1629, 124, 50, 0, 0, '-', 'JV94YTZP3T2D', 'Purchased Starter Packege', 'purchased_plan', '2021-08-22 03:09:32', '2021-08-22 03:09:32'),
(1630, 118, 4, 0, 5.75, '+', 'RY1QZT1BHT1V', 'Binary Commission', 'binary_commission', '2021-08-22 03:09:35', '2021-08-22 03:09:35'),
(1631, 117, 4, 0, 5.75, '+', '81BBY2AKFPBW', 'Binary Commission', 'binary_commission', '2021-08-22 03:09:35', '2021-08-22 03:09:35'),
(1632, 75, 4, 0, 124, '+', '8FQPKCSK1EBT', 'Binary Commission', 'binary_commission', '2021-08-22 03:09:35', '2021-08-22 03:09:35'),
(1633, 71, 4, 0, 114, '+', '1RUHD76EFBFQ', 'Binary Commission', 'binary_commission', '2021-08-22 03:09:35', '2021-08-22 03:09:35'),
(1634, 32, 4, 0, 267.68, '+', 'U5VV67HWOTXK', 'Binary Commission', 'binary_commission', '2021-08-22 03:09:35', '2021-08-22 03:09:35'),
(1635, 1, 4, 0, 2063.64, '+', '1AJE42HAFEXV', 'Binary Commission', 'binary_commission', '2021-08-22 03:09:36', '2021-08-22 03:09:36'),
(1636, 123, 6, 0, 6, '+', 'BV1Y95S3JMRD', 'Nahian1 Subscribed to Starter Packege plan.', 'referral_commission', '2021-08-22 03:09:36', '2021-08-22 03:09:36'),
(1637, 23, 3, 0, 74178.6, '+', 'JXDV5MTGZDNY', 'Daily commission', 'plan_commission', '2021-08-22 12:00:13', NULL),
(1638, 24, 0.25, 0, 6888.76, '+', 'VUEPX8NCVEM7', 'Daily commission', 'plan_commission', '2021-08-22 12:00:13', NULL),
(1639, 82, 0.25, 0, 37, '+', '6KSSNJ619C84', 'Daily commission', 'plan_commission', '2021-08-22 12:00:13', NULL);

-- --------------------------------------------------------

--
-- Table structure for table `users`
--

CREATE TABLE `users` (
  `id` bigint(20) UNSIGNED NOT NULL,
  `ref_id` int(11) NOT NULL DEFAULT 0,
  `pos_id` int(11) NOT NULL DEFAULT 0,
  `position` int(11) NOT NULL DEFAULT 0,
  `plan_id` int(11) NOT NULL DEFAULT 0,
  `com_type` varchar(277) COLLATE utf8mb4_unicode_ci DEFAULT NULL,
  `firstname` varchar(50) COLLATE utf8mb4_unicode_ci DEFAULT NULL,
  `lastname` varchar(50) COLLATE utf8mb4_unicode_ci DEFAULT NULL,
  `username` varchar(50) COLLATE utf8mb4_unicode_ci NOT NULL,
  `email` varchar(90) COLLATE utf8mb4_unicode_ci NOT NULL,
  `mobile` varchar(50) COLLATE utf8mb4_unicode_ci DEFAULT NULL,
  `balance` decimal(18,8) NOT NULL DEFAULT 0.00000000,
  `total_ref_com` decimal(18,8) NOT NULL DEFAULT 0.00000000,
  `total_binary_com` decimal(18,8) NOT NULL DEFAULT 0.00000000,
  `total_invest` decimal(18,8) NOT NULL DEFAULT 0.00000000,
  `password` varchar(255) COLLATE utf8mb4_unicode_ci NOT NULL,
  `image` varchar(91) COLLATE utf8mb4_unicode_ci DEFAULT NULL,
  `address` text COLLATE utf8mb4_unicode_ci DEFAULT NULL COMMENT 'contains full address',
  `status` tinyint(1) NOT NULL DEFAULT 1 COMMENT '0: banned, 1: active',
  `ev` tinyint(1) NOT NULL DEFAULT 0 COMMENT '0: email unverified, 1: email verified',
  `sv` tinyint(1) NOT NULL DEFAULT 0 COMMENT '0: sms unverified, 1: sms verified',
  `ver_code` varchar(91) COLLATE utf8mb4_unicode_ci DEFAULT NULL COMMENT 'stores verification code',
  `ver_code_send_at` datetime DEFAULT NULL COMMENT 'verification send time',
  `ts` tinyint(1) NOT NULL DEFAULT 0 COMMENT '0: 2fa off, 1: 2fa on',
  `tv` tinyint(1) NOT NULL DEFAULT 1 COMMENT '0: 2fa unverified, 1: 2fa verified',
  `tsc` varchar(255) COLLATE utf8mb4_unicode_ci DEFAULT NULL,
  `provider` varchar(255) COLLATE utf8mb4_unicode_ci DEFAULT NULL,
  `provider_id` varchar(255) COLLATE utf8mb4_unicode_ci DEFAULT NULL,
  `remember_token` varchar(100) COLLATE utf8mb4_unicode_ci DEFAULT NULL,
  `created_at` timestamp NULL DEFAULT NULL,
  `updated_at` timestamp NULL DEFAULT NULL,
  `ref_com_this_month` double(8,2) DEFAULT NULL,
  `total_commission` double(8,2) DEFAULT NULL,
  `ranks` varchar(255) COLLATE utf8mb4_unicode_ci DEFAULT NULL,
  `total_sell_left` double(8,2) DEFAULT NULL,
  `total_sell_right` double(8,2) DEFAULT NULL
) ENGINE=InnoDB DEFAULT CHARSET=utf8mb4 COLLATE=utf8mb4_unicode_ci;

--
-- Dumping data for table `users`
--

INSERT INTO `users` (`id`, `ref_id`, `pos_id`, `position`, `plan_id`, `com_type`, `firstname`, `lastname`, `username`, `email`, `mobile`, `balance`, `total_ref_com`, `total_binary_com`, `total_invest`, `password`, `image`, `address`, `status`, `ev`, `sv`, `ver_code`, `ver_code_send_at`, `ts`, `tv`, `tsc`, `provider`, `provider_id`, `remember_token`, `created_at`, `updated_at`, `ref_com_this_month`, `total_commission`, `ranks`, `total_sell_left`, `total_sell_right`) VALUES
(1, 0, 0, 0, 1, NULL, 'mlm', 'lab', 'admin', 'raytahost@gmail.com', '5454545454', 2063.64000000, 30.00000000, 1832.89000000, 0.00000000, '$2y$10$N.izGkWlAGoCu2j0RngEYOqd74p3F', NULL, '{\"address\":\"Address a\",\"city\":\"City\",\"state\":\"State\",\"zip\":\"1208\",\"country\":\"Bahrain\"}', 1, 1, 1, NULL, NULL, 0, 1, NULL, NULL, NULL, NULL, NULL, '2021-08-22 03:09:36', 0.00, NULL, NULL, 33333.40, NULL),
(23, 1, 1, 1, 2, 'daily', 'Jon', 'Larry', 'cute0966', 'mamunhasan.team@gmail.com', '8801571373365', 74181.64000000, 1207.20000000, 816.79000000, 3665.00000000, '$2y$10$tqI4QFlg23FfWmg68BowLO59XwZvqYZpErHqtoMAOi3hbnulNYly.', '1625479123_cute0966.jpg', '{\"address\":\"Ranirbandar,chirirbandar,Dinajpur\",\"state\":\"Dinajpur\",\"zip\":\"5240\",\"country\":\"Bangladesh\",\"city\":\"Dinajpur\"}', 1, 1, 1, NULL, NULL, 0, 1, 'LOGNPEC5CTC2HCIW', NULL, NULL, NULL, '2021-07-03 13:13:13', '2021-08-14 06:10:46', 0.00, 73007.40, NULL, 6810.00, NULL),
(24, 23, 23, 1, 1, 'daily', 'Mamun', 'Hasan', 'cute09', 'mamunhasan.team1@gmail.com', '8801787982846', 6889.01000000, 540.00000000, 72.00000000, 8250.00000000, '$2y$10$BJuolQQ3M9avsCJrfd53NuAyIKndvNhxIcVmeCMIUTIpeEGJfIsK.', '1627747543_cute09.jpg', '{\"address\":\"Dinajpur\",\"state\":\"Dinajpur\",\"zip\":\"5200\",\"country\":\"Bangladesh\",\"city\":\"Dinajpur\"}', 1, 1, 1, NULL, NULL, 0, 1, NULL, NULL, NULL, NULL, '2021-07-03 13:18:48', '2021-08-19 23:17:20', 0.00, 802.34, 'team_leader_1', 900.00, NULL),
(25, 23, 23, 2, 1, 'weekly', 'Mamun', 'Hasan', 'Cute096', 'mamunhasan.team2@gmail.com', '88001953110966', 184.50000000, 0.00000000, 0.00000000, 50.00000000, '$2y$10$l0UeAJT2pJsAA.Hi./T.g.ugSabVLti61cGH6cPcYrcmI./vkWw8K', '1625340269_Cute096.jpg', '{\"address\":\"Dinajpur\",\"state\":\"Dinajpur\",\"zip\":\"5200\",\"country\":\"Bangladesh\",\"city\":\"Dinajpur\"}', 1, 1, 1, NULL, NULL, 0, 1, NULL, NULL, NULL, NULL, '2021-07-03 13:23:22', '2021-08-01 05:03:49', 0.00, 8.75, NULL, NULL, NULL),
(26, 1, 1, 2, 0, NULL, 'M', 'A', 'A12345', 'admin@safeworld1.com', '40568867', 0.00000000, 0.00000000, 0.00000000, 0.00000000, '$2y$10$vTjOEvVZr4aTLIYOx84ep.4l3CWcYkPMyUyObnzYvSoAk27v9FgS.', NULL, '{\"address\":\"\",\"state\":\"\",\"zip\":\"\",\"country\":\"Romania\",\"city\":\"\"}', 1, 1, 1, '143339', '2021-07-07 17:00:18', 0, 1, NULL, NULL, NULL, NULL, '2021-07-07 10:49:44', '2021-08-07 05:13:43', 0.00, NULL, NULL, NULL, NULL),
(27, 1, 26, 2, 0, NULL, 'M', 'A', 'Ab1234', 'mamunhasan.team4@gmail.com', '156577', 0.00000000, 0.00000000, 0.00000000, 0.00000000, '$2y$10$N3YnrU63qy2QHKIbm1XiYe6xeNFXwI4QHwZeNW5peo2/NIF0zKS8K', NULL, '{\"address\":\"\",\"state\":\"\",\"zip\":\"\",\"country\":\"United States\",\"city\":\"\"}', 1, 1, 1, '853776', '2021-07-07 17:07:42', 0, 1, NULL, NULL, NULL, NULL, '2021-07-07 11:02:53', '2021-08-07 05:14:00', 0.00, NULL, NULL, NULL, NULL),
(28, 1, 27, 2, 0, NULL, 'M', 'A', '123456', 'mamunhasan.team5@gmail.com', '17262672718', 0.00000000, 0.00000000, 0.00000000, 0.00000000, '$2y$10$WotdDNJQ/rvvYqMqivel4.MKYFaF0fMQZ.dOzWIpCElOGeoBwiLuW', NULL, '{\"address\":\"\",\"state\":\"\",\"zip\":\"\",\"country\":\"United States\",\"city\":\"\"}', 1, 1, 1, '203158', '2021-07-07 17:11:52', 0, 1, NULL, NULL, NULL, NULL, '2021-07-07 11:11:49', '2021-08-07 05:13:11', 0.00, NULL, NULL, NULL, NULL),
(29, 1, 28, 2, 0, NULL, 'M', 'A', 'A112233', 'mamun98362@gmail.com', '16576766789', 0.00000000, 0.00000000, 0.00000000, 0.00000000, '$2y$10$Hc4uKGt9./K2tPTsMi1VGOQmVrmNxMLpMrMnY1CXTDHjA2D69tNru', '1625678413_A112233.jpg', '{\"address\":\"A\",\"state\":\"S\",\"zip\":\"76667\",\"country\":\"United States\",\"city\":\"D\"}', 1, 1, 1, NULL, NULL, 0, 1, NULL, NULL, NULL, NULL, '2021-07-07 11:18:45', '2021-07-17 02:11:52', 0.00, NULL, NULL, NULL, NULL),
(30, 29, 29, 1, 1, 'daily', 'Tapan', 'kumar', 'active', 't.safeworld@gmail.com', '8801706782901', 2899.25000000, 51.00000000, 288.00000000, 2150.00000000, '$2y$10$ofu0s4YdHbu9boaBFnT4z.wrbn2l4ojndvwM88zFGxjDy1lo54646', '1628329617_active.jpg', '{\"address\":\"Dinajpur\",\"state\":\"Rangpur\",\"zip\":\"5200\",\"country\":\"Bangladesh\",\"city\":\"Dinajpur\"}', 1, 1, 1, NULL, NULL, 0, 1, NULL, NULL, NULL, NULL, '2021-07-08 04:14:45', '2021-08-22 02:49:25', 0.00, 10.25, NULL, 50.00, NULL),
(31, 30, 30, 2, 0, NULL, 'Tapan', 'Mahanta', 'Active3', 'tapankm4141@gmail.com', '8801893294141', 0.00000000, 0.00000000, 0.00000000, 0.00000000, '$2y$10$zn0EjKh6PqgGlZc7xWxpguW/RJ/IdbV7cqJ5Jy9yujS9OZTNl.UcW', NULL, '{\"address\":\"\",\"state\":\"\",\"zip\":\"\",\"country\":\"Bangladesh\",\"city\":\"\"}', 1, 1, 1, NULL, NULL, 0, 1, NULL, NULL, NULL, NULL, '2021-07-08 04:34:21', '2021-07-08 04:34:21', 0.00, NULL, NULL, NULL, NULL),
(32, 30, 31, 2, 2, 'daily', 'Mamun', 'Hasan', 'cute46', 'mamunhasan.team6@gmail.com', '8801953110966', 267.68000000, 157.86000000, 477.57000000, 350.00000000, '$2y$10$ED2U22Zqy0mFZqemKL1hNuGWw5oMXQm83M/QhYTSAbctuTWaOS15q', '1625741097_cute46.jpg', '{\"address\":\"Ranirbandar\",\"state\":\"Rangpur\",\"zip\":\"5240\",\"country\":\"Bangladesh\",\"city\":\"Dinajpur\"}', 1, 1, 1, NULL, NULL, 0, 1, NULL, NULL, NULL, NULL, '2021-07-08 04:43:12', '2021-08-22 03:09:35', 0.00, 43.50, NULL, 350.00, 2803.00),
(33, 32, 32, 2, 0, NULL, 'Mamun', 'Hasan', 'cute461', 'mamunhasan.team8@gmail.com', '88016162662', 0.00000000, 0.00000000, 0.00000000, 0.00000000, '$2y$10$G8JQu.Ob.kx1hLrDAaNXAO3v5t79aisnqu5gqRxh/EpX3zI4ax1UK', NULL, '{\"address\":\"\",\"state\":\"\",\"zip\":\"\",\"country\":\"Bangladesh\",\"city\":\"\"}', 1, 1, 1, NULL, NULL, 0, 1, NULL, NULL, NULL, NULL, '2021-07-08 04:53:17', '2021-08-07 05:18:08', 0.00, NULL, NULL, NULL, NULL),
(34, 1, 24, 1, 0, NULL, 'Earl', 'Tin', '111111', 'sadik0786@gmail.com', '14647663660', 0.00000000, 0.00000000, 0.00000000, 0.00000000, '$2y$10$tVuajvZfpHoF03RZTZo4Xu46.OZgbsdit0J64XVuC.Er.ZvfIA6HS', NULL, '{\"address\":\"\",\"state\":\"\",\"zip\":\"\",\"country\":\"United States\",\"city\":\"\"}', 1, 1, 1, NULL, NULL, 0, 1, NULL, NULL, NULL, NULL, '2021-07-09 11:49:19', '2021-07-09 11:49:19', 0.00, NULL, NULL, NULL, NULL),
(35, 1, 34, 1, 0, NULL, 'Lerric', 'Son', '222222', 'abkk574@gmail.com', '1666468999', 0.00000000, 0.00000000, 0.00000000, 0.00000000, '$2y$10$XYsUJtIEcbXNyw3yiHqGUeW.70ry/yvmfj6xwLSFCBv5RCU.MDiEy', NULL, '{\"address\":\"\",\"state\":\"\",\"zip\":\"\",\"country\":\"United States\",\"city\":\"\"}', 1, 1, 1, NULL, NULL, 0, 1, NULL, NULL, NULL, NULL, '2021-07-09 11:51:48', '2021-07-09 11:51:48', 0.00, NULL, NULL, NULL, NULL),
(36, 1, 35, 1, 0, NULL, 'Don', 'Jeck', '333333', 'asz29748807@gmail.com', '1366577878', 0.00000000, 0.00000000, 0.00000000, 0.00000000, '$2y$10$wKDqcs1m8tPgGOgWuSVjP.VtgGCuBRiXGLvjAKXdaFqfV14f4GzDW', NULL, '{\"address\":\"\",\"state\":\"\",\"zip\":\"\",\"country\":\"United States\",\"city\":\"\"}', 1, 1, 1, NULL, NULL, 0, 1, NULL, NULL, NULL, NULL, '2021-07-09 11:56:04', '2021-07-09 11:56:04', 0.00, NULL, NULL, NULL, NULL),
(37, 1, 36, 1, 0, NULL, 'Roh', 'Walth', '444444', 'start0978778@gmail.com', '1355788888', 0.00000000, 0.00000000, 0.00000000, 0.00000000, '$2y$10$cU45M.TOeBtpFYvfU5Vlq.3mwoASp5USJIO6V.XuBvTuEaLKuualG', NULL, '{\"address\":\"\",\"state\":\"\",\"zip\":\"\",\"country\":\"United States\",\"city\":\"\"}', 1, 1, 1, NULL, NULL, 0, 1, NULL, NULL, NULL, NULL, '2021-07-09 11:57:52', '2021-07-09 11:57:52', 0.00, NULL, NULL, NULL, NULL),
(38, 23, 37, 1, 0, NULL, 'Tark', 'Les', 'cute468', 'ra922889i@gmail.com', '3366556227', 0.00000000, 0.00000000, 0.00000000, 0.00000000, '$2y$10$F.PXRHcEq1TaQrU.KB90ueitxaFI.gZo.t2I65miKVh2fyqCi37TS', NULL, '{\"address\":\"\",\"state\":\"\",\"zip\":\"\",\"country\":\"France\",\"city\":\"\"}', 1, 1, 1, NULL, NULL, 0, 1, NULL, NULL, NULL, NULL, '2021-07-10 00:42:41', '2021-07-10 00:42:41', 0.00, NULL, NULL, NULL, NULL),
(39, 23, 38, 1, 0, NULL, 'David', 'Worner', '153astar', 'david1234star@gmail.com', '3362662777', 0.00000000, 0.00000000, 0.00000000, 0.00000000, '$2y$10$pE5uLc00ruhUKgBcFTPGNOJBq5FR6L3AGn.9LYWVtPoFviWLp.vGu', NULL, '{\"address\":\"\",\"state\":\"\",\"zip\":\"\",\"country\":\"France\",\"city\":\"\"}', 1, 1, 1, NULL, NULL, 0, 1, NULL, NULL, NULL, NULL, '2021-07-10 00:47:20', '2021-07-10 00:47:20', 0.00, NULL, NULL, NULL, NULL),
(40, 23, 39, 1, 0, NULL, 'Lerick', 'Jeckson', '1500079', 'david123604star@gmail.com', '15756730067', 0.00000000, 0.00000000, 0.00000000, 0.00000000, '$2y$10$rwR91LH6XwsCM6krkjaEeu1RS6M5i5I9xwJ.AWIo9IGgM3AOgGZri', NULL, '{\"address\":\"\",\"state\":\"\",\"zip\":\"\",\"country\":\"United States\",\"city\":\"\"}', 1, 1, 1, NULL, NULL, 0, 1, NULL, NULL, NULL, NULL, '2021-07-10 08:33:43', '2021-07-10 08:33:43', 0.00, NULL, NULL, NULL, NULL),
(41, 23, 40, 1, 0, NULL, 'Kalton', 'Lent', 'Star0000', 'david123604i0r@gmail.com', '13758211100', 0.00000000, 0.00000000, 0.00000000, 0.00000000, '$2y$10$3.Dec6Vyzc6ezWCqUCZyu.0lJkLo0vH.Wfk8WrtEToytyI1WW/EZm', NULL, '{\"address\":\"\",\"state\":\"\",\"zip\":\"\",\"country\":\"United States\",\"city\":\"\"}', 1, 1, 1, NULL, NULL, 0, 1, NULL, NULL, NULL, NULL, '2021-07-10 08:38:13', '2021-07-10 08:38:13', 0.00, NULL, NULL, NULL, NULL),
(42, 25, 25, 1, 0, NULL, 'Lark', 'Les', 'Monster09789', 'ra9228o89i@gmail.com', '1777662992', 0.00000000, 0.00000000, 0.00000000, 0.00000000, '$2y$10$iXwfWZgFLmoVQ5.omKzvpuWGsIo4vQdvM5DtStgXS7nCBR9prknD6', NULL, '{\"address\":\"\",\"state\":\"\",\"zip\":\"\",\"country\":\"United States\",\"city\":\"\"}', 1, 1, 1, NULL, NULL, 0, 1, NULL, NULL, NULL, NULL, '2021-07-10 08:40:48', '2021-07-10 08:40:48', 0.00, NULL, NULL, NULL, NULL),
(43, 25, 42, 1, 0, NULL, 'Erin', 'Warth', '1530ar', 'erin76786@gmail.com', '13758798589', 0.00000000, 0.00000000, 0.00000000, 0.00000000, '$2y$10$JXiAKA0by6EnVCFyKAbHNObZAh7fCAKAsc32ub.E/aRrwYwC2im4i', NULL, '{\"address\":\"\",\"state\":\"\",\"zip\":\"\",\"country\":\"United States\",\"city\":\"\"}', 1, 1, 1, NULL, NULL, 0, 1, NULL, NULL, NULL, NULL, '2021-07-10 08:42:59', '2021-07-10 08:42:59', 0.00, NULL, NULL, NULL, NULL),
(44, 25, 43, 1, 0, NULL, 'Raster', 'Warn', '162772L', 'rastern123604i0r@gmail.com', '14866777697', 0.00000000, 0.00000000, 0.00000000, 0.00000000, '$2y$10$lF8WkuN/E.tECopFM6KQd.G3CY/d3BOEUBZQLQt4hzcCB262RnrJu', NULL, '{\"address\":\"\",\"state\":\"\",\"zip\":\"\",\"country\":\"United States\",\"city\":\"\"}', 1, 1, 1, NULL, NULL, 0, 1, NULL, NULL, NULL, NULL, '2021-07-10 08:45:19', '2021-07-10 08:45:19', 0.00, NULL, NULL, NULL, NULL),
(45, 25, 44, 1, 0, NULL, 'Tani', 'Lara', '277euhs', 'tanilara23604i0r@gmail.com', '1475662738', 0.00000000, 0.00000000, 0.00000000, 0.00000000, '$2y$10$t66QsDGPxXOqHr8BZLj2A.O3ybPyvMMdRSW4ar2Bu/idMLvRz/zj6', NULL, '{\"address\":\"\",\"state\":\"\",\"zip\":\"\",\"country\":\"United States\",\"city\":\"\"}', 1, 1, 1, NULL, NULL, 0, 1, NULL, NULL, NULL, NULL, '2021-07-10 08:47:00', '2021-07-10 08:47:00', 0.00, NULL, NULL, NULL, NULL),
(46, 25, 45, 1, 0, NULL, 'Earnik', 'Mandal', '1572626V', 'rauu92289i@gmail.com', '1626367373', 0.00000000, 0.00000000, 0.00000000, 0.00000000, '$2y$10$hhdOj7tV9uvq8DoFjFin3O1tIK5kXwT9QBmkj7JdnBpVGdljlCuh2', NULL, '{\"address\":\"\",\"state\":\"\",\"zip\":\"\",\"country\":\"United States\",\"city\":\"\"}', 1, 1, 1, NULL, NULL, 0, 1, NULL, NULL, NULL, NULL, '2021-07-10 08:57:56', '2021-07-10 08:57:56', 0.00, NULL, NULL, NULL, NULL),
(47, 23, 41, 1, 0, NULL, 'Ranks', 'Long', '75867w', 'rastera922889i@gmail.com', '15576679000', 0.00000000, 0.00000000, 0.00000000, 0.00000000, '$2y$10$ev35Bf/dk7.zZsP21Xptb.Ivd0lWELAls4MiyzKkdNnkPlp/srGne', NULL, '{\"address\":\"\",\"state\":\"\",\"zip\":\"\",\"country\":\"United States\",\"city\":\"\"}', 1, 1, 1, NULL, NULL, 0, 1, NULL, NULL, NULL, NULL, '2021-07-10 09:03:03', '2021-07-10 09:03:03', 0.00, NULL, NULL, NULL, NULL),
(48, 25, 46, 1, 0, NULL, 'Zandra', 'Mandal', 'Yorkstar', 'davd10434sar@gmail.com', '1726272772', 0.00000000, 0.00000000, 0.00000000, 0.00000000, '$2y$10$6U20Xgoogt1klMX7fWSUN.j8eE9p3gCgDjcr7W.fSzRIOmtoN/.KS', NULL, '{\"address\":\"\",\"state\":\"\",\"zip\":\"\",\"country\":\"United States\",\"city\":\"\"}', 1, 1, 1, NULL, NULL, 0, 1, NULL, NULL, NULL, NULL, '2021-07-10 09:05:35', '2021-07-10 09:05:35', 0.00, NULL, NULL, NULL, NULL),
(49, 25, 48, 1, 0, NULL, 'Uarn', 'Les', 'Sastar74666', '36876mmm@gmail.com', '16456644555', 0.00000000, 0.00000000, 0.00000000, 0.00000000, '$2y$10$hVBJDBTe6FwjtfdgZ4Rgyec1V1hK/1n6OwOAYHHS5b6aZ8jWYZ9xK', NULL, '{\"address\":\"\",\"state\":\"\",\"zip\":\"\",\"country\":\"United States\",\"city\":\"\"}', 1, 1, 1, NULL, NULL, 0, 1, NULL, NULL, NULL, NULL, '2021-07-10 09:28:05', '2021-07-10 09:28:05', 0.00, NULL, NULL, NULL, NULL),
(50, 25, 49, 1, 0, NULL, 'Lary', 'Les', '67yhhh', 'tanal8o89i@gmail.com', '1556556998', 0.00000000, 0.00000000, 0.00000000, 0.00000000, '$2y$10$lSDY55qgPBH620xAheoH0OHY0hJE4fK838yYnYI4LQTGtU0007zxq', NULL, '{\"address\":\"\",\"state\":\"\",\"zip\":\"\",\"country\":\"United States\",\"city\":\"\"}', 1, 1, 1, NULL, NULL, 0, 1, NULL, NULL, NULL, NULL, '2021-07-10 09:29:47', '2021-07-10 09:29:47', 0.00, NULL, NULL, NULL, NULL),
(51, 25, 50, 1, 0, NULL, 'Ranks', 'Jeckson', '15300mle', 'akdguh.ol9@gmail.com', '13555570890', 0.00000000, 0.00000000, 0.00000000, 0.00000000, '$2y$10$kmC1L4b/xSQd31oh8APeVu25FXETxFsXUg2BVLBsq2OCMOIeJmTce', NULL, '{\"address\":\"\",\"state\":\"\",\"zip\":\"\",\"country\":\"United States\",\"city\":\"\"}', 1, 1, 1, NULL, NULL, 0, 1, NULL, NULL, NULL, NULL, '2021-07-10 09:32:33', '2021-07-10 09:32:33', 0.00, NULL, NULL, NULL, NULL),
(52, 25, 51, 1, 0, NULL, 'Mander', 'Lent', '15satar', '56656hjgam2@gmail.com', '15666653100', 0.00000000, 0.00000000, 0.00000000, 0.00000000, '$2y$10$V8ptNaQ0RYGP1pek88Lh7O6fxhF9EpWH8vtIsFQzsEjqV5bisxak2', NULL, '{\"address\":\"\",\"state\":\"\",\"zip\":\"\",\"country\":\"United States\",\"city\":\"\"}', 1, 1, 1, NULL, NULL, 0, 1, NULL, NULL, NULL, NULL, '2021-07-10 09:34:03', '2021-07-10 09:34:03', 0.00, NULL, NULL, NULL, NULL),
(53, 25, 52, 1, 0, NULL, 'Jack', 'Len', 'J987866', 'raopo922889@gmail.com', '1344678899', 0.00000000, 0.00000000, 0.00000000, 0.00000000, '$2y$10$oA33vhRZiE/bEnbYuxEGKOqKVwtfWP2uFOshppoSUWvu3Hx4ThvtC', NULL, '{\"address\":\"\",\"state\":\"\",\"zip\":\"\",\"country\":\"United States\",\"city\":\"\"}', 1, 1, 1, NULL, NULL, 0, 1, NULL, NULL, NULL, NULL, '2021-07-10 09:38:15', '2021-07-10 09:38:15', 0.00, NULL, NULL, NULL, NULL),
(54, 23, 47, 1, 0, NULL, 'Devid', 'Leni', '45456up', 'davitar567770@gmail.com', '14545568999', 0.00000000, 0.00000000, 0.00000000, 0.00000000, '$2y$10$nOn6D/XYS2foLDef1XOoqOPf0eLu7ROzOg0DYiclkKuC7z2wKbEgS', NULL, '{\"address\":\"\",\"state\":\"\",\"zip\":\"\",\"country\":\"United States\",\"city\":\"\"}', 1, 1, 1, NULL, NULL, 0, 1, NULL, NULL, NULL, NULL, '2021-07-10 09:40:08', '2021-07-10 09:40:08', 0.00, NULL, NULL, NULL, NULL),
(55, 23, 54, 1, 0, NULL, 'Werni', 'Man', 'tar00007', 'werni23604star@gmail.com', '14675990003', 0.00000000, 0.00000000, 0.00000000, 0.00000000, '$2y$10$bYblpKuw.0vvdj2O8jrJOO5ZkDfx3fIqbjLr9OvqjLLlJEah7QTSy', NULL, '{\"address\":\"\",\"state\":\"\",\"zip\":\"\",\"country\":\"United States\",\"city\":\"\"}', 1, 1, 1, NULL, NULL, 0, 1, NULL, NULL, NULL, NULL, '2021-07-10 09:42:09', '2021-07-10 09:42:09', 0.00, NULL, NULL, NULL, NULL),
(56, 25, 53, 1, 0, NULL, 'Qerlin', 'Sun', '827uwh', 'sunstarsuper766@gmail.com', '17262727818', 0.00000000, 0.00000000, 0.00000000, 0.00000000, '$2y$10$s4SnqEnTtvqsMGx4OHvrWeAFENnDjpOU89/8EepHPVc2krT8RWFzG', NULL, '{\"address\":\"\",\"state\":\"\",\"zip\":\"\",\"country\":\"United States\",\"city\":\"\"}', 1, 1, 1, NULL, NULL, 0, 1, NULL, NULL, NULL, NULL, '2021-07-10 09:44:20', '2021-07-10 09:44:20', 0.00, NULL, NULL, NULL, NULL),
(57, 25, 56, 1, 0, NULL, 'Ronter', 'Worner', '158wisjj', 'david123604iopar@gmail.com', '16727272772', 0.00000000, 0.00000000, 0.00000000, 0.00000000, '$2y$10$ySQQSdN2oXo6YlKawrqizeTsXNcIeddePC8jsw68qxQSt75XP.KeO', NULL, '{\"address\":\"\",\"state\":\"\",\"zip\":\"\",\"country\":\"United States\",\"city\":\"\"}', 1, 1, 1, NULL, NULL, 0, 1, NULL, NULL, NULL, NULL, '2021-07-10 09:45:49', '2021-07-10 09:45:49', 0.00, NULL, NULL, NULL, NULL),
(58, 25, 57, 1, 0, NULL, 'Qwerty', 'San', '199199k', 'rasseen288990@gmail.com', '1827727277', 0.00000000, 0.00000000, 0.00000000, 0.00000000, '$2y$10$RiGV2Fwu0qzWiqDeYxbF1.dePVxEOMR8c19UGUjLhVaa/iEiRG396', NULL, '{\"address\":\"\",\"state\":\"\",\"zip\":\"\",\"country\":\"United States\",\"city\":\"\"}', 1, 1, 1, NULL, NULL, 0, 1, NULL, NULL, NULL, NULL, '2021-07-10 09:47:42', '2021-07-10 09:47:42', 0.00, NULL, NULL, NULL, NULL),
(59, 25, 58, 1, 0, NULL, 'Ranked', 'Worner', '1991plo', 'davtid123tar@gmail.com', '1626267278', 0.00000000, 0.00000000, 0.00000000, 0.00000000, '$2y$10$lR6b4X3rKB7W.vzwsjz9je3YtN7sgGNJADXtPCv01WG3ozRmPqH7K', NULL, '{\"address\":\"\",\"state\":\"\",\"zip\":\"\",\"country\":\"United States\",\"city\":\"\"}', 1, 1, 1, NULL, NULL, 0, 1, NULL, NULL, NULL, NULL, '2021-07-10 09:50:21', '2021-07-10 09:50:21', 0.00, NULL, NULL, NULL, NULL),
(60, 23, 25, 2, 0, NULL, 'Earnik', 'Mandal', '6717hkll', 'fataf220889@gmail.com', '12772727733', 0.00000000, 0.00000000, 0.00000000, 0.00000000, '$2y$10$5MnhB6.LpCTqv9rC5DNqEeVn92sfkj8S3LLknatA7et2.hhWRc/MG', NULL, '{\"address\":\"\",\"state\":\"\",\"zip\":\"\",\"country\":\"United States\",\"city\":\"\"}', 1, 1, 1, NULL, NULL, 0, 1, NULL, NULL, NULL, NULL, '2021-07-10 09:54:01', '2021-07-10 09:54:01', 0.00, NULL, NULL, NULL, NULL),
(61, 23, 55, 1, 0, NULL, 'Raska', 'Lery', '167117y', 'mstar922889@gmail.com', '1626262771', 0.00000000, 0.00000000, 0.00000000, 0.00000000, '$2y$10$.8hrrPSZorpI.O/JUaeNHO/wSnJtZ34MDsL.Jzds/4JFBvqTrAh.6', NULL, '{\"address\":\"\",\"state\":\"\",\"zip\":\"\",\"country\":\"United States\",\"city\":\"\"}', 1, 1, 1, NULL, NULL, 0, 1, NULL, NULL, NULL, NULL, '2021-07-10 09:55:41', '2021-07-10 09:55:41', 0.00, NULL, NULL, NULL, NULL),
(62, 25, 59, 1, 0, NULL, 'Qed', 'La', 'Eys9687', 'qedla123604r@gmail.com', '14519688799', 0.00000000, 0.00000000, 0.00000000, 0.00000000, '$2y$10$1kto6z0Z4mPVWPX8Bk7Oz.rOshw1fU3y2gWi8wij88Pomo4qjEhhC', NULL, '{\"address\":\"\",\"state\":\"\",\"zip\":\"\",\"country\":\"United States\",\"city\":\"\"}', 1, 1, 1, NULL, NULL, 0, 1, NULL, NULL, NULL, NULL, '2021-07-10 09:57:11', '2021-07-10 09:57:11', 0.00, NULL, NULL, NULL, NULL),
(63, 25, 62, 1, 0, NULL, 'Euron', 'San', '64665m', 'euronsan8o89i@gmail.com', '15677789907', 0.00000000, 0.00000000, 0.00000000, 0.00000000, '$2y$10$MuSsgy6/99lcGux6XHJYGeMx.sI9AbwYMyFoq8jqvlowi8afeo6UG', NULL, '{\"address\":\"\",\"state\":\"\",\"zip\":\"\",\"country\":\"United States\",\"city\":\"\"}', 1, 1, 1, NULL, NULL, 0, 1, NULL, NULL, NULL, NULL, '2021-07-10 09:58:46', '2021-07-10 09:58:46', 0.00, NULL, NULL, NULL, NULL),
(64, 25, 63, 1, 0, NULL, 'Dasok', 'Rak', '154322s', 'dav123604istar@gmail.com', '147888900', 0.00000000, 0.00000000, 0.00000000, 0.00000000, '$2y$10$41RXHy8jTQUNRYQTz6aj/ObWv87b/0KvjEoXaxdQ/O8ngJxQtwO4a', NULL, '{\"address\":\"\",\"state\":\"\",\"zip\":\"\",\"country\":\"United States\",\"city\":\"\"}', 1, 1, 1, NULL, NULL, 0, 1, NULL, NULL, NULL, NULL, '2021-07-10 10:00:13', '2021-07-10 10:00:13', 0.00, NULL, NULL, NULL, NULL),
(65, 25, 64, 1, 0, NULL, 'Make', 'King', '77ahja', 'makiinga8769i@gmail.com', '17161600007', 0.00000000, 0.00000000, 0.00000000, 0.00000000, '$2y$10$0L2eZBZYfyvhBAmFSMvcRejdSeOWuz6bzpAeWPiIu/BiuLXBxe/Q6', NULL, '{\"address\":\"\",\"state\":\"\",\"zip\":\"\",\"country\":\"United States\",\"city\":\"\"}', 1, 1, 1, NULL, NULL, 0, 1, NULL, NULL, NULL, NULL, '2021-07-10 10:03:26', '2021-07-10 10:03:26', 0.00, NULL, NULL, NULL, NULL),
(66, 25, 65, 1, 0, NULL, 'Lopis', 'Mon', 'Ag87667', 'lopisa98era@gmail.com', '18181781800', 0.00000000, 0.00000000, 0.00000000, 0.00000000, '$2y$10$fX0HM1bC5HJh.Ctdw0X27O6h47Yp.5DbxWc.yBaPxqS0ZZqSnyJu2', NULL, '{\"address\":\"\",\"state\":\"\",\"zip\":\"\",\"country\":\"United States\",\"city\":\"\"}', 1, 1, 1, NULL, NULL, 0, 1, NULL, NULL, NULL, NULL, '2021-07-10 10:04:50', '2021-07-10 10:04:50', 0.00, NULL, NULL, NULL, NULL),
(67, 25, 66, 1, 0, NULL, 'Rahjak', 'Jeckson', '81hsai', 'davidrah236040r@gmail.com', '17205442277', 0.00000000, 0.00000000, 0.00000000, 0.00000000, '$2y$10$IWubJGDG5uQrnnBAv.uelOe6HZ0lfTg4Dpy2KmXTLn15yIZZ.SAFy', NULL, '{\"address\":\"\",\"state\":\"\",\"zip\":\"\",\"country\":\"United States\",\"city\":\"\"}', 1, 1, 1, NULL, NULL, 0, 1, NULL, NULL, NULL, NULL, '2021-07-10 10:06:19', '2021-07-10 10:06:19', 0.00, NULL, NULL, NULL, NULL),
(68, 25, 67, 1, 0, NULL, 'Rander', 'Jon', 'Tas35415', 'ra9289ism@gmail.com', '8803672772772', 0.00000000, 0.00000000, 0.00000000, 0.00000000, '$2y$10$uvZLDLAhC4ieJT7syStfWuPL1OHo05zOGPpCm8qfySdJLBJUZwoj6', NULL, '{\"address\":\"\",\"state\":\"\",\"zip\":\"\",\"country\":\"Bangladesh\",\"city\":\"\"}', 1, 1, 1, '540507', '2021-07-17 07:37:05', 0, 1, NULL, NULL, NULL, NULL, '2021-07-17 01:36:45', '2021-08-07 05:10:35', 0.00, NULL, NULL, NULL, NULL),
(69, 23, 61, 1, 0, NULL, 'Earnerd', 'Donal', 'Km4141', 'tapankm4141@gmal.com', '8801959004986', 0.00000000, 0.00000000, 0.00000000, 0.00000000, '$2y$10$CdvfjhrWnMEIG.bmWWrqSOdo4tB2aD7e8j69FDwUQJpkUNzvzzC6y', NULL, '{\"address\":\"\",\"state\":\"\",\"zip\":\"\",\"country\":\"Bangladesh\",\"city\":\"\"}', 1, 1, 1, '486159', '2021-07-17 07:40:26', 0, 1, NULL, NULL, NULL, NULL, '2021-07-17 01:40:17', '2021-08-07 05:11:14', 0.00, NULL, NULL, NULL, NULL),
(70, 23, 60, 2, 0, NULL, 'D', 'Q', 'Km4041', 'tapankm4u1@gmail.com', '8801710476393', 0.00000000, 0.00000000, 0.00000000, 0.00000000, '$2y$10$5Kuo1m3LOAqRFR4ZHBoeKOX3jHnj.uUDRJ5qdPG0j/SZP.8XM2Pny', NULL, '{\"address\":\"\",\"state\":\"\",\"zip\":\"\",\"country\":\"Bangladesh\",\"city\":\"\"}', 1, 1, 1, '284257', '2021-07-17 07:57:46', 0, 1, NULL, NULL, NULL, NULL, '2021-07-17 01:44:58', '2021-08-07 05:11:31', 0.00, NULL, NULL, NULL, NULL),
(71, 32, 32, 1, 4, 'daily', 'M', 'H', 'Abcd46', 'tapankmc5@gmail.com', '880375821110', 114.00000000, 0.00000000, 52.00000000, 3000.00000000, '$2y$10$a5e0OiY.jdtfL8.G0dvzYu2FF0TQM1mi7vFOt8ojVOdi/dAvWFWOm', NULL, '{\"address\":\"\",\"state\":\"\",\"zip\":\"\",\"country\":\"Bangladesh\",\"city\":\"\"}', 1, 1, 1, NULL, NULL, 0, 1, NULL, NULL, NULL, NULL, '2021-07-18 02:08:12', '2021-08-22 03:09:35', 0.00, 450.00, NULL, NULL, NULL),
(72, 24, 69, 1, 2, 'daily', 'M', 'T', 'R123469', 'tapankm902@gmail.com', '8807277272729', 83.50000000, 0.00000000, 48.00000000, 300.00000000, '$2y$10$X9KLqYY5z6j3vxcF7fOPoe8hizUpYj33fY4NCVnU0ENJwBpr/Av1i', NULL, '{\"address\":\"\",\"state\":\"\",\"zip\":\"\",\"country\":\"Bangladesh\",\"city\":\"\"}', 1, 1, 1, NULL, NULL, 0, 1, NULL, NULL, NULL, NULL, '2021-07-31 12:18:30', '2021-07-31 12:45:39', 0.00, 25.50, NULL, NULL, NULL),
(73, 24, 72, 1, 2, 'daily', 'M', 'T', 'Test44555', 'tapankm903@gmail.com', '88082828282', 59.50000000, 0.00000000, 24.00000000, 300.00000000, '$2y$10$5y9nFeyhdRujD7L409cnN.WOf39Zf9422Z5JqjqmC2bwVLlab06VO', NULL, '{\"address\":\"\",\"state\":\"\",\"zip\":\"\",\"country\":\"Bangladesh\",\"city\":\"\"}', 1, 1, 1, NULL, NULL, 0, 1, NULL, NULL, NULL, NULL, '2021-07-31 12:31:12', '2021-07-31 12:45:39', 0.00, 25.50, NULL, NULL, NULL),
(74, 24, 73, 1, 2, 'daily', 'Mamun', 'Hasan', 'Test4368', 'tapankm904@gmail.com', '88066445678899', 26.50000000, 0.00000000, 0.00000000, 300.00000000, '$2y$10$ta7o8hKseI2xr3lg4VGwUOzAc49AeY1/8AaPhFkAUI9psm375tirO', NULL, '{\"address\":\"\",\"state\":\"\",\"zip\":\"\",\"country\":\"Bangladesh\",\"city\":\"\"}', 1, 1, 1, NULL, NULL, 0, 1, NULL, NULL, NULL, NULL, '2021-07-31 12:42:36', '2021-07-31 12:45:37', 0.00, 25.50, NULL, NULL, NULL),
(75, 32, 71, 1, 2, 'daily', 'Debasish', 'Roy', 'rooydeeb', 'droy18818@gmail.com', '8801737620859', 124.00000000, 114.00000000, 64.00000000, 300.00000000, '$2y$10$GP/ynU5aUOUM2YN1.l8t7ePbVWzpm8Asazh09iJg/H.sB7WRDYeI2', '1627999383_rooydeeb.jpg', '{\"address\":\"dinajpur\",\"state\":\"Rangpur\",\"zip\":\"5200\",\"country\":\"Bangladesh\",\"city\":\"Dinajpur\"}', 1, 1, 1, NULL, NULL, 0, 1, NULL, NULL, NULL, NULL, '2021-08-03 07:46:24', '2021-08-22 03:09:35', 0.00, 21.00, NULL, 3000.00, 150.00),
(76, 75, 75, 1, 0, NULL, 'Priyanka', 'Pal', 'Priyanka', 'deebrooy@gmail.com', '8801977620859', 0.00000000, 0.00000000, 0.00000000, 0.00000000, '$2y$10$qa.1TMVkdgSdjdB3yTxu.uuCBNF1BcVLEntGs7/cgLWiquLtOe04u', NULL, '{\"address\":\"\",\"state\":\"\",\"zip\":\"\",\"country\":\"Bangladesh\",\"city\":\"\"}', 1, 1, 1, '689412', '2021-08-03 14:18:49', 0, 1, NULL, NULL, NULL, NULL, '2021-08-03 08:18:47', '2021-08-07 05:12:14', 0.00, NULL, NULL, NULL, NULL),
(77, 75, 76, 1, 3, 'weekly', 'Md Ferose', 'Ahmedh', 'sumon08', 'feroseahmedh80@gmail.com', '8801914415026', 70.83000000, 12.00000000, 0.00000000, 3000.00000000, '$2y$10$Kv7bCSNIQ0ZzlmXUbaO3SO5objG.gZJsvpd69TFMn.ivE2XPHWr5G', '1628081410_sumon08.jpg', '{\"address\":\"Masterpara Araji Dilalpur, postoffice :Radhanagar, Badargong, Rangpur\",\"state\":\"Rangpur\",\"zip\":\"5430\",\"country\":\"Bangladesh\",\"city\":\"Rangpur\"}', 1, 1, 1, NULL, NULL, 0, 1, NULL, NULL, NULL, NULL, '2021-08-04 03:53:59', '2021-08-22 02:37:01', 0.00, 58.33, NULL, 50.00, 50.00),
(78, 75, 76, 1, 0, NULL, 'Md Ferose', 'Ahmedh', 'sumon08', 'feroseahmedh8@gmail.com', '8801914415026', 0.00000000, 0.00000000, 0.00000000, 0.00000000, '$2y$10$qYdwU3NfcqfrzbdY5WX97.p4znNN.Xb45omtBiaDJ1OE9SuB6HqDy', NULL, '{\"address\":\"\",\"state\":\"\",\"zip\":\"\",\"country\":\"Bangladesh\",\"city\":\"\"}', 1, 1, 1, NULL, NULL, 0, 1, NULL, NULL, NULL, NULL, '2021-08-04 03:53:59', '2021-08-15 22:52:35', 0.00, NULL, NULL, NULL, NULL),
(79, 32, 76, 1, 1, 'daily', 'M', 'H', 'Red45162', 'tapankm907@gmail.com', '880727727278', 2.25000000, 0.00000000, 0.00000000, 50.00000000, '$2y$10$jlfLXXVTXIG0tsnQvJi7m.LAvSICAn42HYNqh3uC4rQQsTADx/IZW', NULL, '{\"address\":\"\",\"state\":\"\",\"zip\":\"\",\"country\":\"Bangladesh\",\"city\":\"\"}', 1, 1, 1, NULL, NULL, 0, 1, NULL, NULL, NULL, NULL, '2021-08-04 12:34:34', '2021-08-04 12:39:41', 0.00, 2.25, NULL, NULL, NULL),
(80, 32, 33, 2, 2, 'weekly', 'A', 'B', 'Cute09677', 'tapankm908@gmail.com', '880527268280', 14.50000000, 0.00000000, 4.00000000, 300.00000000, '$2y$10$k4sSFrt5vGwlh7Osm8rQRuXXZtYX2qQgQNRqp9tqy7oNZ44cDKc/y', NULL, '{\"address\":\"\",\"state\":\"\",\"zip\":\"\",\"country\":\"Bangladesh\",\"city\":\"\"}', 1, 1, 1, NULL, NULL, 0, 1, NULL, NULL, NULL, NULL, '2021-08-04 12:47:56', '2021-08-09 07:25:51', 0.00, 10.50, NULL, NULL, NULL),
(81, 32, 80, 2, 3, 'weekly', 'A', 'A', 'Assr4678', 'tapankmc6@gmail.com', '880527268287', 212.33000000, 0.00000000, 4.00000000, 2150.00000000, '$2y$10$eVu.wmSKbvQGBKfZqEaU7.iJmr/Gc5NyyLow9mDIoi/hLQ5yS1./S', NULL, '{\"address\":\"\",\"state\":\"\",\"zip\":\"\",\"country\":\"Bangladesh\",\"city\":\"\"}', 1, 1, 1, NULL, NULL, 0, 1, NULL, NULL, NULL, NULL, '2021-08-04 13:29:39', '2021-08-09 07:25:49', 0.00, 58.33, NULL, NULL, NULL),
(82, 75, 75, 2, 1, 'daily', 'Subash', 'Debnath', 'subashdeb', 'debnathsubash093@gmail.com', '8801980235219', 37.25000000, 0.00000000, 24.00000000, 50.00000000, '$2y$10$w4U8.TA7fNnuD.r1MNGxpO7cuPqkIbjbilNVt2ILMLbwj0OxBV7za', NULL, '{\"address\":\"\",\"state\":\"\",\"zip\":\"\",\"country\":\"Bangladesh\",\"city\":\"\"}', 1, 1, 1, NULL, NULL, 0, 1, NULL, NULL, NULL, NULL, '2021-08-04 13:34:12', '2021-08-22 02:59:47', 0.00, 13.25, NULL, NULL, 50.00),
(83, 32, 81, 2, 2, 'weekly', 'Meraj', 'Ali', 'merajali', 'meraj928716@gmail.com', '8801319108596', 16.50000000, 36.00000000, 0.00000000, 300.00000000, '$2y$10$KHLkRJ0wl448aNKGxEuFvOrpGuDqqI5.HnG7XXP9t.2UoMdNrCo1e', '1628259757_merajali.jpg', '{\"address\":\"Home:uttar polasbari,Chirirbandar,Dinajpur\",\"state\":\"Rangpur\",\"zip\":\"5240\",\"country\":\"Bangladesh\",\"city\":\"Dinajpur\"}', 1, 1, 1, NULL, NULL, 0, 1, NULL, NULL, NULL, NULL, '2021-08-06 07:32:51', '2021-08-21 01:53:12', 0.00, 10.50, NULL, 50.00, NULL),
(84, 77, 77, 2, 0, NULL, 'Mst Nahid', 'Sultana', 'raufusw1', 'raufuahmedbd24@gmail.com', '8801924244371', 0.00000000, 0.00000000, 0.00000000, 0.00000000, '$2y$10$g0cYwGOrbrkgV1grzlZRjux6zt9cTt1SVVf3QPJm7PWbtyo0bOR1O', NULL, '{\"address\":\"\",\"state\":\"\",\"zip\":\"\",\"country\":\"Bangladesh\",\"city\":\"\"}', 1, 1, 1, NULL, NULL, 0, 1, NULL, NULL, NULL, NULL, '2021-08-06 08:22:57', '2021-08-06 08:24:24', 0.00, NULL, NULL, NULL, NULL),
(85, 77, 84, 2, 1, 'weekly', 'MD ASHABUL', 'ISLAM', 'ashabul', 'mdashabulislam62@gmail.com', '8801798942441', 7.75000000, 6.00000000, 0.00000000, 50.00000000, '$2y$10$Qk7MdTX53jacQuawMxBoxeEp277eBqjcDGsJXMVhPSvVrW5Y/jJoi', NULL, '{\"address\":\"\",\"state\":\"\",\"zip\":\"\",\"country\":\"Bangladesh\",\"city\":\"\"}', 1, 1, 1, NULL, NULL, 0, 1, NULL, NULL, NULL, NULL, '2021-08-06 08:52:54', '2021-08-07 04:26:45', 0.00, 1.75, NULL, 50.00, NULL),
(86, 30, 30, 1, 0, NULL, 'Archona', 'Mohonto', 'Ichhemoni', 'tapankm909@gmail.com', '8801761142688', 500.00000000, 0.00000000, 0.00000000, 0.00000000, '$2y$10$mxZWQkYpQ0ZwzmhamAV5GeFEP7U1QtIzE6R45E.8MW4EoD6vSDsF2', NULL, '{\"address\":\"\",\"state\":\"\",\"zip\":\"\",\"country\":\"Bangladesh\",\"city\":\"\"}', 1, 1, 1, '220724', '2021-08-07 08:12:45', 0, 1, NULL, NULL, NULL, NULL, '2021-08-07 02:12:43', '2021-08-15 02:47:37', 0.00, NULL, NULL, NULL, NULL),
(87, 30, 86, 1, 0, NULL, 'Dj', 'moni', 'Archona', 'tapankm910@gmail.com', '88001318031743', 0.00000000, 0.00000000, 0.00000000, 0.00000000, '$2y$10$QUmG5y9VmA.K57TwBit5OOXGLr1f3C2d7w2xWpVYSrWP7Z.1PBpke', NULL, '{\"address\":\"\",\"state\":\"\",\"zip\":\"\",\"country\":\"Bangladesh\",\"city\":\"\"}', 1, 1, 1, '269516', '2021-08-07 09:53:31', 0, 1, NULL, NULL, NULL, NULL, '2021-08-07 03:53:27', '2021-08-07 03:55:31', 0.00, NULL, NULL, NULL, NULL),
(88, 85, 85, 1, 1, 'weekly', 'Shanu Akter', 'Dipa', 'Shanu2021', 'shanuakterdipa@gmail.com', '88001722782999', 1.75000000, 0.00000000, 0.00000000, 50.00000000, '$2y$10$CZ0Rsmg3WkOTpEbEKuhK8eChBqYIm2GJgYfAcQ6awkeqdihibpy1S', NULL, '{\"address\":\"\",\"state\":\"\",\"zip\":\"\",\"country\":\"Bangladesh\",\"city\":\"\"}', 1, 1, 1, '924494', '2021-08-07 10:14:23', 0, 1, NULL, NULL, NULL, NULL, '2021-08-07 04:14:21', '2021-08-07 04:26:44', 0.00, 1.75, NULL, NULL, NULL),
(89, 77, 77, 1, 1, 'weekly', 'Md Anowarul', 'Haque', 'Anowar10bd', 'mdanowarul1973@gmail.com', '88001748876442', 6.00000000, 6.00000000, 0.00000000, 50.00000000, '$2y$10$QiNmD7vNxqeA1ZnJy6/hdesU52H/zLSN6yxe6nmuPVlODAJO0xLHC', NULL, '{\"address\":\"\",\"state\":\"\",\"zip\":\"\",\"country\":\"Bangladesh\",\"city\":\"\"}', 1, 1, 1, NULL, NULL, 0, 1, NULL, NULL, NULL, NULL, '2021-08-07 08:00:56', '2021-08-22 02:53:05', 0.00, NULL, NULL, 50.00, NULL),
(90, 75, 82, 2, 1, 'daily', 'Uttom', 'Roy', 'Uttomroy', 'uttomroynoyabad@gmail.com', '8801750912727', 67.25000000, 18.00000000, 48.00000000, 50.00000000, '$2y$10$ytXBjyqIEFDXlt/2bG2w9O65/FyRdG//mFaGHzmfL2lntPWhiBaJO', NULL, '{\"address\":\"\",\"state\":\"\",\"zip\":\"\",\"country\":\"Bangladesh\",\"city\":\"\"}', 1, 1, 1, '912488', '2021-08-07 16:40:36', 0, 1, NULL, NULL, NULL, NULL, '2021-08-07 10:40:35', '2021-08-22 02:59:47', 0.00, 1.25, NULL, 150.00, NULL),
(91, 77, 89, 1, 0, NULL, 'Md Wahedul Haque', 'Sardar', 'wahedulsw', 'wahedulhaquesardar@gmail.com', '8801739427799', 0.00000000, 0.00000000, 0.00000000, 0.00000000, '$2y$10$KTeBUjbIzPQapNl.L5dVrOujbjvcR6HG2NqO3uo7bSpxNaxqxZ6kG', NULL, '{\"address\":\"\",\"state\":\"\",\"zip\":\"\",\"country\":\"Bangladesh\",\"city\":\"\"}', 1, 1, 1, NULL, NULL, 0, 1, NULL, NULL, NULL, NULL, '2021-08-08 01:18:42', '2021-08-08 01:22:44', 0.00, NULL, NULL, NULL, NULL),
(92, 91, 91, 1, 0, NULL, 'Md', 'Asaduzzaman', 'asaduzzaman', 'asadsarder11292@gmail.com', '8801710311292', 0.00000000, 0.00000000, 0.00000000, 0.00000000, '$2y$10$noaFCU.p9zRIGKvBL2U7IOIv8nXtsLXg2VUYwM22Y8DLPNBRrV8j6', NULL, '{\"address\":\"\",\"state\":\"\",\"zip\":\"\",\"country\":\"Bangladesh\",\"city\":\"\"}', 1, 1, 1, '559560', '2021-08-08 09:21:08', 0, 1, NULL, NULL, NULL, NULL, '2021-08-08 03:21:05', '2021-08-08 03:21:37', 0.00, NULL, NULL, NULL, NULL),
(93, 75, 90, 2, 1, 'weekly', 'Bidhan', 'Roy', 'Bidhanroy', 'bidhanroy30251@gmail.com', '8801722640285', 18.00000000, 24.00000000, 44.00000000, 50.00000000, '$2y$10$.fzROh3uxexYTXY5pV5s1ODlZtrsGnJ7dEANoLXUTQ.NsDoJ7H4q2', '1628414914_Bidhanroy.jpg', '{\"address\":\"Vill:Bashudeb pur,Post:Fulbari hat,Thana:Birol,Dist:Dinajpur\",\"state\":\"Rangpur\",\"zip\":\"5210\",\"country\":\"Bangladesh\",\"city\":\"Dinajpur\"}', 1, 1, 1, NULL, NULL, 0, 1, NULL, NULL, NULL, NULL, '2021-08-08 03:22:18', '2021-08-20 10:47:45', 0.00, NULL, NULL, 150.00, 50.00),
(94, 82, 93, 2, 1, 'weekly', 'Mizanur', 'Rahman', 'Mizanur', '0192666partex@gmail.com', '8801714802705', 10.00000000, 36.00000000, 4.00000000, 50.00000000, '$2y$10$9Xucwnv1tsPvcrcvrSi6QutmL8nvk0nL01c0KUUfGr67igvDXFmJq', '1628869479_Mizanur.jpg', '{\"address\":\"Central road jummapara shodor Rangpur\",\"state\":\"Rangpur\",\"zip\":\"5400\",\"country\":\"Bangladesh\",\"city\":\"Rangpur\"}', 1, 1, 1, NULL, NULL, 0, 1, NULL, NULL, NULL, NULL, '2021-08-08 05:03:46', '2021-08-16 11:45:55', 0.00, 0.00, NULL, 300.00, NULL),
(95, 77, 85, 2, 0, NULL, 'Md', 'Shohrowardi', 'sarwarsw', 'mdsarwarh209@gmail.com', '8801738276233', 0.00000000, 0.00000000, 0.00000000, 0.00000000, '$2y$10$1UJ40Jp5rocqI4anL7hl0OzX6w86A2LTx9gOrROLNLFp0Lt/bFP7u', NULL, '{\"address\":\"\",\"state\":\"\",\"zip\":\"\",\"country\":\"Bangladesh\",\"city\":\"\"}', 1, 1, 1, NULL, NULL, 0, 1, NULL, NULL, NULL, NULL, '2021-08-08 07:27:39', '2021-08-08 07:28:52', 0.00, NULL, NULL, NULL, NULL),
(96, 89, 89, 2, 0, NULL, 'Mast Farida', 'Khatin', 'Farida11bd', 'mstfaridak06@gmail.com', '88001938321884', 0.00000000, 0.00000000, 0.00000000, 0.00000000, '$2y$10$4i7cWRIjx8P5JzVvc8ACWeghGsBl0Xii4Tx.hR/Z9UYmx.dFHxYg2', NULL, '{\"address\":\"\",\"state\":\"\",\"zip\":\"\",\"country\":\"Bangladesh\",\"city\":\"\"}', 1, 1, 1, NULL, NULL, 0, 1, NULL, NULL, NULL, NULL, '2021-08-08 09:11:50', '2021-08-10 09:34:10', 0.00, NULL, NULL, NULL, NULL),
(97, 89, 89, 2, 0, NULL, 'Mast Farida', 'Khatin', 'Farida11bd', 'mstfaridak06@gmail.com', '88001938321884', 0.00000000, 0.00000000, 0.00000000, 0.00000000, '$2y$10$hHIGI1gPYZkmMws4lvoKR.0IjydCFbKlirw0Koc6kp2B8Wh/JTMhq', NULL, '{\"address\":\"\",\"state\":\"\",\"zip\":\"\",\"country\":\"Bangladesh\",\"city\":\"\"}', 1, 1, 1, NULL, NULL, 0, 1, NULL, NULL, NULL, NULL, '2021-08-08 09:11:50', '2021-08-08 09:17:02', 0.00, NULL, NULL, NULL, NULL),
(98, 77, 92, 1, 0, NULL, 'Md. Tazul', 'Islam', 'Tazul01', 'gbtazul@gmail.com', '8801977030593', 0.00000000, 0.00000000, 0.00000000, 0.00000000, '$2y$10$INHfGqnj76/1uEkl6eHikOAOlPqNQ2HWbYiX4qZd1pZqIcFC5mLem', NULL, '{\"address\":\"\",\"state\":\"\",\"zip\":\"\",\"country\":\"Bangladesh\",\"city\":\"\"}', 1, 1, 1, NULL, NULL, 0, 1, NULL, NULL, NULL, NULL, '2021-08-08 20:10:41', '2021-08-08 20:11:29', 0.00, NULL, NULL, NULL, NULL),
(99, 30, 87, 1, 0, NULL, 'Shilpi', 'Rani', 'Starter', 'shuddhotamahanta@gmail.com', '88001644662064', 0.00000000, 0.00000000, 0.00000000, 0.00000000, '$2y$10$ZAl76A7fxv5P.qf3JEQCkOnunVGRKtckH2XHiPHGXDbKrCq9bCsmS', NULL, '{\"address\":\"\",\"state\":\"\",\"zip\":\"\",\"country\":\"Bangladesh\",\"city\":\"\"}', 1, 1, 1, NULL, NULL, 0, 1, NULL, NULL, NULL, NULL, '2021-08-09 05:19:26', '2021-08-09 05:20:21', 0.00, NULL, NULL, NULL, NULL),
(100, 30, 99, 1, 1, 'weekly', 'Rashedul', 'Islam', 'Rashed32', 'rashedulislamsw@gmail.com', '88001797997132', 7.75000000, 6.00000000, 0.00000000, 50.00000000, '$2y$10$1rBjXTWnmvrQ8EffmZ/nju39/Mn/HjFhqOv7ul1YKcNPh.ffS.duW', NULL, '{\"address\":\"\",\"state\":\"\",\"zip\":\"\",\"country\":\"Bangladesh\",\"city\":\"\"}', 1, 1, 1, NULL, NULL, 0, 1, NULL, NULL, NULL, NULL, '2021-08-09 05:30:08', '2021-08-22 01:25:11', 0.00, NULL, NULL, 50.00, NULL),
(101, 83, 83, 1, 0, NULL, 'Rasal', 'khan', 'rasel1', 'merajalisw@gimali.com', '8801786863059', 0.00000000, 0.00000000, 0.00000000, 0.00000000, '$2y$10$rIHHVeo5TJ31GNkp4hvzPuPFCoAJJ7IiJnzMaG7KTPttMR1Q/TeCq', NULL, '{\"address\":\"\",\"state\":\"\",\"zip\":\"\",\"country\":\"Bangladesh\",\"city\":\"\"}', 1, 1, 1, '651820', '2021-08-09 13:01:17', 0, 1, NULL, NULL, NULL, NULL, '2021-08-09 06:58:41', '2021-08-15 22:52:02', 0.00, NULL, NULL, NULL, NULL),
(102, 83, 101, 1, 0, NULL, 'Rasel', 'Khan', 'Raselsw', 'merajalisw@gmail.com', '8801750928716', 0.00000000, 0.00000000, 0.00000000, 0.00000000, '$2y$10$pNtQ3ll4H2W8sQSB45/WFuH3l1YcJOB6qkAorUWntXIBmNauCna2G', NULL, '{\"address\":\"\",\"state\":\"\",\"zip\":\"\",\"country\":\"Bangladesh\",\"city\":\"\"}', 1, 1, 1, NULL, NULL, 0, 1, NULL, NULL, NULL, NULL, '2021-08-09 07:09:30', '2021-08-09 07:10:11', 0.00, NULL, NULL, NULL, NULL),
(103, 83, 102, 1, 1, 'weekly', 'Faruk', 'Hossain', 'Faruksw', 'tapankm911@gmail.com', '88027727277370', 0.00000000, 0.00000000, 0.00000000, 50.00000000, '$2y$10$ZPbxyHUiRrBkY31xv.93xeKuvvgfFc1CAlTAc7Xhvsyx/An8S.Q2.', NULL, '{\"address\":\"\",\"state\":\"\",\"zip\":\"\",\"country\":\"Bangladesh\",\"city\":\"\"}', 1, 1, 1, NULL, NULL, 0, 1, NULL, NULL, NULL, NULL, '2021-08-09 07:18:15', '2021-08-09 07:25:39', 0.00, NULL, NULL, NULL, NULL),
(104, 32, 83, 2, 1, 'weekly', 'Mohammad', 'Rabbi', 'dream1', 'rabbiahmed01772@gmail.com', '8801916163067', 3.65500000, 0.00000000, 0.00000000, 53.00000000, '$2y$10$A2RwmBh4A5485jSIRzKuQeRuGstWB5RlFlGy8IbGxUUV7U.avKIRW', '1628862330_dream1.jpg', '{\"address\":\"Ranirbandar\",\"state\":\"Dinajpur\",\"zip\":\"5241\",\"country\":\"Bangladesh\",\"city\":\"Dinajpur\"}', 1, 1, 1, NULL, NULL, 0, 1, NULL, NULL, NULL, NULL, '2021-08-13 07:40:22', '2021-08-21 00:13:17', 0.00, 89.12, NULL, NULL, NULL),
(105, 94, 94, 1, 1, 'daily', 'Md Belayet', 'Hossain', 'Belayet', 'belayet0213@gmail.com', '8801723607209', 3.50000000, 0.00000000, 0.00000000, 50.00000000, '$2y$10$.NfFUUGLaAaGIm6L.kqRxu/Ov67GRVLhBA1Cj3trenO.a2sE5DO/C', NULL, '{\"address\":\"\",\"state\":\"\",\"zip\":\"\",\"country\":\"Bangladesh\",\"city\":\"\"}', 1, 1, 1, NULL, NULL, 0, 1, NULL, NULL, NULL, NULL, '2021-08-14 00:23:59', '2021-08-21 01:44:22', 0.00, 84.00, NULL, NULL, NULL),
(106, 93, 93, 1, 1, 'weekly', 'Bhabatosh', 'Roy', 'Bhabatosh', 'bhabatoshbd2014@gmail.com', '88001734863343', 7.00000000, 0.00000000, 0.00000000, 100.00000000, '$2y$10$bEevokQzrQhteVlDgsjDWOWUamyeY8bRSJz1sFbkWFdxOvdcSrm2m', NULL, '{\"address\":\"\",\"state\":\"\",\"zip\":\"\",\"country\":\"Bangladesh\",\"city\":\"\"}', 1, 1, 1, NULL, NULL, 0, 1, NULL, NULL, NULL, NULL, '2021-08-15 08:57:08', '2021-08-21 01:43:01', 0.00, 168.00, NULL, NULL, NULL),
(107, 93, 94, 2, 1, 'weekly', 'Goutam Deb', 'Sharma', 'Goutam', 'eng.goutamdeb@gmail.com', '88001773655971', 84.00000000, 0.00000000, 0.00000000, 50.00000000, '$2y$10$reP0hkh.xE7UoZ56Awm9keESNTlPalEV9e63xuS2qBjIPKIDMq5ue', '1629617769_Goutam.jpg', '{\"address\":\"Vill:Basudeb pur,Post:Fulbari hat,Thana:Birol,Dist:Dinajpur\",\"state\":\"Rangpur\",\"zip\":\"5210\",\"country\":\"Bangladesh\",\"city\":\"Dinajpur\"}', 1, 1, 1, NULL, NULL, 0, 1, NULL, NULL, NULL, NULL, '2021-08-15 23:50:29', '2021-08-22 01:36:11', 0.00, 84.00, NULL, NULL, NULL),
(108, 100, 100, 1, 0, NULL, 'Ashik', 'Rahman', 'ashikrana', 'tapankm912@gmail.com', '88001303054042', 0.00000000, 0.00000000, 0.00000000, 0.00000000, '$2y$10$pp1hjHum7lnhKQA4Gs/dNOoAbpDfa7FB9hQvzo4lNdkKJywSN4FVO', NULL, '{\"address\":\"\",\"state\":\"\",\"zip\":\"\",\"country\":\"Bangladesh\",\"city\":\"\"}', 1, 0, 1, '164856', '2021-08-17 15:33:52', 0, 1, NULL, NULL, NULL, NULL, '2021-08-17 09:33:51', '2021-08-17 09:33:52', 0.00, NULL, NULL, NULL, NULL),
(109, 100, 108, 1, 1, 'weekly', 'Ashik', 'Rana', 'Ashik18', 'tapankm913@gmail.com', '88001610016718', 1.75000000, 0.00000000, 0.00000000, 50.00000000, '$2y$10$mpvf8wyLg6ddAwMExYN7Je67ZRMG5foPVIQUZCHF/HpJuttv2QOHS', NULL, '{\"address\":\"\",\"state\":\"\",\"zip\":\"\",\"country\":\"Bangladesh\",\"city\":\"\"}', 1, 1, 1, NULL, NULL, 0, 1, NULL, NULL, NULL, NULL, '2021-08-17 09:47:38', '2021-08-21 08:13:33', 0.00, 1.75, NULL, 50.00, NULL),
(110, 109, 109, 1, 0, NULL, 'Md Rayhan', 'Kabir', 'Rayhan360', 'mdrayhankobir2005@gmail.com', '88001729115732', 0.00000000, 0.00000000, 0.00000000, 0.00000000, '$2y$10$sOvJkfTCm65rnkEv.6w/COqyxx7wSdjhohgMfP/DbgFVu0yT3OJFO', NULL, '{\"address\":\"\",\"state\":\"\",\"zip\":\"\",\"country\":\"Bangladesh\",\"city\":\"\"}', 1, 1, 1, NULL, NULL, 0, 1, NULL, NULL, NULL, NULL, '2021-08-17 09:52:31', '2021-08-17 09:53:00', 0.00, NULL, NULL, NULL, NULL),
(111, 24, 24, 2, 0, NULL, 'ss', 'ss', 'nayan1010', 'nman017@gmail.com', '8802455254', 0.00000000, 0.00000000, 0.00000000, 0.00000000, '$2y$10$37ZerWMHIVuj0J/KDBGfoOhAVbTrIsHJv/IX/LU0xMm3hfbWsY1Zy', NULL, '{\"address\":\"\",\"state\":\"\",\"zip\":\"\",\"country\":\"Bangladesh\",\"city\":\"\"}', 1, 1, 1, NULL, NULL, 0, 1, NULL, NULL, NULL, NULL, '2021-08-18 17:01:35', '2021-08-18 17:02:54', 0.00, NULL, NULL, NULL, NULL),
(112, 24, 111, 2, 0, NULL, 'a', 'a', 'nman007', 'a@a.com', '880456456', 0.00000000, 0.00000000, 0.00000000, 0.00000000, '$2y$10$vgK0O8lx2kTY4yZQmcWPC.J0KknL1dOaLG9Uz4fNNPEPan2sO34XS', NULL, '{\"address\":\"\",\"state\":\"\",\"zip\":\"\",\"country\":\"Bangladesh\",\"city\":\"\"}', 1, 0, 1, '613845', '2021-08-18 23:24:48', 0, 1, NULL, NULL, NULL, NULL, '2021-08-18 17:24:47', '2021-08-18 17:24:48', 0.00, NULL, NULL, NULL, NULL),
(113, 24, 111, 2, 0, NULL, 'asfd', 'asdf', 'nman00000', 'sfd@af.com', '88065465', 0.00000000, 0.00000000, 0.00000000, 0.00000000, '$2y$10$qVKRwdKgNj362Nq8buhmK.sg9v8uLU0JBuCLgBIvsWZgu28PFa9X6', NULL, '{\"address\":\"\",\"state\":\"\",\"zip\":\"\",\"country\":\"Bangladesh\",\"city\":\"\"}', 1, 0, 1, '642243', '2021-08-18 23:30:39', 0, 1, NULL, NULL, NULL, NULL, '2021-08-18 17:30:38', '2021-08-18 17:30:39', 0.00, NULL, NULL, NULL, NULL),
(114, 24, 74, 1, 0, NULL, 'a', 'a', 'nayan1234', 'a@email.com', '88054', 0.00000000, 0.00000000, 0.00000000, 0.00000000, '$2y$10$1gJCyo2kdKkW5rbRFpxuKekTnrVxM9/dJkC305dDjgFArP1AvMUdW', NULL, '{\"address\":\"\",\"state\":\"\",\"zip\":\"\",\"country\":\"Bangladesh\",\"city\":\"\"}', 1, 0, 1, '373133', '2021-08-20 01:08:09', 0, 1, NULL, NULL, NULL, NULL, '2021-08-19 19:08:05', '2021-08-19 19:08:09', 0.00, NULL, NULL, NULL, NULL),
(115, 90, 0, 1, 0, NULL, 'Mallika', 'Roy', 'mallika', 'mallikanoyabad23@gmail.com', '880175091272', 0.00000000, 0.00000000, 0.00000000, 0.00000000, '$2y$10$d4BpI94.Pk2G1pDabvFnGeGhXcaH1DPZvqZsAx/5tpp1RmnlutHKK', NULL, '{\"address\":\"Dinajpur\",\"city\":\"Dinajpur\",\"state\":\"Rangpur\",\"zip\":\"5200\",\"country\":\"Bangladesh\"}', 1, 1, 1, NULL, NULL, 0, 1, NULL, NULL, NULL, NULL, '2021-08-19 21:20:47', '2021-08-19 22:46:53', 0.00, NULL, NULL, NULL, NULL),
(116, 90, 90, 1, 0, NULL, 'Mallika', 'Roy', 'Mallika1', 'mallikanoyabad2003@gmail.com', '88017509127270', 0.00000000, 0.00000000, 0.00000000, 0.00000000, '$2y$10$ilLy137XIuNZJ8o8DLt4YurFXojjCjq4MLOyfoiP92s7qkMK2z4eu', NULL, '{\"address\":\"\",\"state\":\"\",\"zip\":\"\",\"country\":\"Bangladesh\",\"city\":\"\"}', 1, 1, 1, '302020', '2021-08-20 04:51:38', 0, 1, NULL, NULL, NULL, NULL, '2021-08-19 22:51:35', '2021-08-19 22:52:10', 0.00, NULL, NULL, NULL, NULL),
(117, 90, 116, 1, 1, 'weekly', 'Romesh', 'Roy', 'Romesh', 'em.romeshroy.tcc@gmail.com', '8801763201616', 5.75000000, 0.00000000, 4.00000000, 50.00000000, '$2y$10$fThjs5XRGx0QveALbRhdMugtJ/QTjS.1AR086hlvQQXKTZ.aFZ0om', NULL, '{\"address\":\"\",\"state\":\"\",\"zip\":\"\",\"country\":\"Bangladesh\",\"city\":\"\"}', 1, 1, 1, '390813', '2021-08-20 05:01:27', 0, 1, NULL, NULL, NULL, NULL, '2021-08-19 23:01:23', '2021-08-22 03:09:35', 0.00, 21.00, NULL, NULL, NULL),
(118, 90, 117, 1, 1, 'weekly', 'Kzaman', 'Islam', 'Kzaman', 'kzaman.birganj@gmail.com', '8801717044346', 5.75000000, 0.00000000, 4.00000000, 50.00000000, '$2y$10$awIN41Jx80pvCEllh8.nbuuRv0pAh4mIBLq2wbYwtUVvS5jyxfHq6', NULL, '{\"address\":\"\",\"state\":\"\",\"zip\":\"\",\"country\":\"Bangladesh\",\"city\":\"\"}', 1, 1, 1, '452368', '2021-08-20 05:04:41', 0, 1, NULL, NULL, NULL, NULL, '2021-08-19 23:04:40', '2021-08-22 03:09:35', 0.00, 21.00, NULL, NULL, NULL),
(119, 93, 106, 1, 1, 'monthly', 'Sandip Kumar', 'Roy', 'Sandip', 'rsandip468@gmail.com', '8801796751676', 0.00000000, 0.00000000, 0.00000000, 50.00000000, '$2y$10$2T6rNSPKkJDFDljxicrLc.kkqTlKZQQQoPFHrUMWcj25feaRlrPli', '1629442656_Sandip.jpg', '{\"address\":\"Vill:Arozo golahar,Post:Kaugaon,Thana:Chirirbondar, Dist:Dinajpur,\",\"state\":\"Rangpur\",\"zip\":\"5240\",\"country\":\"Bangladesh\",\"city\":\"Dinajpur\"}', 1, 1, 1, NULL, NULL, 0, 1, NULL, NULL, NULL, NULL, '2021-08-20 00:44:09', '2021-08-20 10:47:44', NULL, NULL, NULL, NULL, NULL),
(120, 77, 98, 1, 0, NULL, 'Mm', 'nn', 'A55555', 'tapankm914@gmail.com', '88001893295151', 0.00000000, 0.00000000, 0.00000000, 0.00000000, '$2y$10$AYhTPRlPElOD57q4/LWf1ODtKnkuhRy7rL7pAGRVxL7sKiA1HNwE2', NULL, '{\"address\":\"\",\"state\":\"\",\"zip\":\"\",\"country\":\"Bangladesh\",\"city\":\"\"}', 1, 1, 1, NULL, NULL, 0, 1, NULL, NULL, NULL, NULL, '2021-08-21 02:23:21', '2021-08-21 02:24:05', NULL, NULL, NULL, NULL, NULL),
(121, 109, 110, 1, 1, 'weekly', 'MD Ajiju', 'Rahman', 'Ajijur', 'ajijurrahman0630@gmail.com', '88001704640630', 1.75000000, 0.00000000, 0.00000000, 50.00000000, '$2y$10$cKzLfrf0cNa/uGJStUmZuOor.xOc1LlFP1OTpAnbf9CkeXXWCk7eK', NULL, '{\"address\":\"\",\"state\":\"\",\"zip\":\"\",\"country\":\"Bangladesh\",\"city\":\"\"}', 1, 1, 1, NULL, NULL, 0, 1, NULL, NULL, NULL, NULL, '2021-08-21 08:00:44', '2021-08-21 08:13:32', NULL, 1.75, NULL, NULL, NULL),
(122, 89, 120, 1, 1, 'weekly', 'MD Mominul haque', 'Pramanik', 'Zabir1', 'mhpramanik681@gmail.com', '8801719345589', 0.00000000, 0.00000000, 0.00000000, 50.00000000, '$2y$10$hCyRLyZkqn3omYitHRQlC.5hon1/FLOcN1PAsXszsdzqz9/h530Wm', '1629622608_Zabir1.jpg', '{\"address\":\"A\",\"state\":\"A\",\"zip\":\"A\",\"country\":\"Bangladesh\",\"city\":\"A\"}', 1, 1, 1, '177496', '2021-08-22 08:45:21', 0, 1, NULL, NULL, NULL, NULL, '2021-08-22 02:45:16', '2021-08-22 02:56:49', NULL, NULL, NULL, NULL, NULL),
(123, 90, 118, 1, 1, 'weekly', 'Nahian', 'Nahid', 'Nahian', 'nahiannahid1441@gmail.com', '8801718484207', 6.00000000, 6.00000000, 0.00000000, 50.00000000, '$2y$10$aSOdakWxJ.vANCfgfyH.vemBaG4taZ3EBSGhZMxQ99LjWokDBX6vm', NULL, '{\"address\":\"\",\"state\":\"\",\"zip\":\"\",\"country\":\"Bangladesh\",\"city\":\"\"}', 1, 1, 1, NULL, NULL, 0, 1, NULL, NULL, NULL, NULL, '2021-08-22 02:52:56', '2021-08-22 03:09:36', NULL, NULL, NULL, NULL, 50.00),
(124, 123, 123, 2, 1, 'weekly', 'Nahian', 'Nahid', 'Nahian1', 'nahiannahidj@gmail.com', '8801303853484', 0.00000000, 0.00000000, 0.00000000, 50.00000000, '$2y$10$z1iUChFvV9gc2XlviRqAsO/Mi32P8s.adRVpYFnoSn0h3q5u10wB6', NULL, '{\"address\":\"\",\"state\":\"\",\"zip\":\"\",\"country\":\"Bangladesh\",\"city\":\"\"}', 1, 1, 1, NULL, NULL, 0, 1, NULL, NULL, NULL, NULL, '2021-08-22 03:04:20', '2021-08-22 03:09:31', NULL, NULL, NULL, NULL, NULL);

-- --------------------------------------------------------

--
-- Table structure for table `user_extras`
--

CREATE TABLE `user_extras` (
  `id` int(10) NOT NULL,
  `user_id` int(10) NOT NULL,
  `paid_left` int(10) NOT NULL DEFAULT 0,
  `paid_right` int(10) NOT NULL DEFAULT 0,
  `free_left` int(10) NOT NULL DEFAULT 0,
  `free_right` int(10) NOT NULL DEFAULT 0,
  `bv_left` decimal(16,8) NOT NULL DEFAULT 0.00000000,
  `bv_right` decimal(16,8) NOT NULL DEFAULT 0.00000000,
  `created_at` timestamp NULL DEFAULT NULL,
  `updated_at` timestamp NULL DEFAULT NULL
) ENGINE=InnoDB DEFAULT CHARSET=latin1;

--
-- Dumping data for table `user_extras`
--

INSERT INTO `user_extras` (`id`, `user_id`, `paid_left`, `paid_right`, `free_left`, `free_right`, `bv_left`, `bv_right`, `created_at`, `updated_at`) VALUES
(1, 1, 6, 16, 41, 38, 4817.80000000, 603.24000000, '2020-12-10 15:20:43', '2021-08-22 03:09:34'),
(22, 23, 4, 1, 17, 24, 710.80000000, 4.00000000, '2021-07-03 13:13:13', '2021-08-19 19:08:08'),
(23, 24, 3, 0, 14, 3, 36.00000000, 0.00000000, '2021-07-03 13:18:48', '2021-08-19 19:08:07'),
(24, 25, 0, 0, 22, 2, 0.00000000, 0.00000000, '2021-07-03 13:23:22', '2021-07-17 01:45:00'),
(25, 26, 0, 16, 0, 37, 0.00000000, 0.00000000, '2021-07-07 10:49:44', '2021-08-22 03:04:21'),
(26, 27, 0, 16, 0, 36, 0.00000000, 0.00000000, '2021-07-07 11:02:54', '2021-08-22 03:04:21'),
(27, 28, 0, 16, 0, 35, 0.00000000, 0.00000000, '2021-07-07 11:11:50', '2021-08-22 03:04:21'),
(28, 29, 16, 0, 34, 0, 0.00000000, 0.00000000, '2021-07-07 11:18:45', '2021-08-22 03:04:21'),
(29, 30, 1, 14, 7, 26, 12.00000000, 494.24000000, '2021-07-08 04:14:46', '2021-08-22 03:09:34'),
(30, 31, 0, 14, 0, 26, 0.00000000, 0.00000000, '2021-07-08 04:34:21', '2021-08-22 03:04:21'),
(31, 32, 9, 4, 22, 4, 356.00000000, 126.24000000, '2021-07-08 04:43:12', '2021-08-22 03:09:34'),
(32, 33, 0, 4, 0, 3, 0.00000000, 0.00000000, '2021-07-08 04:53:17', '2021-08-13 07:40:22'),
(33, 34, 3, 0, 13, 0, 0.00000000, 0.00000000, '2021-07-09 11:49:19', '2021-08-19 19:08:07'),
(34, 35, 3, 0, 12, 0, 0.00000000, 0.00000000, '2021-07-09 11:51:48', '2021-08-19 19:08:07'),
(35, 36, 3, 0, 11, 0, 0.00000000, 0.00000000, '2021-07-09 11:56:05', '2021-08-19 19:08:07'),
(36, 37, 3, 0, 10, 0, 0.00000000, 0.00000000, '2021-07-09 11:57:52', '2021-08-19 19:08:07'),
(37, 38, 3, 0, 9, 0, 0.00000000, 0.00000000, '2021-07-10 00:42:41', '2021-08-19 19:08:07'),
(38, 39, 3, 0, 8, 0, 0.00000000, 0.00000000, '2021-07-10 00:47:20', '2021-08-19 19:08:07'),
(39, 40, 3, 0, 7, 0, 0.00000000, 0.00000000, '2021-07-10 08:33:43', '2021-08-19 19:08:07'),
(40, 41, 3, 0, 6, 0, 0.00000000, 0.00000000, '2021-07-10 08:38:13', '2021-08-19 19:08:07'),
(41, 42, 0, 0, 21, 0, 0.00000000, 0.00000000, '2021-07-10 08:40:49', '2021-07-17 01:37:01'),
(42, 43, 0, 0, 20, 0, 0.00000000, 0.00000000, '2021-07-10 08:42:59', '2021-07-17 01:37:01'),
(43, 44, 0, 0, 19, 0, 0.00000000, 0.00000000, '2021-07-10 08:45:20', '2021-07-17 01:37:00'),
(44, 45, 0, 0, 18, 0, 0.00000000, 0.00000000, '2021-07-10 08:47:01', '2021-07-17 01:37:00'),
(45, 46, 0, 0, 17, 0, 0.00000000, 0.00000000, '2021-07-10 08:57:56', '2021-07-17 01:36:58'),
(46, 47, 3, 0, 5, 0, 0.00000000, 0.00000000, '2021-07-10 09:03:03', '2021-08-19 19:08:07'),
(47, 48, 0, 0, 16, 0, 0.00000000, 0.00000000, '2021-07-10 09:05:35', '2021-07-17 01:36:57'),
(48, 49, 0, 0, 15, 0, 0.00000000, 0.00000000, '2021-07-10 09:28:05', '2021-07-17 01:36:57'),
(49, 50, 0, 0, 14, 0, 0.00000000, 0.00000000, '2021-07-10 09:29:47', '2021-07-17 01:36:57'),
(50, 51, 0, 0, 13, 0, 0.00000000, 0.00000000, '2021-07-10 09:32:33', '2021-07-17 01:36:56'),
(51, 52, 0, 0, 12, 0, 0.00000000, 0.00000000, '2021-07-10 09:34:04', '2021-07-17 01:36:56'),
(52, 53, 0, 0, 11, 0, 0.00000000, 0.00000000, '2021-07-10 09:38:15', '2021-07-17 01:36:56'),
(53, 54, 3, 0, 4, 0, 0.00000000, 0.00000000, '2021-07-10 09:40:09', '2021-08-19 19:08:07'),
(54, 55, 3, 0, 3, 0, 0.00000000, 0.00000000, '2021-07-10 09:42:09', '2021-08-19 19:08:07'),
(55, 56, 0, 0, 10, 0, 0.00000000, 0.00000000, '2021-07-10 09:44:21', '2021-07-17 01:36:56'),
(56, 57, 0, 0, 9, 0, 0.00000000, 0.00000000, '2021-07-10 09:45:49', '2021-07-17 01:36:55'),
(57, 58, 0, 0, 8, 0, 0.00000000, 0.00000000, '2021-07-10 09:47:42', '2021-07-17 01:36:55'),
(58, 59, 0, 0, 7, 0, 0.00000000, 0.00000000, '2021-07-10 09:50:21', '2021-07-17 01:36:55'),
(59, 60, 0, 0, 0, 1, 0.00000000, 0.00000000, '2021-07-10 09:54:01', '2021-07-17 01:45:00'),
(60, 61, 3, 0, 2, 0, 0.00000000, 0.00000000, '2021-07-10 09:55:41', '2021-08-19 19:08:07'),
(61, 62, 0, 0, 6, 0, 0.00000000, 0.00000000, '2021-07-10 09:57:11', '2021-07-17 01:36:55'),
(62, 63, 0, 0, 5, 0, 0.00000000, 0.00000000, '2021-07-10 09:58:46', '2021-07-17 01:36:54'),
(63, 64, 0, 0, 4, 0, 0.00000000, 0.00000000, '2021-07-10 10:00:14', '2021-07-17 01:36:54'),
(64, 65, 0, 0, 3, 0, 0.00000000, 0.00000000, '2021-07-10 10:03:26', '2021-07-17 01:36:54'),
(65, 66, 0, 0, 2, 0, 0.00000000, 0.00000000, '2021-07-10 10:04:50', '2021-07-17 01:36:53'),
(66, 67, 0, 0, 1, 0, 0.00000000, 0.00000000, '2021-07-10 10:06:19', '2021-07-17 01:36:53'),
(67, 68, 0, 0, 0, 0, 0.00000000, 0.00000000, '2021-07-17 01:36:51', '2021-07-17 01:36:51'),
(68, 69, 3, 0, 1, 0, 0.00000000, 0.00000000, '2021-07-17 01:40:18', '2021-08-19 19:08:07'),
(69, 70, 0, 0, 0, 0, 0.00000000, 0.00000000, '2021-07-17 01:44:59', '2021-07-17 01:44:59'),
(70, 71, 8, 0, 22, 0, 236.00000000, 0.00000000, '2021-07-18 02:08:14', '2021-08-22 03:09:34'),
(71, 72, 2, 0, 1, 0, 24.00000000, 0.00000000, '2021-07-31 12:18:30', '2021-08-19 19:08:07'),
(72, 73, 1, 0, 1, 0, 12.00000000, 0.00000000, '2021-07-31 12:31:12', '2021-08-19 19:08:07'),
(73, 74, 0, 0, 1, 0, 0.00000000, 0.00000000, '2021-07-31 12:42:36', '2021-08-19 19:08:07'),
(74, 75, 4, 3, 12, 10, 152.00000000, 72.00000000, '2021-08-03 07:46:25', '2021-08-22 03:09:34'),
(75, 76, 4, 0, 11, 0, 0.00000000, 0.00000000, '2021-08-03 08:18:48', '2021-08-22 02:45:19'),
(76, 77, 0, 2, 7, 2, 8.00000000, 8.00000000, '2021-08-04 03:54:51', '2021-08-22 02:53:03'),
(77, 78, 0, 0, 0, 0, 0.00000000, 0.00000000, '2021-08-04 03:55:30', '2021-08-04 03:55:30'),
(78, 79, 0, 0, 0, 0, 0.00000000, 0.00000000, '2021-08-04 12:34:34', '2021-08-04 12:34:34'),
(79, 80, 0, 3, 0, 3, 0.00000000, 114.24000000, '2021-08-04 12:47:56', '2021-08-14 08:36:25'),
(80, 81, 0, 2, 0, 3, 0.00000000, 20.24000000, '2021-08-04 13:29:39', '2021-08-14 08:36:25'),
(81, 82, 0, 3, 0, 9, 0.00000000, 32.00000000, '2021-08-04 13:34:12', '2021-08-22 03:09:34'),
(82, 83, 1, 0, 2, 1, 4.00000000, 4.24000000, '2021-08-06 07:32:54', '2021-08-14 08:36:24'),
(83, 84, 0, 2, 0, 1, 0.00000000, 0.00000000, '2021-08-06 08:22:59', '2021-08-08 07:27:40'),
(84, 85, 1, 0, 0, 1, 4.00000000, 0.00000000, '2021-08-06 08:52:55', '2021-08-08 07:27:40'),
(85, 86, 1, 0, 6, 0, 0.00000000, 0.00000000, '2021-08-07 02:12:43', '2021-08-21 08:00:45'),
(86, 87, 1, 0, 5, 0, 0.00000000, 0.00000000, '2021-08-07 03:53:27', '2021-08-21 08:00:45'),
(87, 88, 0, 0, 0, 0, 0.00000000, 0.00000000, '2021-08-07 04:14:21', '2021-08-07 04:14:21'),
(88, 89, 0, 0, 5, 1, 4.00000000, 0.00000000, '2021-08-07 08:00:56', '2021-08-22 02:53:03'),
(89, 90, 0, 2, 5, 4, 16.00000000, 48.00000000, '2021-08-07 10:40:35', '2021-08-22 03:09:33'),
(90, 91, 0, 0, 4, 0, 0.00000000, 0.00000000, '2021-08-08 01:18:42', '2021-08-22 02:45:19'),
(91, 92, 0, 0, 3, 0, 0.00000000, 0.00000000, '2021-08-08 03:21:06', '2021-08-22 02:45:18'),
(92, 93, 0, 1, 2, 2, 12.00000000, 32.00000000, '2021-08-08 03:22:18', '2021-08-20 10:47:45'),
(93, 94, 0, 0, 1, 1, 24.00000000, 4.00000000, '2021-08-08 05:03:47', '2021-08-16 11:45:54'),
(94, 95, 0, 0, 0, 0, 0.00000000, 0.00000000, '2021-08-08 07:27:40', '2021-08-08 07:27:40'),
(95, 97, 0, 0, 0, 0, 0.00000000, 0.00000000, '2021-08-08 09:11:50', '2021-08-08 09:11:50'),
(96, 96, 0, 0, 0, 0, 0.00000000, 0.00000000, '2021-08-08 09:11:50', '2021-08-08 09:11:50'),
(97, 98, 0, 0, 2, 0, 0.00000000, 0.00000000, '2021-08-08 20:10:42', '2021-08-22 02:45:18'),
(98, 99, 1, 0, 4, 0, 0.00000000, 0.00000000, '2021-08-09 05:19:27', '2021-08-21 08:00:45'),
(99, 100, 0, 0, 4, 0, 8.00000000, 0.00000000, '2021-08-09 05:30:09', '2021-08-21 08:13:33'),
(100, 101, 1, 0, 1, 0, 0.00000000, 0.00000000, '2021-08-09 06:58:41', '2021-08-09 07:25:42'),
(101, 102, 1, 0, 0, 0, 0.00000000, 0.00000000, '2021-08-09 07:09:30', '2021-08-09 07:25:42'),
(102, 103, 0, 0, 0, 0, 0.00000000, 0.00000000, '2021-08-09 07:18:15', '2021-08-09 07:18:15'),
(103, 104, 0, 0, 0, 0, 0.00000000, 0.00000000, '2021-08-13 07:40:22', '2021-08-13 07:40:22'),
(104, 105, 0, 0, 0, 0, 0.00000000, 0.00000000, '2021-08-14 00:24:00', '2021-08-14 00:24:00'),
(105, 106, 0, 0, 1, 0, 4.00000000, 0.00000000, '2021-08-15 08:57:08', '2021-08-20 10:47:45'),
(106, 107, 0, 0, 0, 0, 0.00000000, 0.00000000, '2021-08-15 23:50:29', '2021-08-15 23:50:29'),
(107, 108, 0, 0, 3, 0, 0.00000000, 0.00000000, '2021-08-17 09:33:51', '2021-08-21 08:00:45'),
(108, 109, 0, 0, 2, 0, 4.00000000, 0.00000000, '2021-08-17 09:47:38', '2021-08-21 08:13:33'),
(109, 110, 0, 0, 1, 0, 0.00000000, 0.00000000, '2021-08-17 09:52:32', '2021-08-21 08:00:45'),
(110, 111, 0, 0, 0, 2, 0.00000000, 0.00000000, '2021-08-18 17:01:35', '2021-08-18 17:30:38'),
(111, 112, 0, 0, 0, 0, 0.00000000, 0.00000000, '2021-08-18 17:24:47', '2021-08-18 17:24:47'),
(112, 113, 0, 0, 0, 0, 0.00000000, 0.00000000, '2021-08-18 17:30:38', '2021-08-18 17:30:38'),
(113, 114, 0, 0, 0, 0, 0.00000000, 0.00000000, '2021-08-19 19:08:06', '2021-08-19 19:08:06'),
(114, 115, 0, 0, 0, 0, 0.00000000, 0.00000000, '2021-08-19 21:20:47', '2021-08-19 21:20:47'),
(115, 116, 0, 0, 4, 0, 0.00000000, 0.00000000, '2021-08-19 22:51:36', '2021-08-22 03:04:21'),
(116, 117, 0, 0, 3, 0, 12.00000000, 0.00000000, '2021-08-19 23:01:24', '2021-08-22 03:09:33'),
(117, 118, 0, 0, 2, 0, 8.00000000, 0.00000000, '2021-08-19 23:04:40', '2021-08-22 03:09:33'),
(118, 119, 0, 0, 0, 0, 0.00000000, 0.00000000, '2021-08-20 00:44:10', '2021-08-20 00:44:10'),
(119, 120, 0, 0, 1, 0, 0.00000000, 0.00000000, '2021-08-21 02:23:22', '2021-08-22 02:45:18'),
(120, 121, 0, 0, 0, 0, 0.00000000, 0.00000000, '2021-08-21 08:00:45', '2021-08-21 08:00:45'),
(121, 122, 0, 0, 0, 0, 0.00000000, 0.00000000, '2021-08-22 02:45:17', '2021-08-22 02:45:17'),
(122, 123, 0, 0, 0, 1, 0.00000000, 4.00000000, '2021-08-22 02:52:56', '2021-08-22 03:09:32'),
(123, 124, 0, 0, 0, 0, 0.00000000, 0.00000000, '2021-08-22 03:04:20', '2021-08-22 03:04:20');

-- --------------------------------------------------------

--
-- Table structure for table `user_logins`
--

CREATE TABLE `user_logins` (
  `id` bigint(20) UNSIGNED NOT NULL,
  `user_id` int(11) NOT NULL,
  `user_ip` varchar(50) COLLATE utf8mb4_unicode_ci DEFAULT NULL,
  `location` varchar(91) COLLATE utf8mb4_unicode_ci DEFAULT NULL,
  `browser` varchar(50) COLLATE utf8mb4_unicode_ci DEFAULT NULL,
  `os` varchar(50) COLLATE utf8mb4_unicode_ci DEFAULT NULL,
  `longitude` varchar(25) COLLATE utf8mb4_unicode_ci DEFAULT NULL,
  `latitude` varchar(25) COLLATE utf8mb4_unicode_ci DEFAULT NULL,
  `country` varchar(30) COLLATE utf8mb4_unicode_ci DEFAULT NULL,
  `country_code` varchar(15) COLLATE utf8mb4_unicode_ci DEFAULT NULL,
  `created_at` timestamp NULL DEFAULT NULL,
  `updated_at` timestamp NULL DEFAULT NULL
) ENGINE=InnoDB DEFAULT CHARSET=utf8mb4 COLLATE=utf8mb4_unicode_ci;

--
-- Dumping data for table `user_logins`
--

INSERT INTO `user_logins` (`id`, `user_id`, `user_ip`, `location`, `browser`, `os`, `longitude`, `latitude`, `country`, `country_code`, `created_at`, `updated_at`) VALUES
(1, 23, '116.58.202.181', 'Dhaka - - Bangladesh - BD ', 'Handheld Browser', 'Android', '90.4263', '23.7011', 'Bangladesh', 'BD', '2021-07-03 13:13:13', '2021-07-03 13:13:13'),
(2, 24, '116.58.202.181', 'Dhaka - - Bangladesh - BD ', 'Chrome', 'Linux', '90.4263', '23.7011', 'Bangladesh', 'BD', '2021-07-03 13:18:48', '2021-07-03 13:18:48'),
(3, 25, '116.58.202.181', 'Dhaka - - Bangladesh - BD ', 'Chrome', 'Windows Server 2003/XP x64', '90.4263', '23.7011', 'Bangladesh', 'BD', '2021-07-03 13:23:22', '2021-07-03 13:23:22'),
(4, 23, '116.58.202.181', 'Dhaka - - Bangladesh - BD ', 'Handheld Browser', 'Android', '90.4263', '23.7011', 'Bangladesh', 'BD', '2021-07-03 13:45:06', '2021-07-03 13:45:06'),
(5, 23, '116.58.202.181', 'Dhaka - - Bangladesh - BD ', 'Handheld Browser', 'Android', '90.4263', '23.7011', 'Bangladesh', 'BD', '2021-07-03 15:26:59', '2021-07-03 15:26:59'),
(6, 23, '116.58.202.181', 'Dhaka - - Bangladesh - BD ', 'Chrome', 'Linux', '90.4263', '23.7011', 'Bangladesh', 'BD', '2021-07-03 15:41:39', '2021-07-03 15:41:39'),
(7, 23, '116.58.202.176', 'Dhaka - - Bangladesh - BD ', 'Handheld Browser', 'Android', '90.4263', '23.7011', 'Bangladesh', 'BD', '2021-07-03 20:14:53', '2021-07-03 20:14:53'),
(8, 23, '37.111.224.251', 'Dhaka - - Bangladesh - BD ', 'Chrome', 'Linux', '90.4093', '23.7272', 'Bangladesh', 'BD', '2021-07-03 22:56:58', '2021-07-03 22:56:58'),
(9, 23, '103.161.226.201', ' - -  -  ', 'Chrome', 'Windows 10', '', '', '', '', '2021-07-04 02:00:20', '2021-07-04 02:00:20'),
(10, 23, '116.58.202.183', 'Dhaka - - Bangladesh - BD ', 'Handheld Browser', 'Android', '90.4263', '23.7011', 'Bangladesh', 'BD', '2021-07-04 02:03:30', '2021-07-04 02:03:30'),
(11, 23, '103.161.226.201', ' - -  -  ', 'Chrome', 'Windows 10', '', '', '', '', '2021-07-04 02:21:44', '2021-07-04 02:21:44'),
(12, 23, '116.58.205.133', 'Dhaka - - Bangladesh - BD ', 'Handheld Browser', 'Android', '90.4093', '23.7272', 'Bangladesh', 'BD', '2021-07-04 04:46:33', '2021-07-04 04:46:33'),
(13, 23, '103.161.226.201', ' - -  -  ', 'Chrome', 'Windows 10', '', '', '', '', '2021-07-04 04:47:54', '2021-07-04 04:47:54'),
(14, 23, '103.230.105.57', 'Dhaka - - Bangladesh - BD ', 'Chrome', 'Windows 10', '90.4082', '23.8483', 'Bangladesh', 'BD', '2021-07-04 05:00:27', '2021-07-04 05:00:27'),
(15, 23, '116.58.205.133', 'Dhaka - - Bangladesh - BD ', 'Handheld Browser', 'Android', '90.4093', '23.7272', 'Bangladesh', 'BD', '2021-07-04 05:47:04', '2021-07-04 05:47:04'),
(16, 23, '37.111.226.134', 'Birganj - - Bangladesh - BD ', 'Handheld Browser', 'Android', '88.654', '25.8623', 'Bangladesh', 'BD', '2021-07-04 06:41:22', '2021-07-04 06:41:22'),
(17, 23, '116.58.205.131', 'Dhaka - - Bangladesh - BD ', 'Handheld Browser', 'Android', '90.4093', '23.7272', 'Bangladesh', 'BD', '2021-07-04 10:21:03', '2021-07-04 10:21:03'),
(18, 23, '116.58.205.131', 'Dhaka - - Bangladesh - BD ', 'Handheld Browser', 'Android', '90.4093', '23.7272', 'Bangladesh', 'BD', '2021-07-04 11:26:47', '2021-07-04 11:26:47'),
(19, 23, '162.158.167.211', 'Dhaka - - Bangladesh - BD ', 'Handheld Browser', 'Android', '90.4093', '23.7272', 'Bangladesh', 'BD', '2021-07-04 21:05:05', '2021-07-04 21:05:05'),
(20, 24, '116.58.205.131', 'Dhaka - - Bangladesh - BD ', 'Chrome', 'Linux', '90.4093', '23.7272', 'Bangladesh', 'BD', '2021-07-04 21:17:50', '2021-07-04 21:17:50'),
(21, 23, '116.58.205.131', 'Dhaka - - Bangladesh - BD ', 'Handheld Browser', 'Android', '90.4093', '23.7272', 'Bangladesh', 'BD', '2021-07-04 21:19:37', '2021-07-04 21:19:37'),
(22, 23, '43.245.123.179', 'Dhaka - - Bangladesh - BD ', 'Handheld Browser', 'Android', '90.4263', '23.7011', 'Bangladesh', 'BD', '2021-07-05 00:12:28', '2021-07-05 00:12:28'),
(23, 23, '43.245.123.179', 'Dhaka - - Bangladesh - BD ', 'Handheld Browser', 'Android', '90.4263', '23.7011', 'Bangladesh', 'BD', '2021-07-05 00:24:50', '2021-07-05 00:24:50'),
(24, 25, '43.245.123.179', 'Dhaka - - Bangladesh - BD ', 'Chrome', 'Windows Server 2003/XP x64', '90.4263', '23.7011', 'Bangladesh', 'BD', '2021-07-05 00:28:06', '2021-07-05 00:28:06'),
(25, 25, '172.68.231.135', ' - -  -  ', 'Chrome', 'Windows 10', '', '', '', '', '2021-07-05 00:54:02', '2021-07-05 00:54:02'),
(26, 23, '172.68.231.131', ' - -  -  ', 'Firefox', 'Windows 10', '', '', '', '', '2021-07-05 00:55:50', '2021-07-05 00:55:50'),
(27, 23, '172.69.135.171', 'Dhaka - - Bangladesh - BD ', 'Handheld Browser', 'Android', '90.4254', '23.7518', 'Bangladesh', 'BD', '2021-07-05 03:33:45', '2021-07-05 03:33:45'),
(28, 23, '103.67.159.161', 'Dhaka - - Bangladesh - BD ', 'Handheld Browser', 'Android', '90.4109', '23.7908', 'Bangladesh', 'BD', '2021-07-05 23:29:49', '2021-07-05 23:29:49'),
(29, 23, '37.111.232.35', 'Bogra - - Bangladesh - BD ', 'Handheld Browser', 'Android', '89.3138', '24.806', 'Bangladesh', 'BD', '2021-07-06 01:45:10', '2021-07-06 01:45:10'),
(30, 24, '103.140.63.12', ' - - Bangladesh - BD ', 'Chrome', 'Windows 7', '90.3742', '23.7018', 'Bangladesh', 'BD', '2021-07-06 04:35:39', '2021-07-06 04:35:39'),
(31, 23, '43.245.121.184', 'Dhaka - - Bangladesh - BD ', 'Handheld Browser', 'Android', '90.4093', '23.7272', 'Bangladesh', 'BD', '2021-07-06 04:41:17', '2021-07-06 04:41:17'),
(32, 24, '103.96.105.186', 'Jigatala - - Bangladesh - BD ', 'Chrome', 'Windows 10', '90.0998', '24.8031', 'Bangladesh', 'BD', '2021-07-06 04:59:10', '2021-07-06 04:59:10'),
(33, 23, '119.160.103.54', 'Lahore - - Pakistan - PK ', 'Chrome', 'Windows 10', '74.3686', '31.4888', 'Pakistan', 'PK', '2021-07-06 05:26:15', '2021-07-06 05:26:15'),
(34, 23, '116.58.205.66', 'Dhaka - - Bangladesh - BD ', 'Handheld Browser', 'Android', '90.4093', '23.7272', 'Bangladesh', 'BD', '2021-07-06 09:59:55', '2021-07-06 09:59:55'),
(35, 23, '103.156.223.2', ' - - Bangladesh - BD ', 'Firefox', 'Windows 10', '90.3742', '23.7018', 'Bangladesh', 'BD', '2021-07-06 10:31:01', '2021-07-06 10:31:01'),
(36, 25, '116.58.205.66', 'Dhaka - - Bangladesh - BD ', 'Handheld Browser', 'Android', '90.4093', '23.7272', 'Bangladesh', 'BD', '2021-07-06 11:31:38', '2021-07-06 11:31:38'),
(37, 25, '116.58.205.66', 'Dhaka - - Bangladesh - BD ', 'Handheld Browser', 'Android', '90.4093', '23.7272', 'Bangladesh', 'BD', '2021-07-06 20:31:48', '2021-07-06 20:31:48'),
(38, 23, '116.58.205.66', 'Dhaka - - Bangladesh - BD ', 'Handheld Browser', 'Android', '90.4093', '23.7272', 'Bangladesh', 'BD', '2021-07-06 22:37:55', '2021-07-06 22:37:55'),
(39, 23, '43.245.120.34', 'Dhaka - - Bangladesh - BD ', 'Handheld Browser', 'Android', '90.4093', '23.7272', 'Bangladesh', 'BD', '2021-07-07 03:43:48', '2021-07-07 03:43:48'),
(40, 23, '103.156.223.2', ' - - Bangladesh - BD ', 'Firefox', 'Windows 10', '90.3742', '23.7018', 'Bangladesh', 'BD', '2021-07-07 08:11:58', '2021-07-07 08:11:58'),
(41, 23, '43.245.123.170', 'Dhaka - - Bangladesh - BD ', 'Handheld Browser', 'Android', '90.4263', '23.7011', 'Bangladesh', 'BD', '2021-07-07 08:28:02', '2021-07-07 08:28:02'),
(42, 24, '43.245.123.170', 'Dhaka - - Bangladesh - BD ', 'Handheld Browser', 'Android', '90.4263', '23.7011', 'Bangladesh', 'BD', '2021-07-07 08:29:22', '2021-07-07 08:29:22'),
(43, 23, '43.245.123.170', 'Dhaka - - Bangladesh - BD ', 'Handheld Browser', 'Android', '90.4263', '23.7011', 'Bangladesh', 'BD', '2021-07-07 10:19:37', '2021-07-07 10:19:37'),
(44, 26, '194.5.215.44', ' - - Romania - RO ', 'Handheld Browser', 'Android', '24.997', '45.9968', 'Romania', 'RO', '2021-07-07 10:49:44', '2021-07-07 10:49:44'),
(45, 27, '128.14.66.78', ' - - United States - US ', 'Handheld Browser', 'Android', '-97.822', '37.751', 'United States', 'US', '2021-07-07 11:02:54', '2021-07-07 11:02:54'),
(46, 27, '128.14.66.78', ' - - United States - US ', 'Handheld Browser', 'Android', '-97.822', '37.751', 'United States', 'US', '2021-07-07 11:07:23', '2021-07-07 11:07:23'),
(47, 28, '79.110.53.81', 'Las Vegas - - United States - US ', 'Handheld Browser', 'Android', '-115.1164', '36.1685', 'United States', 'US', '2021-07-07 11:11:50', '2021-07-07 11:11:50'),
(48, 28, '79.110.53.81', 'Las Vegas - - United States - US ', 'Handheld Browser', 'Android', '-115.1164', '36.1685', 'United States', 'US', '2021-07-07 11:14:11', '2021-07-07 11:14:11'),
(49, 29, '79.110.53.81', 'Las Vegas - - United States - US ', 'Handheld Browser', 'Android', '-115.1164', '36.1685', 'United States', 'US', '2021-07-07 11:18:45', '2021-07-07 11:18:45'),
(50, 23, '79.110.53.81', 'Las Vegas - - United States - US ', 'Handheld Browser', 'Android', '-115.1164', '36.1685', 'United States', 'US', '2021-07-07 11:25:01', '2021-07-07 11:25:01'),
(51, 23, '43.245.123.170', 'Dhaka - - Bangladesh - BD ', 'Handheld Browser', 'Android', '90.4263', '23.7011', 'Bangladesh', 'BD', '2021-07-07 20:26:57', '2021-07-07 20:26:57'),
(52, 23, '37.111.239.48', 'Dhaka - - Bangladesh - BD ', 'Handheld Browser', 'Android', '90.3628', '23.7701', 'Bangladesh', 'BD', '2021-07-08 01:28:41', '2021-07-08 01:28:41'),
(53, 23, '37.111.239.48', 'Dhaka - - Bangladesh - BD ', 'Handheld Browser', 'Android', '90.3628', '23.7701', 'Bangladesh', 'BD', '2021-07-08 03:43:38', '2021-07-08 03:43:38'),
(54, 29, '37.111.239.48', 'Dhaka - - Bangladesh - BD ', 'Handheld Browser', 'Android', '90.3628', '23.7701', 'Bangladesh', 'BD', '2021-07-08 03:57:41', '2021-07-08 03:57:41'),
(55, 30, '37.111.239.48', 'Dhaka - - Bangladesh - BD ', 'Handheld Browser', 'Android', '90.3628', '23.7701', 'Bangladesh', 'BD', '2021-07-08 04:14:46', '2021-07-08 04:14:46'),
(56, 31, '37.111.239.48', 'Dhaka - - Bangladesh - BD ', 'Handheld Browser', 'Android', '90.3628', '23.7701', 'Bangladesh', 'BD', '2021-07-08 04:34:21', '2021-07-08 04:34:21'),
(57, 32, '37.111.239.48', 'Dhaka - - Bangladesh - BD ', 'Handheld Browser', 'Android', '90.3628', '23.7701', 'Bangladesh', 'BD', '2021-07-08 04:43:12', '2021-07-08 04:43:12'),
(58, 33, '37.111.239.48', 'Dhaka - - Bangladesh - BD ', 'Handheld Browser', 'Android', '90.3628', '23.7701', 'Bangladesh', 'BD', '2021-07-08 04:53:17', '2021-07-08 04:53:17'),
(59, 32, '103.67.157.131', 'Dhaka - - Bangladesh - BD ', 'Handheld Browser', 'Android', '90.4093', '23.7272', 'Bangladesh', 'BD', '2021-07-08 10:31:30', '2021-07-08 10:31:30'),
(60, 32, '116.58.203.86', 'Dhaka - - Bangladesh - BD ', 'Handheld Browser', 'Android', '90.4263', '23.7011', 'Bangladesh', 'BD', '2021-07-08 13:38:53', '2021-07-08 13:38:53'),
(61, 32, '116.58.203.86', 'Dhaka - - Bangladesh - BD ', 'Handheld Browser', 'Android', '90.4263', '23.7011', 'Bangladesh', 'BD', '2021-07-08 20:56:10', '2021-07-08 20:56:10'),
(62, 32, '116.58.203.69', 'Dhaka - - Bangladesh - BD ', 'Handheld Browser', 'Android', '90.4263', '23.7011', 'Bangladesh', 'BD', '2021-07-09 03:00:19', '2021-07-09 03:00:19'),
(63, 32, '116.58.203.85', 'Dhaka - - Bangladesh - BD ', 'Handheld Browser', 'Android', '90.4263', '23.7011', 'Bangladesh', 'BD', '2021-07-09 05:58:25', '2021-07-09 05:58:25'),
(64, 23, '103.156.223.11', ' - - Bangladesh - BD ', 'Firefox', 'Windows 10', '90.3742', '23.7018', 'Bangladesh', 'BD', '2021-07-09 06:15:16', '2021-07-09 06:15:16'),
(65, 32, '116.58.201.55', 'Dhaka - - Bangladesh - BD ', 'Handheld Browser', 'Android', '90.4093', '23.7272', 'Bangladesh', 'BD', '2021-07-09 08:00:33', '2021-07-09 08:00:33'),
(66, 23, '103.156.223.11', ' - - Bangladesh - BD ', 'Firefox', 'Windows 10', '90.3742', '23.7018', 'Bangladesh', 'BD', '2021-07-09 09:33:48', '2021-07-09 09:33:48'),
(67, 34, '104.166.155.156', ' - - United States - US ', 'Handheld Browser', 'Android', '-97.822', '37.751', 'United States', 'US', '2021-07-09 11:49:19', '2021-07-09 11:49:19'),
(68, 35, '104.166.155.156', ' - - United States - US ', 'Handheld Browser', 'Android', '-97.822', '37.751', 'United States', 'US', '2021-07-09 11:51:48', '2021-07-09 11:51:48'),
(69, 36, '104.166.155.156', ' - - United States - US ', 'Handheld Browser', 'Android', '-97.822', '37.751', 'United States', 'US', '2021-07-09 11:56:04', '2021-07-09 11:56:04'),
(70, 37, '104.166.155.156', ' - - United States - US ', 'Handheld Browser', 'Android', '-97.822', '37.751', 'United States', 'US', '2021-07-09 11:57:52', '2021-07-09 11:57:52'),
(71, 23, '103.156.223.11', ' - - Bangladesh - BD ', 'Firefox', 'Windows 10', '90.3742', '23.7018', 'Bangladesh', 'BD', '2021-07-09 21:32:45', '2021-07-09 21:32:45'),
(72, 32, '116.58.201.55', 'Dhaka - - Bangladesh - BD ', 'Chrome', 'Windows Server 2003/XP x64', '90.4093', '23.7272', 'Bangladesh', 'BD', '2021-07-09 22:04:24', '2021-07-09 22:04:24'),
(73, 32, '51.83.249.179', ' - - France - FR ', 'Chrome', 'Windows Server 2003/XP x64', '2.3387', '48.8582', 'France', 'FR', '2021-07-10 00:35:49', '2021-07-10 00:35:49'),
(74, 38, '51.83.249.179', ' - - France - FR ', 'Chrome', 'Windows Server 2003/XP x64', '2.3387', '48.8582', 'France', 'FR', '2021-07-10 00:42:41', '2021-07-10 00:42:41'),
(75, 39, '51.83.249.179', ' - - France - FR ', 'Chrome', 'Windows Server 2003/XP x64', '2.3387', '48.8582', 'France', 'FR', '2021-07-10 00:47:20', '2021-07-10 00:47:20'),
(76, 30, '123.108.244.90', 'Dhaka - - Bangladesh - BD ', 'Handheld Browser', 'Android', '90.4109', '23.7908', 'Bangladesh', 'BD', '2021-07-10 00:50:45', '2021-07-10 00:50:45'),
(77, 40, '195.181.168.113', 'New York - - United States - US ', 'Chrome', 'Windows Server 2003/XP x64', '-74', '40.7157', 'United States', 'US', '2021-07-10 08:33:43', '2021-07-10 08:33:43'),
(78, 41, '195.181.168.113', 'New York - - United States - US ', 'Chrome', 'Windows Server 2003/XP x64', '-74', '40.7157', 'United States', 'US', '2021-07-10 08:38:13', '2021-07-10 08:38:13'),
(79, 42, '195.181.168.113', 'New York - - United States - US ', 'Chrome', 'Windows Server 2003/XP x64', '-74', '40.7157', 'United States', 'US', '2021-07-10 08:40:49', '2021-07-10 08:40:49'),
(80, 43, '195.181.168.113', 'New York - - United States - US ', 'Chrome', 'Windows Server 2003/XP x64', '-74', '40.7157', 'United States', 'US', '2021-07-10 08:42:59', '2021-07-10 08:42:59'),
(81, 44, '195.181.168.113', 'New York - - United States - US ', 'Chrome', 'Windows Server 2003/XP x64', '-74', '40.7157', 'United States', 'US', '2021-07-10 08:45:20', '2021-07-10 08:45:20'),
(82, 45, '195.181.168.113', 'New York - - United States - US ', 'Chrome', 'Windows Server 2003/XP x64', '-74', '40.7157', 'United States', 'US', '2021-07-10 08:47:00', '2021-07-10 08:47:00'),
(83, 46, '195.181.168.113', 'New York - - United States - US ', 'Chrome', 'Windows Server 2003/XP x64', '-74', '40.7157', 'United States', 'US', '2021-07-10 08:57:56', '2021-07-10 08:57:56'),
(84, 47, '195.181.168.113', 'New York - - United States - US ', 'Chrome', 'Windows Server 2003/XP x64', '-74', '40.7157', 'United States', 'US', '2021-07-10 09:03:03', '2021-07-10 09:03:03'),
(85, 48, '195.181.168.113', 'New York - - United States - US ', 'Chrome', 'Windows Server 2003/XP x64', '-74', '40.7157', 'United States', 'US', '2021-07-10 09:05:35', '2021-07-10 09:05:35'),
(86, 49, '195.181.168.113', 'New York - - United States - US ', 'Chrome', 'Windows Server 2003/XP x64', '-74', '40.7157', 'United States', 'US', '2021-07-10 09:28:05', '2021-07-10 09:28:05'),
(87, 50, '195.181.168.113', 'New York - - United States - US ', 'Chrome', 'Windows Server 2003/XP x64', '-74', '40.7157', 'United States', 'US', '2021-07-10 09:29:47', '2021-07-10 09:29:47'),
(88, 51, '195.181.168.113', 'New York - - United States - US ', 'Chrome', 'Windows Server 2003/XP x64', '-74', '40.7157', 'United States', 'US', '2021-07-10 09:32:33', '2021-07-10 09:32:33'),
(89, 52, '195.181.168.113', 'New York - - United States - US ', 'Chrome', 'Windows Server 2003/XP x64', '-74', '40.7157', 'United States', 'US', '2021-07-10 09:34:04', '2021-07-10 09:34:04'),
(90, 53, '195.181.168.113', 'New York - - United States - US ', 'Chrome', 'Windows Server 2003/XP x64', '-74', '40.7157', 'United States', 'US', '2021-07-10 09:38:15', '2021-07-10 09:38:15'),
(91, 54, '195.181.168.113', 'New York - - United States - US ', 'Chrome', 'Windows Server 2003/XP x64', '-74', '40.7157', 'United States', 'US', '2021-07-10 09:40:09', '2021-07-10 09:40:09'),
(92, 55, '195.181.168.113', 'New York - - United States - US ', 'Chrome', 'Windows Server 2003/XP x64', '-74', '40.7157', 'United States', 'US', '2021-07-10 09:42:09', '2021-07-10 09:42:09'),
(93, 56, '195.181.168.113', 'New York - - United States - US ', 'Chrome', 'Windows Server 2003/XP x64', '-74', '40.7157', 'United States', 'US', '2021-07-10 09:44:21', '2021-07-10 09:44:21'),
(94, 57, '195.181.168.113', 'New York - - United States - US ', 'Chrome', 'Windows Server 2003/XP x64', '-74', '40.7157', 'United States', 'US', '2021-07-10 09:45:49', '2021-07-10 09:45:49'),
(95, 58, '195.181.168.113', 'New York - - United States - US ', 'Chrome', 'Windows Server 2003/XP x64', '-74', '40.7157', 'United States', 'US', '2021-07-10 09:47:42', '2021-07-10 09:47:42'),
(96, 59, '195.181.168.113', 'New York - - United States - US ', 'Chrome', 'Windows Server 2003/XP x64', '-74', '40.7157', 'United States', 'US', '2021-07-10 09:50:21', '2021-07-10 09:50:21'),
(97, 60, '195.181.168.113', 'New York - - United States - US ', 'Chrome', 'Windows Server 2003/XP x64', '-74', '40.7157', 'United States', 'US', '2021-07-10 09:54:01', '2021-07-10 09:54:01'),
(98, 61, '195.181.168.113', 'New York - - United States - US ', 'Chrome', 'Windows Server 2003/XP x64', '-74', '40.7157', 'United States', 'US', '2021-07-10 09:55:41', '2021-07-10 09:55:41'),
(99, 62, '195.181.168.113', 'New York - - United States - US ', 'Chrome', 'Windows Server 2003/XP x64', '-74', '40.7157', 'United States', 'US', '2021-07-10 09:57:11', '2021-07-10 09:57:11'),
(100, 63, '195.181.168.113', 'New York - - United States - US ', 'Chrome', 'Windows Server 2003/XP x64', '-74', '40.7157', 'United States', 'US', '2021-07-10 09:58:46', '2021-07-10 09:58:46'),
(101, 64, '195.181.168.113', 'New York - - United States - US ', 'Chrome', 'Windows Server 2003/XP x64', '-74', '40.7157', 'United States', 'US', '2021-07-10 10:00:14', '2021-07-10 10:00:14'),
(102, 65, '195.181.168.113', 'New York - - United States - US ', 'Chrome', 'Windows Server 2003/XP x64', '-74', '40.7157', 'United States', 'US', '2021-07-10 10:03:26', '2021-07-10 10:03:26'),
(103, 66, '195.181.168.113', 'New York - - United States - US ', 'Chrome', 'Windows Server 2003/XP x64', '-74', '40.7157', 'United States', 'US', '2021-07-10 10:04:50', '2021-07-10 10:04:50'),
(104, 67, '195.181.168.113', 'New York - - United States - US ', 'Chrome', 'Windows Server 2003/XP x64', '-74', '40.7157', 'United States', 'US', '2021-07-10 10:06:19', '2021-07-10 10:06:19'),
(105, 32, '195.181.168.81', 'New York - - United States - US ', 'Chrome', 'Windows Server 2003/XP x64', '-74', '40.7157', 'United States', 'US', '2021-07-11 13:39:09', '2021-07-11 13:39:09'),
(106, 32, '195.181.168.81', 'New York - - United States - US ', 'Chrome', 'Windows Server 2003/XP x64', '-74', '40.7157', 'United States', 'US', '2021-07-11 13:39:09', '2021-07-11 13:39:09'),
(107, 32, '195.181.168.32', 'New York - - United States - US ', 'Handheld Browser', 'Android', '-74', '40.7157', 'United States', 'US', '2021-07-12 02:26:01', '2021-07-12 02:26:01'),
(108, 32, '178.162.197.95', ' - - Germany - DE ', 'Chrome', 'Windows Server 2003/XP x64', '9.491', '51.2993', 'Germany', 'DE', '2021-07-12 13:26:23', '2021-07-12 13:26:23'),
(109, 23, '103.156.223.11', ' - - Bangladesh - BD ', 'Firefox', 'Windows 10', '90.3742', '23.7018', 'Bangladesh', 'BD', '2021-07-12 23:13:31', '2021-07-12 23:13:31'),
(110, 24, '103.156.223.11', ' - - Bangladesh - BD ', 'Firefox', 'Windows 10', '90.3742', '23.7018', 'Bangladesh', 'BD', '2021-07-12 23:18:31', '2021-07-12 23:18:31'),
(111, 24, '51.15.53.36', 'Haarlem - - Netherlands - NL ', 'Handheld Browser', 'Android', '4.6361', '52.3812', 'Netherlands', 'NL', '2021-07-12 23:20:20', '2021-07-12 23:20:20'),
(112, 25, '116.58.201.75', 'Dhaka - - Bangladesh - BD ', 'Chrome', 'Windows Server 2003/XP x64', '90.4093', '23.7272', 'Bangladesh', 'BD', '2021-07-13 00:48:10', '2021-07-13 00:48:10'),
(113, 24, '103.156.223.11', ' - - Bangladesh - BD ', 'Firefox', 'Windows 10', '90.3742', '23.7018', 'Bangladesh', 'BD', '2021-07-13 01:10:20', '2021-07-13 01:10:20'),
(114, 25, '43.245.123.20', 'Dhaka - - Bangladesh - BD ', 'Chrome', 'Windows Server 2003/XP x64', '90.4263', '23.7011', 'Bangladesh', 'BD', '2021-07-13 03:36:21', '2021-07-13 03:36:21'),
(115, 25, '37.111.224.17', 'Dhaka - - Bangladesh - BD ', 'Chrome', 'Windows Server 2003/XP x64', '90.4093', '23.7272', 'Bangladesh', 'BD', '2021-07-13 22:50:28', '2021-07-13 22:50:28'),
(116, 25, '45.124.171.169', ' - - Bangladesh - BD ', 'Handheld Browser', 'Android', '90.3742', '23.7018', 'Bangladesh', 'BD', '2021-07-13 23:06:41', '2021-07-13 23:06:41'),
(117, 24, '103.156.223.2', ' - - Bangladesh - BD ', 'Firefox', 'Windows 10', '90.3742', '23.7018', 'Bangladesh', 'BD', '2021-07-14 02:43:44', '2021-07-14 02:43:44'),
(118, 25, '103.67.158.111', 'Dhaka - - Bangladesh - BD ', 'Chrome', 'Windows Server 2003/XP x64', '90.4254', '23.7518', 'Bangladesh', 'BD', '2021-07-14 05:48:56', '2021-07-14 05:48:56'),
(119, 32, '103.67.158.111', 'Dhaka - - Bangladesh - BD ', 'Chrome', 'Windows Server 2003/XP x64', '90.4254', '23.7518', 'Bangladesh', 'BD', '2021-07-14 05:52:19', '2021-07-14 05:52:19'),
(120, 32, '116.58.200.84', 'Dhaka - - Bangladesh - BD ', 'Chrome', 'Windows Server 2003/XP x64', '90.4093', '23.7272', 'Bangladesh', 'BD', '2021-07-16 03:55:55', '2021-07-16 03:55:55'),
(121, 23, '116.58.200.84', 'Dhaka - - Bangladesh - BD ', 'Chrome', 'Windows Server 2003/XP x64', '90.4093', '23.7272', 'Bangladesh', 'BD', '2021-07-16 03:57:04', '2021-07-16 03:57:04'),
(122, 23, '103.156.223.4', ' - - Bangladesh - BD ', 'Firefox', 'Windows 10', '90.3742', '23.7018', 'Bangladesh', 'BD', '2021-07-16 15:33:03', '2021-07-16 15:33:03'),
(123, 39, '116.58.201.218', 'Dhaka - - Bangladesh - BD ', 'Chrome', 'Windows Server 2003/XP x64', '90.4109', '23.7908', 'Bangladesh', 'BD', '2021-07-16 22:54:38', '2021-07-16 22:54:38'),
(124, 68, '37.111.248.235', 'Dhaka - - Bangladesh - BD ', 'Chrome', 'Windows Server 2003/XP x64', '90.4093', '23.7272', 'Bangladesh', 'BD', '2021-07-17 01:36:50', '2021-07-17 01:36:50'),
(125, 69, '37.111.248.235', 'Dhaka - - Bangladesh - BD ', 'Chrome', 'Windows Server 2003/XP x64', '90.4093', '23.7272', 'Bangladesh', 'BD', '2021-07-17 01:40:18', '2021-07-17 01:40:18'),
(126, 70, '37.111.248.235', 'Dhaka - - Bangladesh - BD ', 'Chrome', 'Windows Server 2003/XP x64', '90.4093', '23.7272', 'Bangladesh', 'BD', '2021-07-17 01:44:59', '2021-07-17 01:44:59'),
(127, 30, '37.111.248.235', 'Dhaka - - Bangladesh - BD ', 'Handheld Browser', 'Android', '90.4093', '23.7272', 'Bangladesh', 'BD', '2021-07-17 02:04:06', '2021-07-17 02:04:06'),
(128, 23, '103.156.223.14', ' - - Bangladesh - BD ', 'Firefox', 'Windows 10', '90.3742', '23.7018', 'Bangladesh', 'BD', '2021-07-17 02:07:32', '2021-07-17 02:07:32'),
(129, 30, '37.111.238.72', 'Dhaka - - Bangladesh - BD ', 'Chrome', 'Windows Server 2003/XP x64', '90.4093', '23.7272', 'Bangladesh', 'BD', '2021-07-17 03:02:28', '2021-07-17 03:02:28'),
(130, 23, '103.156.223.14', ' - - Bangladesh - BD ', 'Firefox', 'Windows 10', '90.3742', '23.7018', 'Bangladesh', 'BD', '2021-07-17 03:02:45', '2021-07-17 03:02:45'),
(131, 32, '37.111.238.72', 'Dhaka - - Bangladesh - BD ', 'Chrome', 'Windows Server 2003/XP x64', '90.4093', '23.7272', 'Bangladesh', 'BD', '2021-07-17 03:21:21', '2021-07-17 03:21:21'),
(132, 23, '37.111.238.72', 'Dhaka - - Bangladesh - BD ', 'Chrome', 'Windows Server 2003/XP x64', '90.4093', '23.7272', 'Bangladesh', 'BD', '2021-07-17 03:24:26', '2021-07-17 03:24:26'),
(133, 24, '103.156.223.14', ' - - Bangladesh - BD ', 'Firefox', 'Windows 10', '90.3742', '23.7018', 'Bangladesh', 'BD', '2021-07-17 03:26:51', '2021-07-17 03:26:51'),
(134, 70, '37.111.238.201', 'Dhaka - - Bangladesh - BD ', 'Chrome', 'Windows Server 2003/XP x64', '90.4093', '23.7272', 'Bangladesh', 'BD', '2021-07-18 01:55:14', '2021-07-18 01:55:14'),
(135, 71, '37.111.238.201', 'Dhaka - - Bangladesh - BD ', 'Chrome', 'Windows Server 2003/XP x64', '90.4093', '23.7272', 'Bangladesh', 'BD', '2021-07-18 02:08:13', '2021-07-18 02:08:13'),
(136, 32, '37.111.238.201', 'Dhaka - - Bangladesh - BD ', 'Chrome', 'Windows Server 2003/XP x64', '90.4093', '23.7272', 'Bangladesh', 'BD', '2021-07-18 02:16:25', '2021-07-18 02:16:25'),
(137, 33, '37.111.238.201', 'Dhaka - - Bangladesh - BD ', 'Chrome', 'Windows Server 2003/XP x64', '90.4093', '23.7272', 'Bangladesh', 'BD', '2021-07-18 02:24:51', '2021-07-18 02:24:51'),
(138, 32, '37.111.238.201', 'Dhaka - - Bangladesh - BD ', 'Handheld Browser', 'Android', '90.4093', '23.7272', 'Bangladesh', 'BD', '2021-07-18 02:27:54', '2021-07-18 02:27:54'),
(139, 30, '37.111.238.201', 'Dhaka - - Bangladesh - BD ', 'Handheld Browser', 'Android', '90.4093', '23.7272', 'Bangladesh', 'BD', '2021-07-18 09:53:01', '2021-07-18 09:53:01'),
(140, 32, '116.58.201.61', 'Dhaka - - Bangladesh - BD ', 'Chrome', 'Windows Server 2003/XP x64', '90.4093', '23.7272', 'Bangladesh', 'BD', '2021-07-19 05:44:40', '2021-07-19 05:44:40'),
(141, 30, '116.58.201.61', 'Dhaka - - Bangladesh - BD ', 'Chrome', 'Windows Server 2003/XP x64', '90.4093', '23.7272', 'Bangladesh', 'BD', '2021-07-19 05:46:00', '2021-07-19 05:46:00'),
(142, 24, '103.156.223.14', ' - - Bangladesh - BD ', 'Firefox', 'Windows 10', '90.3742', '23.7018', 'Bangladesh', 'BD', '2021-07-20 13:48:19', '2021-07-20 13:48:19'),
(143, 23, '103.156.223.14', ' - - Bangladesh - BD ', 'Firefox', 'Windows 10', '90.3742', '23.7018', 'Bangladesh', 'BD', '2021-07-20 14:57:53', '2021-07-20 14:57:53'),
(144, 30, '116.58.200.109', 'Dhaka - - Bangladesh - BD ', 'Chrome', 'Windows Server 2003/XP x64', '90.4093', '23.7272', 'Bangladesh', 'BD', '2021-07-23 17:29:40', '2021-07-23 17:29:40'),
(145, 32, '116.58.200.109', 'Dhaka - - Bangladesh - BD ', 'Chrome', 'Windows Server 2003/XP x64', '90.4093', '23.7272', 'Bangladesh', 'BD', '2021-07-23 17:31:48', '2021-07-23 17:31:48'),
(146, 32, '128.14.66.19', ' - - United States - US ', 'Chrome', 'Windows Server 2003/XP x64', '-97.822', '37.751', 'United States', 'US', '2021-07-24 14:38:14', '2021-07-24 14:38:14'),
(147, 32, '103.67.157.205', 'Dhaka - - Bangladesh - BD ', 'Chrome', 'Windows Server 2003/XP x64', '90.4093', '23.7272', 'Bangladesh', 'BD', '2021-07-27 02:58:52', '2021-07-27 02:58:52'),
(148, 32, '103.67.157.205', 'Dhaka - - Bangladesh - BD ', 'Chrome', 'Windows Server 2003/XP x64', '90.4093', '23.7272', 'Bangladesh', 'BD', '2021-07-27 03:04:35', '2021-07-27 03:04:35'),
(149, 33, '103.67.157.205', 'Dhaka - - Bangladesh - BD ', 'Chrome', 'Windows Server 2003/XP x64', '90.4093', '23.7272', 'Bangladesh', 'BD', '2021-07-27 03:06:12', '2021-07-27 03:06:12'),
(150, 24, '103.156.223.14', ' - - Bangladesh - BD ', 'Firefox', 'Windows 10', '90.3742', '23.7018', 'Bangladesh', 'BD', '2021-07-28 03:27:00', '2021-07-28 03:27:00'),
(151, 24, '103.156.223.8', ' - - Bangladesh - BD ', 'Firefox', 'Windows 10', '90.3742', '23.7018', 'Bangladesh', 'BD', '2021-07-30 07:21:25', '2021-07-30 07:21:25'),
(152, 24, '116.58.202.157', 'Dhaka - - Bangladesh - BD ', 'Chrome', 'Windows Server 2003/XP x64', '90.4263', '23.7011', 'Bangladesh', 'BD', '2021-07-30 08:49:10', '2021-07-30 08:49:10'),
(153, 24, '37.111.236.188', 'Dinajpur - - Bangladesh - BD ', 'Handheld Browser', 'Android', '88.5595', '25.6252', 'Bangladesh', 'BD', '2021-07-31 00:01:37', '2021-07-31 00:01:37'),
(154, 24, '37.111.236.188', 'Dinajpur - - Bangladesh - BD ', 'Handheld Browser', 'Android', '88.5595', '25.6252', 'Bangladesh', 'BD', '2021-07-31 00:07:07', '2021-07-31 00:07:07'),
(155, 30, '37.111.236.188', 'Dinajpur - - Bangladesh - BD ', 'Handheld Browser', 'Android', '88.5595', '25.6252', 'Bangladesh', 'BD', '2021-07-31 05:01:13', '2021-07-31 05:01:13'),
(156, 32, '37.111.236.188', 'Dinajpur - - Bangladesh - BD ', 'Chrome', 'Windows Server 2003/XP x64', '88.5595', '25.6252', 'Bangladesh', 'BD', '2021-07-31 05:03:28', '2021-07-31 05:03:28'),
(157, 24, '37.111.236.188', 'Dinajpur - - Bangladesh - BD ', 'Chrome', 'Windows Server 2003/XP x64', '88.5595', '25.6252', 'Bangladesh', 'BD', '2021-07-31 07:14:29', '2021-07-31 07:14:29'),
(158, 24, '43.245.123.65', 'Dhaka - - Bangladesh - BD ', 'Chrome', 'Windows Server 2003/XP x64', '90.4263', '23.7011', 'Bangladesh', 'BD', '2021-07-31 10:02:10', '2021-07-31 10:02:10'),
(159, 72, '43.245.123.65', 'Dhaka - - Bangladesh - BD ', 'Handheld Browser', 'Android', '90.4263', '23.7011', 'Bangladesh', 'BD', '2021-07-31 12:18:30', '2021-07-31 12:18:30'),
(160, 73, '43.245.123.65', 'Dhaka - - Bangladesh - BD ', 'Handheld Browser', 'Android', '90.4263', '23.7011', 'Bangladesh', 'BD', '2021-07-31 12:31:12', '2021-07-31 12:31:12'),
(161, 74, '43.245.123.65', 'Dhaka - - Bangladesh - BD ', 'Handheld Browser', 'Android', '90.4263', '23.7011', 'Bangladesh', 'BD', '2021-07-31 12:42:36', '2021-07-31 12:42:36'),
(162, 24, '103.156.223.8', ' - - Bangladesh - BD ', 'Firefox', 'Windows 10', '90.3742', '23.7018', 'Bangladesh', 'BD', '2021-07-31 16:28:03', '2021-07-31 16:28:03'),
(163, 24, '103.67.159.236', 'Dhaka - - Bangladesh - BD ', 'Chrome', 'Windows Server 2003/XP x64', '90.4109', '23.7908', 'Bangladesh', 'BD', '2021-07-31 23:45:55', '2021-07-31 23:45:55'),
(164, 24, '116.58.202.205', 'Dhaka - - Bangladesh - BD ', 'Chrome', 'Windows Server 2003/XP x64', '90.4263', '23.7011', 'Bangladesh', 'BD', '2021-08-01 04:38:03', '2021-08-01 04:38:03'),
(165, 24, '37.111.238.43', 'Dhaka - - Bangladesh - BD ', 'Chrome', 'Windows Server 2003/XP x64', '90.4093', '23.7272', 'Bangladesh', 'BD', '2021-08-01 07:44:08', '2021-08-01 07:44:08'),
(166, 24, '116.58.205.77', 'Dhaka - - Bangladesh - BD ', 'Chrome', 'Windows Server 2003/XP x64', '90.4093', '23.7272', 'Bangladesh', 'BD', '2021-08-02 03:51:39', '2021-08-02 03:51:39'),
(167, 24, '37.111.248.233', 'Dhaka - - Bangladesh - BD ', 'Chrome', 'Windows Server 2003/XP x64', '90.4093', '23.7272', 'Bangladesh', 'BD', '2021-08-02 03:58:39', '2021-08-02 03:58:39'),
(168, 24, '103.156.223.8', ' - - Bangladesh - BD ', 'Firefox', 'Windows 10', '90.3742', '23.7018', 'Bangladesh', 'BD', '2021-08-02 04:13:01', '2021-08-02 04:13:01'),
(169, 30, '37.111.248.233', 'Dhaka - - Bangladesh - BD ', 'Handheld Browser', 'Android', '90.4093', '23.7272', 'Bangladesh', 'BD', '2021-08-02 05:48:40', '2021-08-02 05:48:40'),
(170, 24, '37.111.248.233', 'Dhaka - - Bangladesh - BD ', 'Chrome', 'Windows Server 2003/XP x64', '90.4093', '23.7272', 'Bangladesh', 'BD', '2021-08-02 07:21:35', '2021-08-02 07:21:35'),
(171, 24, '116.58.202.221', 'Dhaka - - Bangladesh - BD ', 'Chrome', 'Windows Server 2003/XP x64', '90.4263', '23.7011', 'Bangladesh', 'BD', '2021-08-02 09:44:57', '2021-08-02 09:44:57'),
(172, 24, '37.111.232.89', 'Bogra - - Bangladesh - BD ', 'Chrome', 'Windows Server 2003/XP x64', '89.3138', '24.806', 'Bangladesh', 'BD', '2021-08-03 02:03:55', '2021-08-03 02:03:55'),
(173, 30, '37.111.232.89', 'Bogra - - Bangladesh - BD ', 'Handheld Browser', 'Android', '89.3138', '24.806', 'Bangladesh', 'BD', '2021-08-03 02:28:58', '2021-08-03 02:28:58'),
(174, 24, '103.156.223.8', ' - - Bangladesh - BD ', 'Firefox', 'Windows 10', '90.3742', '23.7018', 'Bangladesh', 'BD', '2021-08-03 04:39:18', '2021-08-03 04:39:18'),
(175, 32, '116.58.202.211', 'Dhaka - - Bangladesh - BD ', 'Chrome', 'Windows Server 2003/XP x64', '90.4263', '23.7011', 'Bangladesh', 'BD', '2021-08-03 07:04:34', '2021-08-03 07:04:34'),
(176, 75, '103.250.71.175', 'Dhaka - - Bangladesh - BD ', 'Handheld Browser', 'Android', '90.4254', '23.7518', 'Bangladesh', 'BD', '2021-08-03 07:46:25', '2021-08-03 07:46:25'),
(177, 24, '103.156.223.8', ' - - Bangladesh - BD ', 'Firefox', 'Windows 10', '90.3742', '23.7018', 'Bangladesh', 'BD', '2021-08-03 07:50:46', '2021-08-03 07:50:46'),
(178, 76, '103.250.71.175', 'Dhaka - - Bangladesh - BD ', 'Handheld Browser', 'Android', '90.4254', '23.7518', 'Bangladesh', 'BD', '2021-08-03 08:18:48', '2021-08-03 08:18:48'),
(179, 32, '116.58.202.211', 'Dhaka - - Bangladesh - BD ', 'Handheld Browser', 'Android', '90.4263', '23.7011', 'Bangladesh', 'BD', '2021-08-03 12:07:54', '2021-08-03 12:07:54'),
(180, 32, '116.58.202.211', 'Dhaka - - Bangladesh - BD ', 'Handheld Browser', 'Android', '90.4263', '23.7011', 'Bangladesh', 'BD', '2021-08-03 12:19:08', '2021-08-03 12:19:08'),
(181, 30, '116.58.202.211', 'Dhaka - - Bangladesh - BD ', 'Handheld Browser', 'Android', '90.4263', '23.7011', 'Bangladesh', 'BD', '2021-08-03 12:23:23', '2021-08-03 12:23:23'),
(182, 32, '116.58.202.211', 'Dhaka - - Bangladesh - BD ', 'Chrome', 'Windows Server 2003/XP x64', '90.4263', '23.7011', 'Bangladesh', 'BD', '2021-08-03 12:29:21', '2021-08-03 12:29:21'),
(183, 24, '103.156.223.8', ' - - Bangladesh - BD ', 'Firefox', 'Windows 10', '90.3742', '23.7018', 'Bangladesh', 'BD', '2021-08-03 15:11:50', '2021-08-03 15:11:50'),
(184, 24, '103.156.223.8', ' - - Bangladesh - BD ', 'Firefox', 'Windows 10', '90.3742', '23.7018', 'Bangladesh', 'BD', '2021-08-03 19:05:03', '2021-08-03 19:05:03'),
(185, 24, '103.156.223.8', ' - - Bangladesh - BD ', 'Firefox', 'Windows 10', '90.3742', '23.7018', 'Bangladesh', 'BD', '2021-08-03 22:04:14', '2021-08-03 22:04:14'),
(186, 75, '103.250.71.175', 'Dhaka - - Bangladesh - BD ', 'Handheld Browser', 'Android', '90.4254', '23.7518', 'Bangladesh', 'BD', '2021-08-03 22:41:18', '2021-08-03 22:41:18'),
(187, 32, '43.245.123.11', 'Dhaka - - Bangladesh - BD ', 'Chrome', 'Windows Server 2003/XP x64', '90.4263', '23.7011', 'Bangladesh', 'BD', '2021-08-04 02:48:24', '2021-08-04 02:48:24'),
(188, 32, '43.245.123.11', 'Dhaka - - Bangladesh - BD ', 'Chrome', 'Windows Server 2003/XP x64', '90.4263', '23.7011', 'Bangladesh', 'BD', '2021-08-04 03:51:16', '2021-08-04 03:51:16'),
(189, 32, '43.245.123.11', 'Dhaka - - Bangladesh - BD ', 'Chrome', 'Windows Server 2003/XP x64', '90.4263', '23.7011', 'Bangladesh', 'BD', '2021-08-04 03:51:16', '2021-08-04 03:51:16'),
(190, 32, '43.245.123.11', 'Dhaka - - Bangladesh - BD ', 'Chrome', 'Windows Server 2003/XP x64', '90.4263', '23.7011', 'Bangladesh', 'BD', '2021-08-04 03:51:16', '2021-08-04 03:51:16'),
(191, 32, '37.111.232.180', 'Rangpur City - - Bangladesh - BD ', 'Handheld Browser', 'Android', '89.2751', '25.5724', 'Bangladesh', 'BD', '2021-08-04 03:52:34', '2021-08-04 03:52:34'),
(192, 32, '37.111.232.180', 'Rangpur City - - Bangladesh - BD ', 'Handheld Browser', 'Android', '89.2751', '25.5724', 'Bangladesh', 'BD', '2021-08-04 03:52:34', '2021-08-04 03:52:34'),
(193, 32, '37.111.232.180', 'Rangpur City - - Bangladesh - BD ', 'Handheld Browser', 'Android', '89.2751', '25.5724', 'Bangladesh', 'BD', '2021-08-04 03:52:34', '2021-08-04 03:52:34'),
(194, 77, '37.111.229.30', 'Dhaka - - Bangladesh - BD ', 'Handheld Browser', 'Android', '90.4093', '23.7272', 'Bangladesh', 'BD', '2021-08-04 03:54:43', '2021-08-04 03:54:43'),
(195, 78, '37.111.229.30', 'Dhaka - - Bangladesh - BD ', 'Handheld Browser', 'Android', '90.4093', '23.7272', 'Bangladesh', 'BD', '2021-08-04 03:55:27', '2021-08-04 03:55:27'),
(196, 32, '43.245.123.11', 'Dhaka - - Bangladesh - BD ', 'Chrome', 'Windows Server 2003/XP x64', '90.4263', '23.7011', 'Bangladesh', 'BD', '2021-08-04 05:08:00', '2021-08-04 05:08:00'),
(197, 77, '37.111.232.180', 'Rangpur City - - Bangladesh - BD ', 'Chrome', 'Windows Server 2003/XP x64', '89.2751', '25.5724', 'Bangladesh', 'BD', '2021-08-04 06:39:59', '2021-08-04 06:39:59'),
(198, 30, '37.111.232.180', 'Rangpur City - - Bangladesh - BD ', 'Handheld Browser', 'Android', '89.2751', '25.5724', 'Bangladesh', 'BD', '2021-08-04 06:42:15', '2021-08-04 06:42:15'),
(199, 77, '37.111.239.68', 'Dhaka - - Bangladesh - BD ', 'Handheld Browser', 'Android', '90.3628', '23.7701', 'Bangladesh', 'BD', '2021-08-04 06:44:38', '2021-08-04 06:44:38'),
(200, 77, '37.111.239.68', 'Dhaka - - Bangladesh - BD ', 'Handheld Browser', 'Android', '90.3628', '23.7701', 'Bangladesh', 'BD', '2021-08-04 07:03:44', '2021-08-04 07:03:44'),
(201, 24, '103.156.223.8', ' - - Bangladesh - BD ', 'Firefox', 'Windows 10', '90.3742', '23.7018', 'Bangladesh', 'BD', '2021-08-04 09:00:15', '2021-08-04 09:00:15'),
(202, 32, '116.58.202.100', 'Dhaka - - Bangladesh - BD ', 'Chrome', 'Windows Server 2003/XP x64', '90.4263', '23.7011', 'Bangladesh', 'BD', '2021-08-04 12:24:59', '2021-08-04 12:24:59'),
(203, 79, '116.58.202.100', 'Dhaka - - Bangladesh - BD ', 'Chrome', 'Windows Server 2003/XP x64', '90.4263', '23.7011', 'Bangladesh', 'BD', '2021-08-04 12:34:34', '2021-08-04 12:34:34'),
(204, 32, '116.58.202.100', 'Dhaka - - Bangladesh - BD ', 'Chrome', 'Windows Server 2003/XP x64', '90.4263', '23.7011', 'Bangladesh', 'BD', '2021-08-04 12:41:15', '2021-08-04 12:41:15'),
(205, 80, '116.58.202.100', 'Dhaka - - Bangladesh - BD ', 'Chrome', 'Windows Server 2003/XP x64', '90.4263', '23.7011', 'Bangladesh', 'BD', '2021-08-04 12:47:56', '2021-08-04 12:47:56'),
(206, 80, '116.58.202.100', 'Dhaka - - Bangladesh - BD ', 'Chrome', 'Windows Server 2003/XP x64', '90.4263', '23.7011', 'Bangladesh', 'BD', '2021-08-04 13:03:54', '2021-08-04 13:03:54'),
(207, 32, '116.58.202.100', 'Dhaka - - Bangladesh - BD ', 'Chrome', 'Windows Server 2003/XP x64', '90.4263', '23.7011', 'Bangladesh', 'BD', '2021-08-04 13:06:16', '2021-08-04 13:06:16'),
(208, 75, '103.250.71.175', 'Dhaka - - Bangladesh - BD ', 'Handheld Browser', 'Android', '90.4254', '23.7518', 'Bangladesh', 'BD', '2021-08-04 13:21:21', '2021-08-04 13:21:21'),
(209, 81, '116.58.202.100', 'Dhaka - - Bangladesh - BD ', 'Chrome', 'Windows Server 2003/XP x64', '90.4263', '23.7011', 'Bangladesh', 'BD', '2021-08-04 13:29:39', '2021-08-04 13:29:39'),
(210, 82, '103.250.71.175', 'Dhaka - - Bangladesh - BD ', 'Handheld Browser', 'Android', '90.4254', '23.7518', 'Bangladesh', 'BD', '2021-08-04 13:34:12', '2021-08-04 13:34:12'),
(211, 32, '116.58.202.100', 'Dhaka - - Bangladesh - BD ', 'Chrome', 'Windows Server 2003/XP x64', '90.4263', '23.7011', 'Bangladesh', 'BD', '2021-08-04 13:40:00', '2021-08-04 13:40:00'),
(212, 81, '116.58.202.100', 'Dhaka - - Bangladesh - BD ', 'Chrome', 'Windows Server 2003/XP x64', '90.4263', '23.7011', 'Bangladesh', 'BD', '2021-08-04 13:45:23', '2021-08-04 13:45:23'),
(213, 32, '116.58.202.100', 'Dhaka - - Bangladesh - BD ', 'Chrome', 'Windows Server 2003/XP x64', '90.4263', '23.7011', 'Bangladesh', 'BD', '2021-08-04 13:47:40', '2021-08-04 13:47:40'),
(214, 81, '116.58.202.100', 'Dhaka - - Bangladesh - BD ', 'Chrome', 'Windows Server 2003/XP x64', '90.4263', '23.7011', 'Bangladesh', 'BD', '2021-08-04 13:49:39', '2021-08-04 13:49:39'),
(215, 32, '116.58.202.100', 'Dhaka - - Bangladesh - BD ', 'Chrome', 'Windows Server 2003/XP x64', '90.4263', '23.7011', 'Bangladesh', 'BD', '2021-08-04 13:50:30', '2021-08-04 13:50:30'),
(216, 32, '103.156.223.8', ' - - Bangladesh - BD ', 'Firefox', 'Windows 10', '90.3742', '23.7018', 'Bangladesh', 'BD', '2021-08-04 13:53:42', '2021-08-04 13:53:42'),
(217, 75, '103.250.71.175', 'Dhaka - - Bangladesh - BD ', 'Handheld Browser', 'Android', '90.4254', '23.7518', 'Bangladesh', 'BD', '2021-08-05 00:32:30', '2021-08-05 00:32:30'),
(218, 75, '103.250.71.175', 'Dhaka - - Bangladesh - BD ', 'Handheld Browser', 'Android', '90.4254', '23.7518', 'Bangladesh', 'BD', '2021-08-05 04:48:34', '2021-08-05 04:48:34'),
(219, 32, '116.58.202.103', 'Dhaka - - Bangladesh - BD ', 'Chrome', 'Windows Server 2003/XP x64', '90.4263', '23.7011', 'Bangladesh', 'BD', '2021-08-05 04:58:00', '2021-08-05 04:58:00'),
(220, 77, '123.108.244.172', 'Dhaka - - Bangladesh - BD ', 'Handheld Browser', 'Android', '90.4109', '23.7908', 'Bangladesh', 'BD', '2021-08-05 07:30:41', '2021-08-05 07:30:41'),
(221, 32, '116.58.202.100', 'Dhaka - - Bangladesh - BD ', 'Chrome', 'Windows Server 2003/XP x64', '90.4263', '23.7011', 'Bangladesh', 'BD', '2021-08-05 09:08:40', '2021-08-05 09:08:40'),
(222, 32, '43.245.123.4', 'Dhaka - - Bangladesh - BD ', 'Chrome', 'Windows Server 2003/XP x64', '90.4263', '23.7011', 'Bangladesh', 'BD', '2021-08-05 22:50:57', '2021-08-05 22:50:57'),
(223, 77, '37.111.230.81', 'Dhaka - - Bangladesh - BD ', 'Handheld Browser', 'Android', '90.4093', '23.7272', 'Bangladesh', 'BD', '2021-08-06 06:55:20', '2021-08-06 06:55:20'),
(224, 83, '103.67.159.239', 'Dhaka - - Bangladesh - BD ', 'Chrome', 'Windows Server 2003/XP x64', '90.4109', '23.7908', 'Bangladesh', 'BD', '2021-08-06 07:32:53', '2021-08-06 07:32:53'),
(225, 84, '37.111.230.81', 'Dhaka - - Bangladesh - BD ', 'Handheld Browser', 'Android', '90.4093', '23.7272', 'Bangladesh', 'BD', '2021-08-06 08:22:59', '2021-08-06 08:22:59'),
(226, 32, '103.67.159.239', 'Dhaka - - Bangladesh - BD ', 'Chrome', 'Windows Server 2003/XP x64', '90.4109', '23.7908', 'Bangladesh', 'BD', '2021-08-06 08:23:31', '2021-08-06 08:23:31'),
(227, 85, '37.111.230.81', 'Dhaka - - Bangladesh - BD ', 'Handheld Browser', 'Android', '90.4093', '23.7272', 'Bangladesh', 'BD', '2021-08-06 08:52:55', '2021-08-06 08:52:55'),
(228, 85, '37.111.230.81', 'Dhaka - - Bangladesh - BD ', 'Handheld Browser', 'Android', '90.4093', '23.7272', 'Bangladesh', 'BD', '2021-08-06 09:01:43', '2021-08-06 09:01:43'),
(229, 85, '116.58.205.42', 'Dhaka - - Bangladesh - BD ', 'Chrome', 'Windows Server 2003/XP x64', '90.4093', '23.7272', 'Bangladesh', 'BD', '2021-08-06 09:47:08', '2021-08-06 09:47:08'),
(230, 75, '37.111.232.167', 'Rangpur City - - Bangladesh - BD ', 'Handheld Browser', 'Android', '89.2751', '25.5724', 'Bangladesh', 'BD', '2021-08-06 10:31:36', '2021-08-06 10:31:36'),
(231, 85, '37.111.230.81', 'Dhaka - - Bangladesh - BD ', 'Handheld Browser', 'Android', '90.4093', '23.7272', 'Bangladesh', 'BD', '2021-08-06 12:19:28', '2021-08-06 12:19:28'),
(232, 85, '202.134.10.137', 'Dhaka - - Bangladesh - BD ', 'Handheld Browser', 'Android', '90.3628', '23.7701', 'Bangladesh', 'BD', '2021-08-06 12:20:35', '2021-08-06 12:20:35'),
(233, 77, '37.111.230.81', 'Dhaka - - Bangladesh - BD ', 'Handheld Browser', 'Android', '90.4093', '23.7272', 'Bangladesh', 'BD', '2021-08-06 12:21:19', '2021-08-06 12:21:19'),
(234, 85, '202.134.10.135', 'Dhaka - - Bangladesh - BD ', 'Handheld Browser', 'Android', '90.3628', '23.7701', 'Bangladesh', 'BD', '2021-08-06 20:43:24', '2021-08-06 20:43:24'),
(235, 77, '37.111.232.132', 'Rangpur City - - Bangladesh - BD ', 'Handheld Browser', 'Android', '89.2751', '25.5724', 'Bangladesh', 'BD', '2021-08-07 01:42:13', '2021-08-07 01:42:13'),
(236, 30, '37.111.238.55', 'Dhaka - - Bangladesh - BD ', 'Handheld Browser', 'Android', '90.4093', '23.7272', 'Bangladesh', 'BD', '2021-08-07 02:01:42', '2021-08-07 02:01:42'),
(237, 86, '37.111.238.55', 'Dhaka - - Bangladesh - BD ', 'Chrome', 'Windows Server 2003/XP x64', '90.4093', '23.7272', 'Bangladesh', 'BD', '2021-08-07 02:12:43', '2021-08-07 02:12:43'),
(238, 87, '37.111.238.55', 'Dhaka - - Bangladesh - BD ', 'Handheld Browser', 'Android', '90.4093', '23.7272', 'Bangladesh', 'BD', '2021-08-07 03:53:27', '2021-08-07 03:53:27'),
(239, 85, '37.111.238.55', 'Dhaka - - Bangladesh - BD ', 'Handheld Browser', 'Android', '90.4093', '23.7272', 'Bangladesh', 'BD', '2021-08-07 04:00:12', '2021-08-07 04:00:12'),
(240, 88, '37.111.238.55', 'Dhaka - - Bangladesh - BD ', 'Handheld Browser', 'Android', '90.4093', '23.7272', 'Bangladesh', 'BD', '2021-08-07 04:14:21', '2021-08-07 04:14:21'),
(241, 30, '37.111.238.55', 'Dhaka - - Bangladesh - BD ', 'Handheld Browser', 'Android', '90.4093', '23.7272', 'Bangladesh', 'BD', '2021-08-07 04:20:49', '2021-08-07 04:20:49'),
(242, 88, '37.111.238.55', 'Dhaka - - Bangladesh - BD ', 'Handheld Browser', 'Android', '90.4093', '23.7272', 'Bangladesh', 'BD', '2021-08-07 04:26:04', '2021-08-07 04:26:04'),
(243, 85, '37.111.238.55', 'Dhaka - - Bangladesh - BD ', 'Handheld Browser', 'Android', '90.4093', '23.7272', 'Bangladesh', 'BD', '2021-08-07 04:28:40', '2021-08-07 04:28:40'),
(244, 77, '123.108.244.253', 'Dhaka - - Bangladesh - BD ', 'Handheld Browser', 'Android', '90.4109', '23.7908', 'Bangladesh', 'BD', '2021-08-07 04:29:40', '2021-08-07 04:29:40'),
(245, 86, '37.111.238.55', 'Dhaka - - Bangladesh - BD ', 'Handheld Browser', 'Android', '90.4093', '23.7272', 'Bangladesh', 'BD', '2021-08-07 04:30:42', '2021-08-07 04:30:42'),
(246, 24, '103.156.223.14', ' - - Bangladesh - BD ', 'Firefox', 'Windows 10', '90.3742', '23.7018', 'Bangladesh', 'BD', '2021-08-07 04:39:02', '2021-08-07 04:39:02'),
(247, 32, '37.111.238.55', 'Dhaka - - Bangladesh - BD ', 'Chrome', 'Windows Server 2003/XP x64', '90.4093', '23.7272', 'Bangladesh', 'BD', '2021-08-07 05:25:34', '2021-08-07 05:25:34'),
(248, 77, '123.108.244.253', 'Dhaka - - Bangladesh - BD ', 'Handheld Browser', 'Android', '90.4109', '23.7908', 'Bangladesh', 'BD', '2021-08-07 07:49:53', '2021-08-07 07:49:53'),
(249, 89, '37.111.232.81', 'Bogra - - Bangladesh - BD ', 'Handheld Browser', 'Android', '89.3138', '24.806', 'Bangladesh', 'BD', '2021-08-07 08:00:56', '2021-08-07 08:00:56'),
(250, 77, '123.108.244.253', 'Dhaka - - Bangladesh - BD ', 'Handheld Browser', 'Android', '90.4109', '23.7908', 'Bangladesh', 'BD', '2021-08-07 08:59:55', '2021-08-07 08:59:55'),
(251, 77, '123.108.244.253', 'Dhaka - - Bangladesh - BD ', 'Handheld Browser', 'Android', '90.4109', '23.7908', 'Bangladesh', 'BD', '2021-08-07 09:40:03', '2021-08-07 09:40:03'),
(252, 75, '123.108.244.30', 'Dhaka - - Bangladesh - BD ', 'Handheld Browser', 'Android', '90.4109', '23.7908', 'Bangladesh', 'BD', '2021-08-07 10:09:37', '2021-08-07 10:09:37'),
(253, 90, '116.58.205.234', 'Dhaka - - Bangladesh - BD ', 'Chrome', 'Windows Server 2003/XP x64', '90.4277', '23.7418', 'Bangladesh', 'BD', '2021-08-07 10:40:35', '2021-08-07 10:40:35'),
(254, 85, '202.134.14.155', 'Dhaka - - Bangladesh - BD ', 'Handheld Browser', 'Android', '90.4109', '23.7908', 'Bangladesh', 'BD', '2021-08-07 12:49:54', '2021-08-07 12:49:54'),
(255, 85, '202.134.10.136', 'Dhaka - - Bangladesh - BD ', 'Handheld Browser', 'Android', '90.3628', '23.7701', 'Bangladesh', 'BD', '2021-08-07 20:50:27', '2021-08-07 20:50:27'),
(256, 91, '123.108.244.253', 'Dhaka - - Bangladesh - BD ', 'Handheld Browser', 'Android', '90.4109', '23.7908', 'Bangladesh', 'BD', '2021-08-08 01:18:42', '2021-08-08 01:18:42'),
(257, 77, '123.108.244.253', 'Dhaka - - Bangladesh - BD ', 'Handheld Browser', 'Android', '90.4109', '23.7908', 'Bangladesh', 'BD', '2021-08-08 01:25:40', '2021-08-08 01:25:40'),
(258, 91, '123.108.244.253', 'Dhaka - - Bangladesh - BD ', 'Handheld Browser', 'Android', '90.4109', '23.7908', 'Bangladesh', 'BD', '2021-08-08 01:34:47', '2021-08-08 01:34:47'),
(259, 89, '37.111.248.141', 'Dhaka - - Bangladesh - BD ', 'Handheld Browser', 'Android', '90.4093', '23.7272', 'Bangladesh', 'BD', '2021-08-08 01:36:48', '2021-08-08 01:36:48'),
(260, 89, '37.111.248.141', 'Dhaka - - Bangladesh - BD ', 'Handheld Browser', 'Android', '90.4093', '23.7272', 'Bangladesh', 'BD', '2021-08-08 01:48:48', '2021-08-08 01:48:48'),
(261, 90, '37.111.236.197', 'Dinajpur - - Bangladesh - BD ', 'Handheld Browser', 'Android', '88.5595', '25.6252', 'Bangladesh', 'BD', '2021-08-08 01:50:41', '2021-08-08 01:50:41'),
(262, 75, '37.111.236.197', 'Dinajpur - - Bangladesh - BD ', 'Handheld Browser', 'Android', '88.5595', '25.6252', 'Bangladesh', 'BD', '2021-08-08 01:52:16', '2021-08-08 01:52:16'),
(263, 90, '37.111.236.197', 'Dinajpur - - Bangladesh - BD ', 'Handheld Browser', 'Android', '88.5595', '25.6252', 'Bangladesh', 'BD', '2021-08-08 01:54:23', '2021-08-08 01:54:23'),
(264, 85, '202.134.10.136', 'Dhaka - - Bangladesh - BD ', 'Handheld Browser', 'Android', '90.3628', '23.7701', 'Bangladesh', 'BD', '2021-08-08 02:54:12', '2021-08-08 02:54:12'),
(265, 91, '37.111.238.69', 'Dhaka - - Bangladesh - BD ', 'Handheld Browser', 'Android', '90.4093', '23.7272', 'Bangladesh', 'BD', '2021-08-08 02:55:58', '2021-08-08 02:55:58'),
(266, 75, '103.250.71.175', 'Dhaka - - Bangladesh - BD ', 'Handheld Browser', 'Android', '90.4254', '23.7518', 'Bangladesh', 'BD', '2021-08-08 03:13:45', '2021-08-08 03:13:45'),
(267, 75, '103.250.71.175', 'Dhaka - - Bangladesh - BD ', 'Handheld Browser', 'Android', '90.4254', '23.7518', 'Bangladesh', 'BD', '2021-08-08 03:13:45', '2021-08-08 03:13:45'),
(268, 92, '37.111.238.69', 'Dhaka - - Bangladesh - BD ', 'Handheld Browser', 'Android', '90.4093', '23.7272', 'Bangladesh', 'BD', '2021-08-08 03:21:05', '2021-08-08 03:21:05'),
(269, 93, '103.250.71.175', 'Dhaka - - Bangladesh - BD ', 'Handheld Browser', 'Android', '90.4254', '23.7518', 'Bangladesh', 'BD', '2021-08-08 03:22:18', '2021-08-08 03:22:18'),
(270, 32, '43.245.123.91', 'Dhaka - - Bangladesh - BD ', 'Chrome', 'Windows Server 2003/XP x64', '90.4263', '23.7011', 'Bangladesh', 'BD', '2021-08-08 03:24:11', '2021-08-08 03:24:11'),
(271, 92, '37.111.238.69', 'Dhaka - - Bangladesh - BD ', 'Handheld Browser', 'Android', '90.4093', '23.7272', 'Bangladesh', 'BD', '2021-08-08 03:24:31', '2021-08-08 03:24:31'),
(272, 75, '103.250.71.175', 'Dhaka - - Bangladesh - BD ', 'Handheld Browser', 'Android', '90.4254', '23.7518', 'Bangladesh', 'BD', '2021-08-08 03:29:48', '2021-08-08 03:29:48'),
(273, 93, '103.250.71.175', 'Dhaka - - Bangladesh - BD ', 'Handheld Browser', 'Android', '90.4254', '23.7518', 'Bangladesh', 'BD', '2021-08-08 03:33:00', '2021-08-08 03:33:00'),
(274, 75, '103.250.71.175', 'Dhaka - - Bangladesh - BD ', 'Handheld Browser', 'Android', '90.4254', '23.7518', 'Bangladesh', 'BD', '2021-08-08 03:35:57', '2021-08-08 03:35:57'),
(275, 93, '37.111.239.36', 'Dhaka - - Bangladesh - BD ', 'Handheld Browser', 'Android', '90.3628', '23.7701', 'Bangladesh', 'BD', '2021-08-08 03:49:32', '2021-08-08 03:49:32'),
(276, 93, '37.111.239.36', 'Dhaka - - Bangladesh - BD ', 'Handheld Browser', 'Android', '90.3628', '23.7701', 'Bangladesh', 'BD', '2021-08-08 03:56:46', '2021-08-08 03:56:46'),
(277, 90, '37.111.238.55', 'Dhaka - - Bangladesh - BD ', 'Handheld Browser', 'Android', '90.4093', '23.7272', 'Bangladesh', 'BD', '2021-08-08 04:16:14', '2021-08-08 04:16:14'),
(278, 94, '103.250.71.175', 'Dhaka - - Bangladesh - BD ', 'Handheld Browser', 'Android', '90.4254', '23.7518', 'Bangladesh', 'BD', '2021-08-08 05:03:46', '2021-08-08 05:03:46'),
(279, 75, '103.250.71.175', 'Dhaka - - Bangladesh - BD ', 'Chrome', 'Linux', '90.4254', '23.7518', 'Bangladesh', 'BD', '2021-08-08 05:10:45', '2021-08-08 05:10:45'),
(280, 94, '37.111.230.243', 'Rangpur City - - Bangladesh - BD ', 'Handheld Browser', 'Android', '89.2649', '25.732', 'Bangladesh', 'BD', '2021-08-08 05:11:26', '2021-08-08 05:11:26'),
(281, 95, '37.111.197.80', 'Dhaka - - Bangladesh - BD ', 'Handheld Browser', 'Android', '90.3731', '23.7552', 'Bangladesh', 'BD', '2021-08-08 07:27:39', '2021-08-08 07:27:39');
INSERT INTO `user_logins` (`id`, `user_id`, `user_ip`, `location`, `browser`, `os`, `longitude`, `latitude`, `country`, `country_code`, `created_at`, `updated_at`) VALUES
(282, 77, '37.111.231.33', 'Sirajganj - - Bangladesh - BD ', 'Handheld Browser', 'Android', '89.5942', '24.3016', 'Bangladesh', 'BD', '2021-08-08 07:48:07', '2021-08-08 07:48:07'),
(283, 89, '123.108.244.88', 'Dhaka - - Bangladesh - BD ', 'Handheld Browser', 'Android', '90.4109', '23.7908', 'Bangladesh', 'BD', '2021-08-08 08:53:48', '2021-08-08 08:53:48'),
(284, 96, '123.108.244.88', 'Dhaka - - Bangladesh - BD ', 'Handheld Browser', 'Android', '90.4109', '23.7908', 'Bangladesh', 'BD', '2021-08-08 09:11:50', '2021-08-08 09:11:50'),
(285, 97, '123.108.244.88', 'Dhaka - - Bangladesh - BD ', 'Handheld Browser', 'Android', '90.4109', '23.7908', 'Bangladesh', 'BD', '2021-08-08 09:11:50', '2021-08-08 09:11:50'),
(286, 89, '123.108.244.88', 'Dhaka - - Bangladesh - BD ', 'Handheld Browser', 'Android', '90.4109', '23.7908', 'Bangladesh', 'BD', '2021-08-08 09:23:57', '2021-08-08 09:23:57'),
(287, 93, '37.111.226.95', 'Nawabganj - - Bangladesh - BD ', 'Handheld Browser', 'Android', '88.2939', '24.5992', 'Bangladesh', 'BD', '2021-08-08 10:47:48', '2021-08-08 10:47:48'),
(288, 30, '37.111.226.39', 'Nawabganj - - Bangladesh - BD ', 'Handheld Browser', 'Android', '88.2939', '24.5992', 'Bangladesh', 'BD', '2021-08-08 11:39:58', '2021-08-08 11:39:58'),
(289, 85, '202.134.8.136', 'Dhaka - - Bangladesh - BD ', 'Handheld Browser', 'Android', '90.3628', '23.7701', 'Bangladesh', 'BD', '2021-08-08 12:32:16', '2021-08-08 12:32:16'),
(290, 77, '37.111.231.33', 'Sirajganj - - Bangladesh - BD ', 'Handheld Browser', 'Android', '89.5942', '24.3016', 'Bangladesh', 'BD', '2021-08-08 13:30:56', '2021-08-08 13:30:56'),
(291, 85, '37.111.231.33', 'Sirajganj - - Bangladesh - BD ', 'Handheld Browser', 'Android', '89.5942', '24.3016', 'Bangladesh', 'BD', '2021-08-08 13:35:07', '2021-08-08 13:35:07'),
(292, 85, '202.134.8.140', 'Dhaka - - Bangladesh - BD ', 'Handheld Browser', 'Android', '90.4093', '23.7272', 'Bangladesh', 'BD', '2021-08-08 19:39:27', '2021-08-08 19:39:27'),
(293, 98, '43.245.121.204', 'Dhaka - - Bangladesh - BD ', 'Handheld Browser', 'Android', '90.4093', '23.7272', 'Bangladesh', 'BD', '2021-08-08 20:10:42', '2021-08-08 20:10:42'),
(294, 98, '43.245.121.204', 'Dhaka - - Bangladesh - BD ', 'Handheld Browser', 'Android', '90.4093', '23.7272', 'Bangladesh', 'BD', '2021-08-08 23:02:49', '2021-08-08 23:02:49'),
(295, 94, '37.111.226.145', 'Birganj - - Bangladesh - BD ', 'Handheld Browser', 'Android', '88.654', '25.8623', 'Bangladesh', 'BD', '2021-08-08 23:26:45', '2021-08-08 23:26:45'),
(296, 89, '37.111.232.101', 'Bogra - - Bangladesh - BD ', 'Handheld Browser', 'Android', '89.3138', '24.806', 'Bangladesh', 'BD', '2021-08-09 00:29:20', '2021-08-09 00:29:20'),
(297, 77, '37.111.231.33', 'Sirajganj - - Bangladesh - BD ', 'Handheld Browser', 'Android', '89.5942', '24.3016', 'Bangladesh', 'BD', '2021-08-09 00:37:25', '2021-08-09 00:37:25'),
(298, 85, '202.134.8.140', 'Dhaka - - Bangladesh - BD ', 'Handheld Browser', 'Android', '90.4093', '23.7272', 'Bangladesh', 'BD', '2021-08-09 00:39:57', '2021-08-09 00:39:57'),
(299, 88, '202.134.8.140', 'Dhaka - - Bangladesh - BD ', 'Handheld Browser', 'Android', '90.4093', '23.7272', 'Bangladesh', 'BD', '2021-08-09 01:03:39', '2021-08-09 01:03:39'),
(300, 85, '202.134.8.140', 'Dhaka - - Bangladesh - BD ', 'Handheld Browser', 'Android', '90.4093', '23.7272', 'Bangladesh', 'BD', '2021-08-09 01:36:59', '2021-08-09 01:36:59'),
(301, 85, '202.134.8.140', 'Dhaka - - Bangladesh - BD ', 'Handheld Browser', 'Android', '90.4093', '23.7272', 'Bangladesh', 'BD', '2021-08-09 01:41:07', '2021-08-09 01:41:07'),
(302, 88, '202.134.8.140', 'Dhaka - - Bangladesh - BD ', 'Handheld Browser', 'Android', '90.4093', '23.7272', 'Bangladesh', 'BD', '2021-08-09 01:41:45', '2021-08-09 01:41:45'),
(303, 90, '37.111.225.91', 'Rangpur City - - Bangladesh - BD ', 'Handheld Browser', 'Android', '89.2649', '25.732', 'Bangladesh', 'BD', '2021-08-09 03:34:53', '2021-08-09 03:34:53'),
(304, 32, '103.67.157.173', 'Dhaka - - Bangladesh - BD ', 'Chrome', 'Windows Server 2003/XP x64', '90.4093', '23.7272', 'Bangladesh', 'BD', '2021-08-09 03:46:30', '2021-08-09 03:46:30'),
(305, 88, '202.134.8.140', 'Dhaka - - Bangladesh - BD ', 'Handheld Browser', 'Android', '90.4093', '23.7272', 'Bangladesh', 'BD', '2021-08-09 04:41:57', '2021-08-09 04:41:57'),
(306, 85, '202.134.8.140', 'Dhaka - - Bangladesh - BD ', 'Handheld Browser', 'Android', '90.4093', '23.7272', 'Bangladesh', 'BD', '2021-08-09 04:43:44', '2021-08-09 04:43:44'),
(307, 75, '37.111.248.184', 'Dhaka - - Bangladesh - BD ', 'Handheld Browser', 'Android', '90.4093', '23.7272', 'Bangladesh', 'BD', '2021-08-09 04:46:26', '2021-08-09 04:46:26'),
(308, 30, '37.111.232.24', 'Bogra - - Bangladesh - BD ', 'Handheld Browser', 'Android', '89.3138', '24.806', 'Bangladesh', 'BD', '2021-08-09 05:15:25', '2021-08-09 05:15:25'),
(309, 99, '37.111.232.24', 'Bogra - - Bangladesh - BD ', 'Handheld Browser', 'Android', '89.3138', '24.806', 'Bangladesh', 'BD', '2021-08-09 05:19:27', '2021-08-09 05:19:27'),
(310, 100, '37.111.232.24', 'Bogra - - Bangladesh - BD ', 'Handheld Browser', 'Android', '89.3138', '24.806', 'Bangladesh', 'BD', '2021-08-09 05:30:08', '2021-08-09 05:30:08'),
(311, 100, '37.111.232.24', 'Bogra - - Bangladesh - BD ', 'Handheld Browser', 'Android', '89.3138', '24.806', 'Bangladesh', 'BD', '2021-08-09 05:36:43', '2021-08-09 05:36:43'),
(312, 100, '37.111.232.24', 'Bogra - - Bangladesh - BD ', 'Handheld Browser', 'Android', '89.3138', '24.806', 'Bangladesh', 'BD', '2021-08-09 05:50:51', '2021-08-09 05:50:51'),
(313, 83, '37.111.232.24', 'Bogra - - Bangladesh - BD ', 'Handheld Browser', 'Android', '89.3138', '24.806', 'Bangladesh', 'BD', '2021-08-09 06:42:35', '2021-08-09 06:42:35'),
(314, 101, '37.111.232.24', 'Bogra - - Bangladesh - BD ', 'Handheld Browser', 'Android', '89.3138', '24.806', 'Bangladesh', 'BD', '2021-08-09 06:58:41', '2021-08-09 06:58:41'),
(315, 102, '37.111.232.24', 'Bogra - - Bangladesh - BD ', 'Chrome', 'Windows Server 2003/XP x64', '89.3138', '24.806', 'Bangladesh', 'BD', '2021-08-09 07:09:30', '2021-08-09 07:09:30'),
(316, 85, '202.134.8.140', 'Dhaka - - Bangladesh - BD ', 'Handheld Browser', 'Android', '90.4093', '23.7272', 'Bangladesh', 'BD', '2021-08-09 07:12:01', '2021-08-09 07:12:01'),
(317, 103, '37.111.232.24', 'Bogra - - Bangladesh - BD ', 'Chrome', 'Windows Server 2003/XP x64', '89.3138', '24.806', 'Bangladesh', 'BD', '2021-08-09 07:18:15', '2021-08-09 07:18:15'),
(318, 30, '37.111.232.24', 'Bogra - - Bangladesh - BD ', 'Handheld Browser', 'Android', '89.3138', '24.806', 'Bangladesh', 'BD', '2021-08-09 07:20:37', '2021-08-09 07:20:37'),
(319, 32, '37.111.232.24', 'Bogra - - Bangladesh - BD ', 'Chrome', 'Windows Server 2003/XP x64', '89.3138', '24.806', 'Bangladesh', 'BD', '2021-08-09 07:29:29', '2021-08-09 07:29:29'),
(320, 100, '37.111.228.2', 'Rangpur City - - Bangladesh - BD ', 'Handheld Browser', 'Android', '89.2649', '25.732', 'Bangladesh', 'BD', '2021-08-09 10:10:15', '2021-08-09 10:10:15'),
(321, 93, '37.111.230.19', 'Dhaka - - Bangladesh - BD ', 'Handheld Browser', 'Android', '90.4093', '23.7272', 'Bangladesh', 'BD', '2021-08-09 10:34:48', '2021-08-09 10:34:48'),
(322, 85, '202.134.8.140', 'Dhaka - - Bangladesh - BD ', 'Handheld Browser', 'Android', '90.4093', '23.7272', 'Bangladesh', 'BD', '2021-08-09 11:22:51', '2021-08-09 11:22:51'),
(323, 100, '123.108.246.112', 'Dhaka - - Bangladesh - BD ', 'Handheld Browser', 'Android', '90.4093', '23.7272', 'Bangladesh', 'BD', '2021-08-09 11:57:48', '2021-08-09 11:57:48'),
(324, 85, '202.134.8.142', 'Dhaka - - Bangladesh - BD ', 'Handheld Browser', 'Android', '90.4093', '23.7272', 'Bangladesh', 'BD', '2021-08-09 19:25:47', '2021-08-09 19:25:47'),
(325, 88, '202.134.8.142', 'Dhaka - - Bangladesh - BD ', 'Handheld Browser', 'Android', '90.4093', '23.7272', 'Bangladesh', 'BD', '2021-08-09 19:27:11', '2021-08-09 19:27:11'),
(326, 93, '37.111.238.152', 'Dhaka - - Bangladesh - BD ', 'Handheld Browser', 'Android', '90.4093', '23.7272', 'Bangladesh', 'BD', '2021-08-10 03:32:54', '2021-08-10 03:32:54'),
(327, 94, '37.111.232.210', 'Rangpur City - - Bangladesh - BD ', 'Handheld Browser', 'Android', '89.2751', '25.5724', 'Bangladesh', 'BD', '2021-08-10 06:18:40', '2021-08-10 06:18:40'),
(328, 90, '37.111.248.106', 'Joypurhat - - Bangladesh - BD ', 'Handheld Browser', 'Android', '89.1033', '25.0971', 'Bangladesh', 'BD', '2021-08-10 08:12:42', '2021-08-10 08:12:42'),
(329, 93, '37.111.229.162', 'Dhaka - - Bangladesh - BD ', 'Handheld Browser', 'Android', '90.4093', '23.7272', 'Bangladesh', 'BD', '2021-08-10 08:45:02', '2021-08-10 08:45:02'),
(330, 89, '37.111.238.218', 'Dhaka - - Bangladesh - BD ', 'Handheld Browser', 'Android', '90.4093', '23.7272', 'Bangladesh', 'BD', '2021-08-10 09:23:38', '2021-08-10 09:23:38'),
(331, 96, '37.111.238.218', 'Dhaka - - Bangladesh - BD ', 'Handheld Browser', 'Android', '90.4093', '23.7272', 'Bangladesh', 'BD', '2021-08-10 09:29:09', '2021-08-10 09:29:09'),
(332, 96, '37.111.238.218', 'Dhaka - - Bangladesh - BD ', 'Handheld Browser', 'Android', '90.4093', '23.7272', 'Bangladesh', 'BD', '2021-08-10 09:30:39', '2021-08-10 09:30:39'),
(333, 90, '37.111.248.106', 'Joypurhat - - Bangladesh - BD ', 'Handheld Browser', 'Android', '89.1033', '25.0971', 'Bangladesh', 'BD', '2021-08-10 10:24:25', '2021-08-10 10:24:25'),
(334, 32, '43.245.123.21', 'Dhaka - - Bangladesh - BD ', 'Chrome', 'Windows Server 2003/XP x64', '90.4263', '23.7011', 'Bangladesh', 'BD', '2021-08-10 11:20:15', '2021-08-10 11:20:15'),
(335, 85, '120.89.64.200', ' - - Bangladesh - BD ', 'Handheld Browser', 'Android', '90.3742', '23.7018', 'Bangladesh', 'BD', '2021-08-10 12:30:09', '2021-08-10 12:30:09'),
(336, 85, '202.134.8.133', 'Dhaka - - Bangladesh - BD ', 'Handheld Browser', 'Android', '90.4093', '23.7272', 'Bangladesh', 'BD', '2021-08-10 19:55:12', '2021-08-10 19:55:12'),
(337, 88, '202.134.8.133', 'Dhaka - - Bangladesh - BD ', 'Handheld Browser', 'Android', '90.4093', '23.7272', 'Bangladesh', 'BD', '2021-08-10 19:56:33', '2021-08-10 19:56:33'),
(338, 32, '103.67.158.120', 'Dhaka - - Bangladesh - BD ', 'Chrome', 'Windows Server 2003/XP x64', '90.4254', '23.7518', 'Bangladesh', 'BD', '2021-08-10 23:08:55', '2021-08-10 23:08:55'),
(339, 77, '37.111.225.190', 'Rangpur City - - Bangladesh - BD ', 'Handheld Browser', 'Android', '89.2649', '25.732', 'Bangladesh', 'BD', '2021-08-11 03:26:37', '2021-08-11 03:26:37'),
(340, 88, '202.134.8.133', 'Dhaka - - Bangladesh - BD ', 'Handheld Browser', 'Android', '90.4093', '23.7272', 'Bangladesh', 'BD', '2021-08-11 07:19:18', '2021-08-11 07:19:18'),
(341, 85, '202.134.8.133', 'Dhaka - - Bangladesh - BD ', 'Handheld Browser', 'Android', '90.4093', '23.7272', 'Bangladesh', 'BD', '2021-08-11 07:20:14', '2021-08-11 07:20:14'),
(342, 85, '120.89.64.200', ' - - Bangladesh - BD ', 'Handheld Browser', 'Android', '90.3742', '23.7018', 'Bangladesh', 'BD', '2021-08-11 12:54:11', '2021-08-11 12:54:11'),
(343, 93, '37.111.248.209', 'Dhaka - - Bangladesh - BD ', 'Handheld Browser', 'Android', '90.4093', '23.7272', 'Bangladesh', 'BD', '2021-08-12 04:14:50', '2021-08-12 04:14:50'),
(344, 93, '37.111.248.209', 'Dhaka - - Bangladesh - BD ', 'Handheld Browser', 'Android', '90.4093', '23.7272', 'Bangladesh', 'BD', '2021-08-12 04:31:57', '2021-08-12 04:31:57'),
(345, 75, '103.250.71.175', 'Dhaka - - Bangladesh - BD ', 'Handheld Browser', 'Android', '90.4254', '23.7518', 'Bangladesh', 'BD', '2021-08-12 05:02:29', '2021-08-12 05:02:29'),
(346, 32, '43.245.122.174', 'Dhaka - - Bangladesh - BD ', 'Chrome', 'Windows Server 2003/XP x64', '90.4263', '23.7011', 'Bangladesh', 'BD', '2021-08-12 08:55:34', '2021-08-12 08:55:34'),
(347, 100, '37.111.197.149', 'Dhaka - - Bangladesh - BD ', 'Handheld Browser', 'Android', '90.3731', '23.7552', 'Bangladesh', 'BD', '2021-08-12 10:45:14', '2021-08-12 10:45:14'),
(348, 75, '103.250.71.175', 'Dhaka - - Bangladesh - BD ', 'Chrome', 'Linux', '90.4254', '23.7518', 'Bangladesh', 'BD', '2021-08-12 18:16:16', '2021-08-12 18:16:16'),
(349, 24, '103.156.223.6', ' - - Bangladesh - BD ', 'Firefox', 'Windows 10', '90.3742', '23.7018', 'Bangladesh', 'BD', '2021-08-12 20:53:36', '2021-08-12 20:53:36'),
(350, 23, '103.156.223.6', ' - - Bangladesh - BD ', 'Firefox', 'Windows 10', '90.3742', '23.7018', 'Bangladesh', 'BD', '2021-08-12 21:40:46', '2021-08-12 21:40:46'),
(351, 32, '43.245.121.91', 'Dhaka - - Bangladesh - BD ', 'Chrome', 'Windows Server 2003/XP x64', '90.4093', '23.7272', 'Bangladesh', 'BD', '2021-08-12 22:07:45', '2021-08-12 22:07:45'),
(352, 32, '43.245.121.91', 'Dhaka - - Bangladesh - BD ', 'Chrome', 'Windows Server 2003/XP x64', '90.4093', '23.7272', 'Bangladesh', 'BD', '2021-08-12 23:07:08', '2021-08-12 23:07:08'),
(353, 30, '37.111.232.11', 'Bogra - - Bangladesh - BD ', 'Handheld Browser', 'Android', '89.3138', '24.806', 'Bangladesh', 'BD', '2021-08-13 00:34:51', '2021-08-13 00:34:51'),
(354, 32, '103.67.156.74', 'Sirajganj - - Bangladesh - BD ', 'Chrome', 'Windows Server 2003/XP x64', '89.7041', '24.2981', 'Bangladesh', 'BD', '2021-08-13 03:12:16', '2021-08-13 03:12:16'),
(355, 77, '37.111.232.176', 'Rangpur City - - Bangladesh - BD ', 'Handheld Browser', 'Android', '89.2751', '25.5724', 'Bangladesh', 'BD', '2021-08-13 05:46:25', '2021-08-13 05:46:25'),
(356, 104, '103.67.157.204', 'Dhaka - - Bangladesh - BD ', 'Chrome', 'Windows Server 2003/XP x64', '90.4093', '23.7272', 'Bangladesh', 'BD', '2021-08-13 07:40:22', '2021-08-13 07:40:22'),
(357, 104, '103.67.157.241', 'Dhaka - - Bangladesh - BD ', 'Handheld Browser', 'Android', '90.4093', '23.7272', 'Bangladesh', 'BD', '2021-08-13 07:42:16', '2021-08-13 07:42:16'),
(358, 94, '223.25.252.179', 'Rangpur City - - Bangladesh - BD ', 'Handheld Browser', 'Android', '89.2762', '25.7317', 'Bangladesh', 'BD', '2021-08-13 07:43:51', '2021-08-13 07:43:51'),
(359, 32, '103.67.157.204', 'Dhaka - - Bangladesh - BD ', 'Chrome', 'Windows Server 2003/XP x64', '90.4093', '23.7272', 'Bangladesh', 'BD', '2021-08-13 07:48:13', '2021-08-13 07:48:13'),
(360, 90, '37.111.228.185', 'Dhaka - - Bangladesh - BD ', 'Handheld Browser', 'Android', '90.4109', '23.7908', 'Bangladesh', 'BD', '2021-08-13 11:19:42', '2021-08-13 11:19:42'),
(361, 85, '120.89.65.200', ' - - Bangladesh - BD ', 'Handheld Browser', 'Android', '90.3742', '23.7018', 'Bangladesh', 'BD', '2021-08-13 13:35:21', '2021-08-13 13:35:21'),
(362, 88, '120.89.65.200', ' - - Bangladesh - BD ', 'Handheld Browser', 'Android', '90.3742', '23.7018', 'Bangladesh', 'BD', '2021-08-13 13:36:33', '2021-08-13 13:36:33'),
(363, 88, '120.89.65.206', ' - - Bangladesh - BD ', 'Handheld Browser', 'Android', '90.3742', '23.7018', 'Bangladesh', 'BD', '2021-08-13 17:31:49', '2021-08-13 17:31:49'),
(364, 85, '120.89.65.206', ' - - Bangladesh - BD ', 'Handheld Browser', 'Android', '90.3742', '23.7018', 'Bangladesh', 'BD', '2021-08-13 17:32:58', '2021-08-13 17:32:58'),
(365, 32, '103.67.157.204', 'Dhaka - - Bangladesh - BD ', 'Chrome', 'Windows Server 2003/XP x64', '90.4093', '23.7272', 'Bangladesh', 'BD', '2021-08-13 23:03:33', '2021-08-13 23:03:33'),
(366, 105, '123.108.246.230', 'Dhaka - - Bangladesh - BD ', 'Handheld Browser', 'Android', '90.4093', '23.7272', 'Bangladesh', 'BD', '2021-08-14 00:24:00', '2021-08-14 00:24:00'),
(367, 105, '103.152.18.173', 'Rangpur City - - Bangladesh - BD ', 'Handheld Browser', 'Android', '89.2762', '25.7317', 'Bangladesh', 'BD', '2021-08-14 00:34:11', '2021-08-14 00:34:11'),
(368, 32, '103.67.157.148', 'Dhaka - - Bangladesh - BD ', 'Chrome', 'Windows Server 2003/XP x64', '90.4093', '23.7272', 'Bangladesh', 'BD', '2021-08-14 02:04:03', '2021-08-14 02:04:03'),
(369, 75, '103.250.71.175', 'Dhaka - - Bangladesh - BD ', 'Handheld Browser', 'Android', '90.4254', '23.7518', 'Bangladesh', 'BD', '2021-08-14 02:25:01', '2021-08-14 02:25:01'),
(370, 94, '123.108.246.230', 'Dhaka - - Bangladesh - BD ', 'Handheld Browser', 'Android', '90.4093', '23.7272', 'Bangladesh', 'BD', '2021-08-14 02:30:24', '2021-08-14 02:30:24'),
(371, 105, '123.108.246.230', 'Dhaka - - Bangladesh - BD ', 'Handheld Browser', 'Android', '90.4093', '23.7272', 'Bangladesh', 'BD', '2021-08-14 02:51:33', '2021-08-14 02:51:33'),
(372, 105, '37.111.232.95', 'Bogra - - Bangladesh - BD ', 'Handheld Browser', 'Android', '89.3138', '24.806', 'Bangladesh', 'BD', '2021-08-14 05:33:20', '2021-08-14 05:33:20'),
(373, 24, '116.58.200.102', 'Dhaka - - Bangladesh - BD ', 'Chrome', 'Windows Server 2003/XP x64', '90.4093', '23.7272', 'Bangladesh', 'BD', '2021-08-14 05:43:39', '2021-08-14 05:43:39'),
(374, 24, '103.58.74.9', 'Dhaka - - Bangladesh - BD ', 'Firefox', 'Windows 10', '90.4254', '23.7518', 'Bangladesh', 'BD', '2021-08-14 05:55:45', '2021-08-14 05:55:45'),
(375, 94, '37.111.232.95', 'Bogra - - Bangladesh - BD ', 'Handheld Browser', 'Android', '89.3138', '24.806', 'Bangladesh', 'BD', '2021-08-14 06:35:46', '2021-08-14 06:35:46'),
(376, 24, '116.58.202.231', 'Dhaka - - Bangladesh - BD ', 'Chrome', 'Windows Server 2003/XP x64', '90.4263', '23.7011', 'Bangladesh', 'BD', '2021-08-14 08:30:41', '2021-08-14 08:30:41'),
(377, 32, '116.58.202.231', 'Dhaka - - Bangladesh - BD ', 'Chrome', 'Windows Server 2003/XP x64', '90.4263', '23.7011', 'Bangladesh', 'BD', '2021-08-14 08:31:47', '2021-08-14 08:31:47'),
(378, 104, '116.58.200.218', 'Dhaka - - Bangladesh - BD ', 'Handheld Browser', 'Android', '90.4093', '23.7272', 'Bangladesh', 'BD', '2021-08-14 08:35:16', '2021-08-14 08:35:16'),
(379, 93, '37.111.248.62', 'Joypurhat - - Bangladesh - BD ', 'Handheld Browser', 'Android', '89.1033', '25.0971', 'Bangladesh', 'BD', '2021-08-14 11:23:21', '2021-08-14 11:23:21'),
(380, 82, '37.111.238.112', 'Dhaka - - Bangladesh - BD ', 'Handheld Browser', 'Android', '90.4093', '23.7272', 'Bangladesh', 'BD', '2021-08-14 12:03:04', '2021-08-14 12:03:04'),
(381, 75, '37.111.238.112', 'Dhaka - - Bangladesh - BD ', 'Handheld Browser', 'Android', '90.4093', '23.7272', 'Bangladesh', 'BD', '2021-08-14 13:47:35', '2021-08-14 13:47:35'),
(382, 85, '120.89.64.206', ' - - Bangladesh - BD ', 'Handheld Browser', 'Android', '90.3742', '23.7018', 'Bangladesh', 'BD', '2021-08-14 13:47:47', '2021-08-14 13:47:47'),
(383, 88, '120.89.64.206', ' - - Bangladesh - BD ', 'Handheld Browser', 'Android', '90.3742', '23.7018', 'Bangladesh', 'BD', '2021-08-14 13:49:23', '2021-08-14 13:49:23'),
(384, 85, '120.89.64.200', ' - - Bangladesh - BD ', 'Handheld Browser', 'Android', '90.3742', '23.7018', 'Bangladesh', 'BD', '2021-08-14 17:34:41', '2021-08-14 17:34:41'),
(385, 105, '103.152.18.173', 'Rangpur City - - Bangladesh - BD ', 'Handheld Browser', 'Android', '89.2762', '25.7317', 'Bangladesh', 'BD', '2021-08-14 23:18:58', '2021-08-14 23:18:58'),
(386, 85, '120.89.65.200', ' - - Bangladesh - BD ', 'Handheld Browser', 'Android', '90.3742', '23.7018', 'Bangladesh', 'BD', '2021-08-15 01:21:41', '2021-08-15 01:21:41'),
(387, 94, '37.111.232.2', 'Bogra - - Bangladesh - BD ', 'Handheld Browser', 'Android', '89.3138', '24.806', 'Bangladesh', 'BD', '2021-08-15 02:13:34', '2021-08-15 02:13:34'),
(388, 85, '120.89.65.200', ' - - Bangladesh - BD ', 'Handheld Browser', 'Android', '90.3742', '23.7018', 'Bangladesh', 'BD', '2021-08-15 06:25:15', '2021-08-15 06:25:15'),
(389, 106, '37.111.230.98', 'Dhaka - - Bangladesh - BD ', 'Handheld Browser', 'Android', '90.4093', '23.7272', 'Bangladesh', 'BD', '2021-08-15 08:57:08', '2021-08-15 08:57:08'),
(390, 106, '37.111.230.98', 'Dhaka - - Bangladesh - BD ', 'Handheld Browser', 'Android', '90.4093', '23.7272', 'Bangladesh', 'BD', '2021-08-15 09:10:15', '2021-08-15 09:10:15'),
(391, 106, '37.111.230.98', 'Dhaka - - Bangladesh - BD ', 'Handheld Browser', 'Android', '90.4093', '23.7272', 'Bangladesh', 'BD', '2021-08-15 09:10:15', '2021-08-15 09:10:15'),
(392, 93, '37.111.238.32', 'Dhaka - - Bangladesh - BD ', 'Handheld Browser', 'Android', '90.4093', '23.7272', 'Bangladesh', 'BD', '2021-08-15 09:25:27', '2021-08-15 09:25:27'),
(393, 94, '37.111.238.90', 'Dhaka - - Bangladesh - BD ', 'Handheld Browser', 'Android', '90.4093', '23.7272', 'Bangladesh', 'BD', '2021-08-15 12:10:28', '2021-08-15 12:10:28'),
(394, 85, '120.89.64.200', ' - - Bangladesh - BD ', 'Handheld Browser', 'Android', '90.3742', '23.7018', 'Bangladesh', 'BD', '2021-08-15 13:47:17', '2021-08-15 13:47:17'),
(395, 100, '37.111.248.145', 'Dhaka - - Bangladesh - BD ', 'Handheld Browser', 'Android', '90.4093', '23.7272', 'Bangladesh', 'BD', '2021-08-15 20:07:21', '2021-08-15 20:07:21'),
(396, 32, '43.245.121.236', 'Dhaka - - Bangladesh - BD ', 'Chrome', 'Windows Server 2003/XP x64', '90.4093', '23.7272', 'Bangladesh', 'BD', '2021-08-15 21:50:02', '2021-08-15 21:50:02'),
(397, 93, '37.111.232.177', 'Rangpur City - - Bangladesh - BD ', 'Handheld Browser', 'Android', '89.2751', '25.5724', 'Bangladesh', 'BD', '2021-08-15 23:30:10', '2021-08-15 23:30:10'),
(398, 107, '37.111.232.177', 'Rangpur City - - Bangladesh - BD ', 'Handheld Browser', 'Android', '89.2751', '25.5724', 'Bangladesh', 'BD', '2021-08-15 23:50:29', '2021-08-15 23:50:29'),
(399, 93, '37.111.232.177', 'Rangpur City - - Bangladesh - BD ', 'Handheld Browser', 'Android', '89.2751', '25.5724', 'Bangladesh', 'BD', '2021-08-16 00:04:59', '2021-08-16 00:04:59'),
(400, 77, '37.111.229.9', 'Dhaka - - Bangladesh - BD ', 'Handheld Browser', 'Android', '90.4093', '23.7272', 'Bangladesh', 'BD', '2021-08-16 02:55:35', '2021-08-16 02:55:35'),
(401, 107, '103.25.248.243', 'Dhaka - - Bangladesh - BD ', 'Handheld Browser', 'Android', '90.4254', '23.7518', 'Bangladesh', 'BD', '2021-08-16 03:44:01', '2021-08-16 03:44:01'),
(402, 93, '37.111.238.230', 'Dhaka - - Bangladesh - BD ', 'Handheld Browser', 'Android', '90.4093', '23.7272', 'Bangladesh', 'BD', '2021-08-16 04:05:11', '2021-08-16 04:05:11'),
(403, 93, '37.111.238.230', 'Dhaka - - Bangladesh - BD ', 'Handheld Browser', 'Android', '90.4093', '23.7272', 'Bangladesh', 'BD', '2021-08-16 04:06:38', '2021-08-16 04:06:38'),
(404, 106, '37.111.238.230', 'Dhaka - - Bangladesh - BD ', 'Handheld Browser', 'Android', '90.4093', '23.7272', 'Bangladesh', 'BD', '2021-08-16 04:08:55', '2021-08-16 04:08:55'),
(405, 75, '37.111.239.27', 'Dhaka - - Bangladesh - BD ', 'Handheld Browser', 'Android', '90.3628', '23.7701', 'Bangladesh', 'BD', '2021-08-16 04:34:32', '2021-08-16 04:34:32'),
(406, 32, '103.67.159.0', 'Dhaka - - Bangladesh - BD ', 'Chrome', 'Windows Server 2003/XP x64', '90.4109', '23.7908', 'Bangladesh', 'BD', '2021-08-16 04:37:54', '2021-08-16 04:37:54'),
(407, 24, '103.67.159.0', 'Dhaka - - Bangladesh - BD ', 'Chrome', 'Windows Server 2003/XP x64', '90.4109', '23.7908', 'Bangladesh', 'BD', '2021-08-16 04:39:14', '2021-08-16 04:39:14'),
(408, 100, '37.111.238.96', 'Dhaka - - Bangladesh - BD ', 'Handheld Browser', 'Android', '90.4093', '23.7272', 'Bangladesh', 'BD', '2021-08-16 07:12:18', '2021-08-16 07:12:18'),
(409, 106, '37.111.239.114', 'Dhaka - - Bangladesh - BD ', 'Handheld Browser', 'Android', '90.3628', '23.7701', 'Bangladesh', 'BD', '2021-08-16 09:30:46', '2021-08-16 09:30:46'),
(410, 93, '37.111.239.114', 'Dhaka - - Bangladesh - BD ', 'Handheld Browser', 'Android', '90.3628', '23.7701', 'Bangladesh', 'BD', '2021-08-16 09:47:59', '2021-08-16 09:47:59'),
(411, 106, '37.111.248.250', 'Dhaka - - Bangladesh - BD ', 'Handheld Browser', 'Android', '90.4093', '23.7272', 'Bangladesh', 'BD', '2021-08-16 09:59:42', '2021-08-16 09:59:42'),
(412, 75, '103.250.71.175', 'Dhaka - - Bangladesh - BD ', 'Handheld Browser', 'Android', '90.4254', '23.7518', 'Bangladesh', 'BD', '2021-08-16 10:11:48', '2021-08-16 10:11:48'),
(413, 93, '37.111.225.38', 'Rangpur City - - Bangladesh - BD ', 'Handheld Browser', 'Android', '89.2751', '25.5724', 'Bangladesh', 'BD', '2021-08-16 11:39:39', '2021-08-16 11:39:39'),
(414, 107, '37.111.225.38', 'Rangpur City - - Bangladesh - BD ', 'Handheld Browser', 'Android', '89.2751', '25.5724', 'Bangladesh', 'BD', '2021-08-16 11:43:08', '2021-08-16 11:43:08'),
(415, 94, '37.111.232.12', 'Bogra - - Bangladesh - BD ', 'Handheld Browser', 'Android', '89.3138', '24.806', 'Bangladesh', 'BD', '2021-08-16 11:48:47', '2021-08-16 11:48:47'),
(416, 93, '37.111.225.38', 'Rangpur City - - Bangladesh - BD ', 'Handheld Browser', 'Android', '89.2751', '25.5724', 'Bangladesh', 'BD', '2021-08-16 11:56:35', '2021-08-16 11:56:35'),
(417, 107, '103.26.246.198', 'Dinajpur - - Bangladesh - BD ', 'Handheld Browser', 'Android', '88.654', '25.8623', 'Bangladesh', 'BD', '2021-08-16 12:22:28', '2021-08-16 12:22:28'),
(418, 85, '120.89.64.200', ' - - Bangladesh - BD ', 'Handheld Browser', 'Android', '90.3742', '23.7018', 'Bangladesh', 'BD', '2021-08-16 13:26:19', '2021-08-16 13:26:19'),
(419, 75, '103.250.71.175', 'Dhaka - - Bangladesh - BD ', 'Handheld Browser', 'Android', '90.4254', '23.7518', 'Bangladesh', 'BD', '2021-08-16 13:28:56', '2021-08-16 13:28:56'),
(420, 100, '37.111.231.19', 'Sirajganj - - Bangladesh - BD ', 'Handheld Browser', 'Android', '89.5942', '24.3016', 'Bangladesh', 'BD', '2021-08-16 18:40:38', '2021-08-16 18:40:38'),
(421, 94, '37.111.232.12', 'Bogra - - Bangladesh - BD ', 'Handheld Browser', 'Android', '89.3138', '24.806', 'Bangladesh', 'BD', '2021-08-16 20:05:04', '2021-08-16 20:05:04'),
(422, 107, '103.25.250.241', 'Dhaka - - Bangladesh - BD ', 'Handheld Browser', 'Android', '90.4093', '23.7272', 'Bangladesh', 'BD', '2021-08-16 22:20:13', '2021-08-16 22:20:13'),
(423, 100, '37.111.229.225', 'Dhaka - - Bangladesh - BD ', 'Handheld Browser', 'Android', '90.4093', '23.7272', 'Bangladesh', 'BD', '2021-08-16 23:20:41', '2021-08-16 23:20:41'),
(424, 107, '37.111.229.163', 'Dhaka - - Bangladesh - BD ', 'Handheld Browser', 'Android', '90.4093', '23.7272', 'Bangladesh', 'BD', '2021-08-17 03:18:47', '2021-08-17 03:18:47'),
(425, 93, '37.111.229.163', 'Dhaka - - Bangladesh - BD ', 'Handheld Browser', 'Android', '90.4093', '23.7272', 'Bangladesh', 'BD', '2021-08-17 03:35:52', '2021-08-17 03:35:52'),
(426, 24, '116.58.200.208', 'Dhaka - - Bangladesh - BD ', 'Chrome', 'Windows Server 2003/XP x64', '90.4093', '23.7272', 'Bangladesh', 'BD', '2021-08-17 05:19:05', '2021-08-17 05:19:05'),
(427, 32, '116.58.200.208', 'Dhaka - - Bangladesh - BD ', 'Chrome', 'Windows Server 2003/XP x64', '90.4093', '23.7272', 'Bangladesh', 'BD', '2021-08-17 05:24:56', '2021-08-17 05:24:56'),
(428, 75, '103.250.71.175', 'Dhaka - - Bangladesh - BD ', 'Handheld Browser', 'Android', '90.4254', '23.7518', 'Bangladesh', 'BD', '2021-08-17 05:45:44', '2021-08-17 05:45:44'),
(429, 100, '37.111.226.57', 'Nawabganj - - Bangladesh - BD ', 'Handheld Browser', 'Android', '88.2939', '24.5992', 'Bangladesh', 'BD', '2021-08-17 08:14:05', '2021-08-17 08:14:05'),
(430, 108, '37.111.248.117', 'Joypurhat - - Bangladesh - BD ', 'Handheld Browser', 'Android', '89.1033', '25.0971', 'Bangladesh', 'BD', '2021-08-17 09:33:51', '2021-08-17 09:33:51'),
(431, 109, '37.111.248.117', 'Joypurhat - - Bangladesh - BD ', 'Handheld Browser', 'Android', '89.1033', '25.0971', 'Bangladesh', 'BD', '2021-08-17 09:47:38', '2021-08-17 09:47:38'),
(432, 110, '37.111.248.117', 'Joypurhat - - Bangladesh - BD ', 'Handheld Browser', 'Android', '89.1033', '25.0971', 'Bangladesh', 'BD', '2021-08-17 09:52:32', '2021-08-17 09:52:32'),
(433, 110, '37.111.248.117', 'Joypurhat - - Bangladesh - BD ', 'Handheld Browser', 'Android', '89.1033', '25.0971', 'Bangladesh', 'BD', '2021-08-17 09:57:03', '2021-08-17 09:57:03'),
(434, 90, '37.111.230.149', 'Rangpur City - - Bangladesh - BD ', 'Handheld Browser', 'Android', '89.2649', '25.732', 'Bangladesh', 'BD', '2021-08-17 11:11:53', '2021-08-17 11:11:53'),
(435, 94, '123.108.246.80', 'Dhaka - - Bangladesh - BD ', 'Handheld Browser', 'Android', '90.4093', '23.7272', 'Bangladesh', 'BD', '2021-08-17 11:57:23', '2021-08-17 11:57:23'),
(436, 77, '37.111.232.54', 'Bogra - - Bangladesh - BD ', 'Handheld Browser', 'Android', '89.3138', '24.806', 'Bangladesh', 'BD', '2021-08-17 12:37:10', '2021-08-17 12:37:10'),
(437, 24, '103.58.74.9', 'Dhaka - - Bangladesh - BD ', 'Firefox', 'Windows 10', '90.4254', '23.7518', 'Bangladesh', 'BD', '2021-08-17 17:16:06', '2021-08-17 17:16:06'),
(438, 24, '103.58.74.9', 'Dhaka - - Bangladesh - BD ', 'Firefox', 'Windows 10', '90.4254', '23.7518', 'Bangladesh', 'BD', '2021-08-17 17:26:50', '2021-08-17 17:26:50'),
(439, 93, '37.111.248.161', 'Dhaka - - Bangladesh - BD ', 'Handheld Browser', 'Android', '90.4093', '23.7272', 'Bangladesh', 'BD', '2021-08-17 21:23:00', '2021-08-17 21:23:00'),
(440, 94, '123.108.246.80', 'Dhaka - - Bangladesh - BD ', 'Handheld Browser', 'Android', '90.4093', '23.7272', 'Bangladesh', 'BD', '2021-08-17 22:01:27', '2021-08-17 22:01:27'),
(441, 100, '37.111.232.153', 'Rangpur City - - Bangladesh - BD ', 'Handheld Browser', 'Android', '89.2751', '25.5724', 'Bangladesh', 'BD', '2021-08-17 22:47:43', '2021-08-17 22:47:43'),
(442, 106, '103.106.239.240', 'Lalmonirhat - - Bangladesh - BD ', 'Handheld Browser', 'Android', '89.355', '25.9254', 'Bangladesh', 'BD', '2021-08-17 23:54:12', '2021-08-17 23:54:12'),
(443, 77, '123.108.246.194', 'Dhaka - - Bangladesh - BD ', 'Handheld Browser', 'Android', '90.4093', '23.7272', 'Bangladesh', 'BD', '2021-08-18 01:40:06', '2021-08-18 01:40:06'),
(444, 30, '37.111.229.12', 'Dhaka - - Bangladesh - BD ', 'Handheld Browser', 'Android', '90.4093', '23.7272', 'Bangladesh', 'BD', '2021-08-18 02:53:59', '2021-08-18 02:53:59'),
(445, 100, '37.111.205.42', 'Dhaka - - Bangladesh - BD ', 'Handheld Browser', 'Android', '90.4093', '23.7272', 'Bangladesh', 'BD', '2021-08-18 04:07:25', '2021-08-18 04:07:25'),
(446, 94, '37.111.225.83', 'Rangpur City - - Bangladesh - BD ', 'Handheld Browser', 'Android', '89.2649', '25.732', 'Bangladesh', 'BD', '2021-08-18 06:37:11', '2021-08-18 06:37:11'),
(447, 32, '103.67.156.23', 'Shyampur - - Bangladesh - BD ', 'Chrome', 'Windows Server 2003/XP x64', '91.1312', '22.8268', 'Bangladesh', 'BD', '2021-08-18 10:19:54', '2021-08-18 10:19:54'),
(448, 94, '37.111.225.83', 'Rangpur City - - Bangladesh - BD ', 'Handheld Browser', 'Android', '89.2649', '25.732', 'Bangladesh', 'BD', '2021-08-18 11:47:53', '2021-08-18 11:47:53'),
(449, 100, '37.111.199.77', 'Dhaka - - Bangladesh - BD ', 'Handheld Browser', 'Android', '90.4093', '23.7272', 'Bangladesh', 'BD', '2021-08-18 11:57:01', '2021-08-18 11:57:01'),
(450, 24, '103.58.74.8', 'Dhaka - - Bangladesh - BD ', 'Firefox', 'Windows 10', '90.4254', '23.7518', 'Bangladesh', 'BD', '2021-08-18 16:32:08', '2021-08-18 16:32:08'),
(451, 111, '103.58.74.8', 'Dhaka - - Bangladesh - BD ', 'Chrome', 'Windows 10', '90.4254', '23.7518', 'Bangladesh', 'BD', '2021-08-18 17:01:35', '2021-08-18 17:01:35'),
(452, 112, '103.58.74.8', 'Dhaka - - Bangladesh - BD ', 'Chrome', 'Windows 10', '90.4254', '23.7518', 'Bangladesh', 'BD', '2021-08-18 17:24:47', '2021-08-18 17:24:47'),
(453, 113, '103.58.74.8', 'Dhaka - - Bangladesh - BD ', 'Chrome', 'Windows 10', '90.4254', '23.7518', 'Bangladesh', 'BD', '2021-08-18 17:30:38', '2021-08-18 17:30:38'),
(454, 100, '37.111.228.118', 'Dhaka - - Bangladesh - BD ', 'Handheld Browser', 'Android', '90.4109', '23.7908', 'Bangladesh', 'BD', '2021-08-18 19:14:37', '2021-08-18 19:14:37'),
(455, 32, '168.235.198.172', 'Bogra - - Bangladesh - BD ', 'Chrome', 'Windows Server 2003/XP x64', '89.3138', '24.806', 'Bangladesh', 'BD', '2021-08-18 21:17:05', '2021-08-18 21:17:05'),
(456, 105, '103.152.18.170', 'Rangpur City - - Bangladesh - BD ', 'Handheld Browser', 'Android', '89.2762', '25.7317', 'Bangladesh', 'BD', '2021-08-18 21:28:18', '2021-08-18 21:28:18'),
(457, 93, '37.111.225.139', 'Rangpur City - - Bangladesh - BD ', 'Handheld Browser', 'Android', '89.2649', '25.732', 'Bangladesh', 'BD', '2021-08-18 22:36:05', '2021-08-18 22:36:05'),
(458, 90, '37.111.227.227', 'Dhaka - - Bangladesh - BD ', 'Handheld Browser', 'Android', '90.4093', '23.7272', 'Bangladesh', 'BD', '2021-08-18 22:49:52', '2021-08-18 22:49:52'),
(459, 32, '103.67.157.52', 'Dhaka - - Bangladesh - BD ', 'Chrome', 'Windows Server 2003/XP x64', '90.4093', '23.7272', 'Bangladesh', 'BD', '2021-08-19 00:13:55', '2021-08-19 00:13:55'),
(460, 75, '37.111.231.31', 'Sirajganj - - Bangladesh - BD ', 'Handheld Browser', 'Android', '89.5942', '24.3016', 'Bangladesh', 'BD', '2021-08-19 00:22:34', '2021-08-19 00:22:34'),
(461, 90, '37.111.227.227', 'Dhaka - - Bangladesh - BD ', 'Handheld Browser', 'Android', '90.4093', '23.7272', 'Bangladesh', 'BD', '2021-08-19 01:54:54', '2021-08-19 01:54:54'),
(462, 32, '43.245.121.142', 'Dhaka - - Bangladesh - BD ', 'Chrome', 'Windows Server 2003/XP x64', '90.4093', '23.7272', 'Bangladesh', 'BD', '2021-08-19 02:00:33', '2021-08-19 02:00:33'),
(463, 85, '37.111.199.142', 'Dhaka - - Bangladesh - BD ', 'Handheld Browser', 'Android', '90.4093', '23.7272', 'Bangladesh', 'BD', '2021-08-19 02:04:19', '2021-08-19 02:04:19'),
(464, 88, '37.111.199.142', 'Dhaka - - Bangladesh - BD ', 'Handheld Browser', 'Android', '90.4093', '23.7272', 'Bangladesh', 'BD', '2021-08-19 02:05:45', '2021-08-19 02:05:45'),
(465, 85, '37.111.199.142', 'Dhaka - - Bangladesh - BD ', 'Handheld Browser', 'Android', '90.4093', '23.7272', 'Bangladesh', 'BD', '2021-08-19 02:07:06', '2021-08-19 02:07:06'),
(466, 106, '103.106.239.240', 'Lalmonirhat - - Bangladesh - BD ', 'Handheld Browser', 'Android', '89.355', '25.9254', 'Bangladesh', 'BD', '2021-08-19 02:27:43', '2021-08-19 02:27:43'),
(467, 104, '43.245.122.137', 'Dhaka - - Bangladesh - BD ', 'Handheld Browser', 'Android', '90.4263', '23.7011', 'Bangladesh', 'BD', '2021-08-19 02:33:03', '2021-08-19 02:33:03'),
(468, 104, '43.245.122.137', 'Dhaka - - Bangladesh - BD ', 'Handheld Browser', 'Android', '90.4263', '23.7011', 'Bangladesh', 'BD', '2021-08-19 02:34:26', '2021-08-19 02:34:26'),
(469, 32, '116.58.201.200', 'Dhaka - - Bangladesh - BD ', 'Chrome', 'Windows Server 2003/XP x64', '90.4109', '23.7908', 'Bangladesh', 'BD', '2021-08-19 04:47:28', '2021-08-19 04:47:28'),
(470, 93, '37.111.226.45', 'Nawabganj - - Bangladesh - BD ', 'Handheld Browser', 'Android', '88.2939', '24.5992', 'Bangladesh', 'BD', '2021-08-19 05:26:16', '2021-08-19 05:26:16'),
(471, 90, '37.111.227.227', 'Dhaka - - Bangladesh - BD ', 'Handheld Browser', 'Android', '90.4093', '23.7272', 'Bangladesh', 'BD', '2021-08-19 06:54:24', '2021-08-19 06:54:24'),
(472, 104, '43.245.122.137', 'Dhaka - - Bangladesh - BD ', 'Handheld Browser', 'Android', '90.4263', '23.7011', 'Bangladesh', 'BD', '2021-08-19 06:59:19', '2021-08-19 06:59:19'),
(473, 94, '37.111.232.181', 'Rangpur City - - Bangladesh - BD ', 'Handheld Browser', 'Android', '89.2751', '25.5724', 'Bangladesh', 'BD', '2021-08-19 07:16:39', '2021-08-19 07:16:39'),
(474, 90, '37.111.227.227', 'Dhaka - - Bangladesh - BD ', 'Handheld Browser', 'Android', '90.4093', '23.7272', 'Bangladesh', 'BD', '2021-08-19 07:30:48', '2021-08-19 07:30:48'),
(475, 90, '37.111.248.77', 'Joypurhat - - Bangladesh - BD ', 'Handheld Browser', 'Android', '89.1033', '25.0971', 'Bangladesh', 'BD', '2021-08-19 10:28:00', '2021-08-19 10:28:00'),
(476, 77, '37.111.238.250', 'Dhaka - - Bangladesh - BD ', 'Handheld Browser', 'Android', '90.4093', '23.7272', 'Bangladesh', 'BD', '2021-08-19 10:56:52', '2021-08-19 10:56:52'),
(477, 90, '43.245.121.166', 'Dhaka - - Bangladesh - BD ', 'Chrome', 'Windows Server 2003/XP x64', '90.4093', '23.7272', 'Bangladesh', 'BD', '2021-08-19 10:59:04', '2021-08-19 10:59:04'),
(478, 90, '37.111.248.77', 'Joypurhat - - Bangladesh - BD ', 'Handheld Browser', 'Android', '89.1033', '25.0971', 'Bangladesh', 'BD', '2021-08-19 11:04:01', '2021-08-19 11:04:01'),
(479, 85, '37.111.224.131', 'Dhaka - - Bangladesh - BD ', 'Handheld Browser', 'Android', '90.4093', '23.7272', 'Bangladesh', 'BD', '2021-08-19 11:31:23', '2021-08-19 11:31:23'),
(480, 32, '116.58.203.125', 'Dhaka - - Bangladesh - BD ', 'Chrome', 'Windows Server 2003/XP x64', '90.4263', '23.7011', 'Bangladesh', 'BD', '2021-08-19 12:59:55', '2021-08-19 12:59:55'),
(481, 32, '116.58.203.125', 'Dhaka - - Bangladesh - BD ', 'Chrome', 'Windows Server 2003/XP x64', '90.4263', '23.7011', 'Bangladesh', 'BD', '2021-08-19 13:26:24', '2021-08-19 13:26:24'),
(482, 114, '103.58.74.8', 'Dhaka - - Bangladesh - BD ', 'Firefox', 'Windows 10', '90.4254', '23.7518', 'Bangladesh', 'BD', '2021-08-19 19:08:06', '2021-08-19 19:08:06'),
(483, 85, '37.111.239.4', 'Dhaka - - Bangladesh - BD ', 'Handheld Browser', 'Android', '90.3628', '23.7701', 'Bangladesh', 'BD', '2021-08-19 20:22:12', '2021-08-19 20:22:12'),
(484, 32, '116.58.203.101', 'Dhaka - - Bangladesh - BD ', 'Chrome', 'Windows Server 2003/XP x64', '90.4263', '23.7011', 'Bangladesh', 'BD', '2021-08-19 21:15:32', '2021-08-19 21:15:32'),
(485, 115, '116.58.203.101', 'Dhaka - - Bangladesh - BD ', 'Chrome', 'Windows Server 2003/XP x64', '90.4263', '23.7011', 'Bangladesh', 'BD', '2021-08-19 21:20:47', '2021-08-19 21:20:47'),
(486, 115, '116.58.203.101', 'Dhaka - - Bangladesh - BD ', 'Chrome', 'Windows Server 2003/XP x64', '90.4263', '23.7011', 'Bangladesh', 'BD', '2021-08-19 21:22:41', '2021-08-19 21:22:41'),
(487, 106, '103.209.83.110', ' - - Bangladesh - BD ', 'Handheld Browser', 'Android', '90.3742', '23.7018', 'Bangladesh', 'BD', '2021-08-19 21:48:16', '2021-08-19 21:48:16'),
(488, 90, '116.58.203.101', 'Dhaka - - Bangladesh - BD ', 'Chrome', 'Windows Server 2003/XP x64', '90.4263', '23.7011', 'Bangladesh', 'BD', '2021-08-19 22:38:11', '2021-08-19 22:38:11'),
(489, 90, '116.58.203.101', 'Dhaka - - Bangladesh - BD ', 'Chrome', 'Windows Server 2003/XP x64', '90.4263', '23.7011', 'Bangladesh', 'BD', '2021-08-19 22:41:01', '2021-08-19 22:41:01'),
(490, 116, '116.58.203.101', 'Dhaka - - Bangladesh - BD ', 'Chrome', 'Windows Server 2003/XP x64', '90.4263', '23.7011', 'Bangladesh', 'BD', '2021-08-19 22:51:35', '2021-08-19 22:51:35'),
(491, 90, '116.58.203.101', 'Dhaka - - Bangladesh - BD ', 'Chrome', 'Windows Server 2003/XP x64', '90.4263', '23.7011', 'Bangladesh', 'BD', '2021-08-19 22:53:05', '2021-08-19 22:53:05'),
(492, 90, '37.111.248.77', 'Joypurhat - - Bangladesh - BD ', 'Handheld Browser', 'Android', '89.1033', '25.0971', 'Bangladesh', 'BD', '2021-08-19 22:59:28', '2021-08-19 22:59:28'),
(493, 117, '116.58.203.101', 'Dhaka - - Bangladesh - BD ', 'Chrome', 'Windows Server 2003/XP x64', '90.4263', '23.7011', 'Bangladesh', 'BD', '2021-08-19 23:01:24', '2021-08-19 23:01:24'),
(494, 118, '116.58.203.101', 'Dhaka - - Bangladesh - BD ', 'Chrome', 'Windows Server 2003/XP x64', '90.4263', '23.7011', 'Bangladesh', 'BD', '2021-08-19 23:04:40', '2021-08-19 23:04:40'),
(495, 32, '116.58.203.101', 'Dhaka - - Bangladesh - BD ', 'Chrome', 'Windows Server 2003/XP x64', '90.4263', '23.7011', 'Bangladesh', 'BD', '2021-08-19 23:06:01', '2021-08-19 23:06:01'),
(496, 117, '116.58.203.101', 'Dhaka - - Bangladesh - BD ', 'Chrome', 'Windows Server 2003/XP x64', '90.4263', '23.7011', 'Bangladesh', 'BD', '2021-08-19 23:07:06', '2021-08-19 23:07:06'),
(497, 90, '116.58.203.101', 'Dhaka - - Bangladesh - BD ', 'Chrome', 'Windows Server 2003/XP x64', '90.4263', '23.7011', 'Bangladesh', 'BD', '2021-08-19 23:09:49', '2021-08-19 23:09:49'),
(498, 75, '37.111.230.181', 'Rangpur City - - Bangladesh - BD ', 'Handheld Browser', 'Android', '89.2649', '25.732', 'Bangladesh', 'BD', '2021-08-19 23:10:30', '2021-08-19 23:10:30'),
(499, 118, '116.58.203.101', 'Dhaka - - Bangladesh - BD ', 'Chrome', 'Windows Server 2003/XP x64', '90.4263', '23.7011', 'Bangladesh', 'BD', '2021-08-19 23:10:51', '2021-08-19 23:10:51'),
(500, 90, '116.58.203.101', 'Dhaka - - Bangladesh - BD ', 'Chrome', 'Windows Server 2003/XP x64', '90.4263', '23.7011', 'Bangladesh', 'BD', '2021-08-19 23:11:41', '2021-08-19 23:11:41'),
(501, 32, '116.58.203.101', 'Dhaka - - Bangladesh - BD ', 'Chrome', 'Windows Server 2003/XP x64', '90.4263', '23.7011', 'Bangladesh', 'BD', '2021-08-19 23:14:37', '2021-08-19 23:14:37'),
(502, 24, '116.58.203.101', 'Dhaka - - Bangladesh - BD ', 'Chrome', 'Windows Server 2003/XP x64', '90.4263', '23.7011', 'Bangladesh', 'BD', '2021-08-19 23:16:56', '2021-08-19 23:16:56'),
(503, 32, '116.58.203.101', 'Dhaka - - Bangladesh - BD ', 'Chrome', 'Windows Server 2003/XP x64', '90.4263', '23.7011', 'Bangladesh', 'BD', '2021-08-19 23:17:50', '2021-08-19 23:17:50'),
(504, 24, '103.58.74.8', 'Dhaka - - Bangladesh - BD ', 'Firefox', 'Windows 10', '90.4254', '23.7518', 'Bangladesh', 'BD', '2021-08-19 23:21:19', '2021-08-19 23:21:19'),
(505, 93, '37.111.239.127', 'Dhaka - - Bangladesh - BD ', 'Handheld Browser', 'Android', '90.3628', '23.7701', 'Bangladesh', 'BD', '2021-08-19 23:49:32', '2021-08-19 23:49:32'),
(506, 93, '37.111.239.127', 'Dhaka - - Bangladesh - BD ', 'Handheld Browser', 'Android', '90.3628', '23.7701', 'Bangladesh', 'BD', '2021-08-19 23:52:46', '2021-08-19 23:52:46'),
(507, 90, '37.111.248.77', 'Joypurhat - - Bangladesh - BD ', 'Handheld Browser', 'Android', '89.1033', '25.0971', 'Bangladesh', 'BD', '2021-08-20 00:22:35', '2021-08-20 00:22:35'),
(508, 118, '103.163.171.206', ' - -  -  ', 'Handheld Browser', 'Android', '', '', '', '', '2021-08-20 00:29:24', '2021-08-20 00:29:24'),
(509, 119, '37.111.239.127', 'Dhaka - - Bangladesh - BD ', 'Handheld Browser', 'Android', '90.3628', '23.7701', 'Bangladesh', 'BD', '2021-08-20 00:44:09', '2021-08-20 00:44:09'),
(510, 106, '37.111.225.250', 'Rangpur City - - Bangladesh - BD ', 'Handheld Browser', 'Android', '89.2649', '25.732', 'Bangladesh', 'BD', '2021-08-20 00:50:19', '2021-08-20 00:50:19'),
(511, 119, '37.111.239.127', 'Dhaka - - Bangladesh - BD ', 'Handheld Browser', 'Android', '90.3628', '23.7701', 'Bangladesh', 'BD', '2021-08-20 00:53:01', '2021-08-20 00:53:01'),
(512, 93, '37.111.239.127', 'Dhaka - - Bangladesh - BD ', 'Handheld Browser', 'Android', '90.3628', '23.7701', 'Bangladesh', 'BD', '2021-08-20 01:00:49', '2021-08-20 01:00:49'),
(513, 119, '37.111.239.127', 'Dhaka - - Bangladesh - BD ', 'Handheld Browser', 'Android', '90.3628', '23.7701', 'Bangladesh', 'BD', '2021-08-20 01:04:19', '2021-08-20 01:04:19'),
(514, 106, '37.111.226.151', 'Birganj - - Bangladesh - BD ', 'Handheld Browser', 'Android', '88.654', '25.8623', 'Bangladesh', 'BD', '2021-08-20 03:10:00', '2021-08-20 03:10:00'),
(515, 119, '103.25.250.232', 'Dhaka - - Bangladesh - BD ', 'Handheld Browser', 'Android', '90.4093', '23.7272', 'Bangladesh', 'BD', '2021-08-20 05:09:18', '2021-08-20 05:09:18'),
(516, 90, '37.111.248.77', 'Joypurhat - - Bangladesh - BD ', 'Handheld Browser', 'Android', '89.1033', '25.0971', 'Bangladesh', 'BD', '2021-08-20 05:28:35', '2021-08-20 05:28:35'),
(517, 106, '37.111.232.102', 'Bogra - - Bangladesh - BD ', 'Handheld Browser', 'Android', '89.3138', '24.806', 'Bangladesh', 'BD', '2021-08-20 06:02:21', '2021-08-20 06:02:21'),
(518, 106, '37.111.232.102', 'Bogra - - Bangladesh - BD ', 'Handheld Browser', 'Android', '89.3138', '24.806', 'Bangladesh', 'BD', '2021-08-20 06:07:40', '2021-08-20 06:07:40'),
(519, 100, '37.111.248.163', 'Dhaka - - Bangladesh - BD ', 'Handheld Browser', 'Android', '90.4093', '23.7272', 'Bangladesh', 'BD', '2021-08-20 06:34:32', '2021-08-20 06:34:32'),
(520, 104, '43.245.123.247', 'Dhaka - - Bangladesh - BD ', 'Handheld Browser', 'Android', '90.4263', '23.7011', 'Bangladesh', 'BD', '2021-08-20 07:32:15', '2021-08-20 07:32:15'),
(521, 90, '37.111.228.251', 'Dhaka - - Bangladesh - BD ', 'Handheld Browser', 'Android', '90.4109', '23.7908', 'Bangladesh', 'BD', '2021-08-20 08:19:37', '2021-08-20 08:19:37'),
(522, 90, '37.111.228.251', 'Dhaka - - Bangladesh - BD ', 'Handheld Browser', 'Android', '90.4109', '23.7908', 'Bangladesh', 'BD', '2021-08-20 08:27:46', '2021-08-20 08:27:46'),
(523, 106, '37.111.238.32', 'Dhaka - - Bangladesh - BD ', 'Handheld Browser', 'Android', '90.4093', '23.7272', 'Bangladesh', 'BD', '2021-08-20 09:40:08', '2021-08-20 09:40:08'),
(524, 107, '103.26.246.198', 'Dinajpur - - Bangladesh - BD ', 'Handheld Browser', 'Android', '88.654', '25.8623', 'Bangladesh', 'BD', '2021-08-20 09:50:23', '2021-08-20 09:50:23'),
(525, 119, '37.111.248.92', 'Joypurhat - - Bangladesh - BD ', 'Handheld Browser', 'Android', '89.1033', '25.0971', 'Bangladesh', 'BD', '2021-08-20 10:45:39', '2021-08-20 10:45:39'),
(526, 93, '37.111.248.92', 'Joypurhat - - Bangladesh - BD ', 'Handheld Browser', 'Android', '89.1033', '25.0971', 'Bangladesh', 'BD', '2021-08-20 10:49:42', '2021-08-20 10:49:42'),
(527, 90, '37.111.228.251', 'Dhaka - - Bangladesh - BD ', 'Handheld Browser', 'Android', '90.4109', '23.7908', 'Bangladesh', 'BD', '2021-08-20 10:55:13', '2021-08-20 10:55:13'),
(528, 106, '37.111.238.32', 'Dhaka - - Bangladesh - BD ', 'Handheld Browser', 'Android', '90.4093', '23.7272', 'Bangladesh', 'BD', '2021-08-20 17:46:21', '2021-08-20 17:46:21'),
(529, 118, '103.163.171.206', ' - -  -  ', 'Handheld Browser', 'Android', '', '', '', '', '2021-08-20 18:22:06', '2021-08-20 18:22:06'),
(530, 85, '37.111.248.213', 'Dhaka - - Bangladesh - BD ', 'Handheld Browser', 'Android', '90.4093', '23.7272', 'Bangladesh', 'BD', '2021-08-20 19:48:49', '2021-08-20 19:48:49'),
(531, 100, '37.111.238.37', 'Dhaka - - Bangladesh - BD ', 'Handheld Browser', 'Android', '90.4093', '23.7272', 'Bangladesh', 'BD', '2021-08-20 19:53:01', '2021-08-20 19:53:01'),
(532, 119, '103.25.250.232', 'Dhaka - - Bangladesh - BD ', 'Handheld Browser', 'Android', '90.4093', '23.7272', 'Bangladesh', 'BD', '2021-08-20 22:32:40', '2021-08-20 22:32:40'),
(533, 104, '43.245.123.78', 'Dhaka - - Bangladesh - BD ', 'Handheld Browser', 'Android', '90.4263', '23.7011', 'Bangladesh', 'BD', '2021-08-21 00:03:21', '2021-08-21 00:03:21'),
(534, 32, '116.58.203.35', 'Dhaka - - Bangladesh - BD ', 'Chrome', 'Windows Server 2003/XP x64', '90.4263', '23.7011', 'Bangladesh', 'BD', '2021-08-21 00:10:23', '2021-08-21 00:10:23'),
(535, 30, '37.111.231.94', 'Sirajganj - - Bangladesh - BD ', 'Handheld Browser', 'Android', '89.5942', '24.3016', 'Bangladesh', 'BD', '2021-08-21 01:15:20', '2021-08-21 01:15:20'),
(536, 30, '37.111.231.94', 'Sirajganj - - Bangladesh - BD ', 'Handheld Browser', 'Android', '89.5942', '24.3016', 'Bangladesh', 'BD', '2021-08-21 01:44:49', '2021-08-21 01:44:49'),
(537, 77, '37.111.231.94', 'Sirajganj - - Bangladesh - BD ', 'Handheld Browser', 'Android', '89.5942', '24.3016', 'Bangladesh', 'BD', '2021-08-21 02:19:17', '2021-08-21 02:19:17'),
(538, 120, '37.111.231.94', 'Sirajganj - - Bangladesh - BD ', 'Handheld Browser', 'Android', '89.5942', '24.3016', 'Bangladesh', 'BD', '2021-08-21 02:23:22', '2021-08-21 02:23:22'),
(539, 85, '37.111.231.33', 'Sirajganj - - Bangladesh - BD ', 'Handheld Browser', 'Android', '89.5942', '24.3016', 'Bangladesh', 'BD', '2021-08-21 02:23:27', '2021-08-21 02:23:27'),
(540, 77, '37.111.231.94', 'Sirajganj - - Bangladesh - BD ', 'Handheld Browser', 'Android', '89.5942', '24.3016', 'Bangladesh', 'BD', '2021-08-21 02:25:00', '2021-08-21 02:25:00'),
(541, 32, '116.58.200.41', 'Dhaka - - Bangladesh - BD ', 'Chrome', 'Windows Server 2003/XP x64', '90.4093', '23.7272', 'Bangladesh', 'BD', '2021-08-21 04:38:18', '2021-08-21 04:38:18'),
(542, 106, '37.111.238.147', 'Dhaka - - Bangladesh - BD ', 'Handheld Browser', 'Android', '90.4093', '23.7272', 'Bangladesh', 'BD', '2021-08-21 04:59:46', '2021-08-21 04:59:46'),
(543, 119, '103.25.250.228', 'Dhaka - - Bangladesh - BD ', 'Handheld Browser', 'Android', '90.4093', '23.7272', 'Bangladesh', 'BD', '2021-08-21 05:56:26', '2021-08-21 05:56:26'),
(544, 30, '37.111.232.128', 'Rangpur City - - Bangladesh - BD ', 'Handheld Browser', 'Android', '89.2751', '25.5724', 'Bangladesh', 'BD', '2021-08-21 07:47:17', '2021-08-21 07:47:17'),
(545, 100, '37.111.197.123', 'Dhaka - - Bangladesh - BD ', 'Handheld Browser', 'Android', '90.3731', '23.7552', 'Bangladesh', 'BD', '2021-08-21 07:47:43', '2021-08-21 07:47:43'),
(546, 109, '37.111.232.128', 'Rangpur City - - Bangladesh - BD ', 'Handheld Browser', 'Android', '89.2751', '25.5724', 'Bangladesh', 'BD', '2021-08-21 07:49:01', '2021-08-21 07:49:01'),
(547, 90, '37.111.239.55', 'Dhaka - - Bangladesh - BD ', 'Handheld Browser', 'Android', '90.3628', '23.7701', 'Bangladesh', 'BD', '2021-08-21 07:49:06', '2021-08-21 07:49:06'),
(548, 109, '37.111.216.149', 'Dhaka - - Bangladesh - BD ', 'Handheld Browser', 'Android', '90.3628', '23.7701', 'Bangladesh', 'BD', '2021-08-21 07:51:41', '2021-08-21 07:51:41'),
(549, 106, '103.209.83.110', ' - - Bangladesh - BD ', 'Handheld Browser', 'Android', '90.3742', '23.7018', 'Bangladesh', 'BD', '2021-08-21 07:58:11', '2021-08-21 07:58:11'),
(550, 121, '37.111.223.114', ' - - Bangladesh - BD ', 'Handheld Browser', 'Android', '90.3742', '23.7018', 'Bangladesh', 'BD', '2021-08-21 08:00:44', '2021-08-21 08:00:44'),
(551, 30, '37.111.232.128', 'Rangpur City - - Bangladesh - BD ', 'Handheld Browser', 'Android', '89.2751', '25.5724', 'Bangladesh', 'BD', '2021-08-21 08:03:56', '2021-08-21 08:03:56'),
(552, 121, '37.111.223.114', ' - - Bangladesh - BD ', 'Handheld Browser', 'Android', '90.3742', '23.7018', 'Bangladesh', 'BD', '2021-08-21 08:13:10', '2021-08-21 08:13:10'),
(553, 94, '37.111.225.32', 'Rangpur City - - Bangladesh - BD ', 'Handheld Browser', 'Android', '89.2751', '25.5724', 'Bangladesh', 'BD', '2021-08-21 08:45:35', '2021-08-21 08:45:35'),
(554, 106, '37.111.239.191', 'Dimla - - Bangladesh - BD ', 'Handheld Browser', 'Android', '89.2853', '25.7197', 'Bangladesh', 'BD', '2021-08-21 10:24:15', '2021-08-21 10:24:15'),
(555, 106, '37.111.239.191', 'Dimla - - Bangladesh - BD ', 'Handheld Browser', 'Android', '89.2853', '25.7197', 'Bangladesh', 'BD', '2021-08-21 17:50:20', '2021-08-21 17:50:20'),
(556, 100, '37.111.248.36', 'Joypurhat - - Bangladesh - BD ', 'Handheld Browser', 'Android', '89.1033', '25.0971', 'Bangladesh', 'BD', '2021-08-21 20:11:51', '2021-08-21 20:11:51'),
(557, 106, '37.111.239.191', 'Dimla - - Bangladesh - BD ', 'Handheld Browser', 'Android', '89.2853', '25.7197', 'Bangladesh', 'BD', '2021-08-21 20:27:48', '2021-08-21 20:27:48'),
(558, 32, '43.245.123.33', 'Dhaka - - Bangladesh - BD ', 'Chrome', 'Windows Server 2003/XP x64', '90.4263', '23.7011', 'Bangladesh', 'BD', '2021-08-21 22:19:41', '2021-08-21 22:19:41'),
(559, 75, '37.111.226.182', 'Dhaka - - Bangladesh - BD ', 'Handheld Browser', 'Android', '90.4109', '23.7908', 'Bangladesh', 'BD', '2021-08-21 22:47:26', '2021-08-21 22:47:26'),
(560, 90, '37.111.229.80', 'Dhaka - - Bangladesh - BD ', 'Handheld Browser', 'Android', '90.4093', '23.7272', 'Bangladesh', 'BD', '2021-08-21 23:51:18', '2021-08-21 23:51:18'),
(561, 100, '37.111.239.94', 'Dhaka - - Bangladesh - BD ', 'Handheld Browser', 'Android', '90.3628', '23.7701', 'Bangladesh', 'BD', '2021-08-22 01:18:21', '2021-08-22 01:18:21');
INSERT INTO `user_logins` (`id`, `user_id`, `user_ip`, `location`, `browser`, `os`, `longitude`, `latitude`, `country`, `country_code`, `created_at`, `updated_at`) VALUES
(562, 100, '37.111.239.94', 'Dhaka - - Bangladesh - BD ', 'Handheld Browser', 'Android', '90.3628', '23.7701', 'Bangladesh', 'BD', '2021-08-22 01:26:59', '2021-08-22 01:26:59'),
(563, 107, '37.111.232.113', 'Bogra - - Bangladesh - BD ', 'Handheld Browser', 'Android', '89.3138', '24.806', 'Bangladesh', 'BD', '2021-08-22 01:35:02', '2021-08-22 01:35:02'),
(564, 100, '37.111.239.94', 'Dhaka - - Bangladesh - BD ', 'Handheld Browser', 'Android', '90.3628', '23.7701', 'Bangladesh', 'BD', '2021-08-22 01:35:47', '2021-08-22 01:35:47'),
(565, 32, '37.111.232.144', 'Rangpur City - - Bangladesh - BD ', 'Handheld Browser', 'Android', '89.2751', '25.5724', 'Bangladesh', 'BD', '2021-08-22 02:04:00', '2021-08-22 02:04:00'),
(566, 90, '103.244.142.242', 'Dinajpur - - Bangladesh - BD ', 'Handheld Browser', 'Android', '88.5595', '25.6252', 'Bangladesh', 'BD', '2021-08-22 02:21:39', '2021-08-22 02:21:39'),
(567, 89, '37.111.224.157', 'Dhaka - - Bangladesh - BD ', 'Chrome', 'Windows Server 2003/XP x64', '90.4093', '23.7272', 'Bangladesh', 'BD', '2021-08-22 02:33:44', '2021-08-22 02:33:44'),
(568, 30, '37.111.224.157', 'Dhaka - - Bangladesh - BD ', 'Handheld Browser', 'Android', '90.4093', '23.7272', 'Bangladesh', 'BD', '2021-08-22 02:35:32', '2021-08-22 02:35:32'),
(569, 119, '37.111.248.197', 'Dhaka - - Bangladesh - BD ', 'Handheld Browser', 'Android', '90.4093', '23.7272', 'Bangladesh', 'BD', '2021-08-22 02:42:53', '2021-08-22 02:42:53'),
(570, 122, '37.111.224.157', 'Dhaka - - Bangladesh - BD ', 'Chrome', 'Windows Server 2003/XP x64', '90.4093', '23.7272', 'Bangladesh', 'BD', '2021-08-22 02:45:17', '2021-08-22 02:45:17'),
(571, 122, '37.111.224.157', 'Dhaka - - Bangladesh - BD ', 'Handheld Browser', 'Android', '90.4093', '23.7272', 'Bangladesh', 'BD', '2021-08-22 02:52:39', '2021-08-22 02:52:39'),
(572, 122, '37.111.232.144', 'Rangpur City - - Bangladesh - BD ', 'Handheld Browser', 'Android', '89.2751', '25.5724', 'Bangladesh', 'BD', '2021-08-22 02:52:53', '2021-08-22 02:52:53'),
(573, 123, '103.244.142.242', 'Dinajpur - - Bangladesh - BD ', 'Handheld Browser', 'Android', '88.5595', '25.6252', 'Bangladesh', 'BD', '2021-08-22 02:52:56', '2021-08-22 02:52:56'),
(574, 75, '37.111.226.182', 'Dhaka - - Bangladesh - BD ', 'Handheld Browser', 'Android', '90.4109', '23.7908', 'Bangladesh', 'BD', '2021-08-22 02:58:42', '2021-08-22 02:58:42'),
(575, 124, '37.111.216.160', 'Dhaka - - Bangladesh - BD ', 'Handheld Browser', 'Android', '90.3628', '23.7701', 'Bangladesh', 'BD', '2021-08-22 03:04:20', '2021-08-22 03:04:20'),
(576, 123, '103.244.142.242', 'Dinajpur - - Bangladesh - BD ', 'Handheld Browser', 'Android', '88.5595', '25.6252', 'Bangladesh', 'BD', '2021-08-22 03:11:33', '2021-08-22 03:11:33'),
(577, 100, '37.111.248.80', 'Joypurhat - - Bangladesh - BD ', 'Handheld Browser', 'Android', '89.1033', '25.0971', 'Bangladesh', 'BD', '2021-08-22 05:26:58', '2021-08-22 05:26:58'),
(578, 106, '37.111.226.96', 'Nawabganj - - Bangladesh - BD ', 'Handheld Browser', 'Android', '88.2939', '24.5992', 'Bangladesh', 'BD', '2021-08-22 05:51:43', '2021-08-22 05:51:43'),
(579, 85, '119.30.47.124', ' - - Bangladesh - BD ', 'Handheld Browser', 'Android', '90.3742', '23.7018', 'Bangladesh', 'BD', '2021-08-22 06:02:59', '2021-08-22 06:02:59'),
(580, 88, '119.30.47.124', ' - - Bangladesh - BD ', 'Handheld Browser', 'Android', '90.3742', '23.7018', 'Bangladesh', 'BD', '2021-08-22 06:04:47', '2021-08-22 06:04:47'),
(581, 77, '37.111.232.102', 'Bogra - - Bangladesh - BD ', 'Handheld Browser', 'Android', '89.3138', '24.806', 'Bangladesh', 'BD', '2021-08-22 07:22:42', '2021-08-22 07:22:42'),
(582, 89, '37.111.232.1', 'Bogra - - Bangladesh - BD ', 'Handheld Browser', 'Android', '89.3138', '24.806', 'Bangladesh', 'BD', '2021-08-22 07:44:19', '2021-08-22 07:44:19'),
(583, 85, '37.111.196.188', 'Dhaka - - Bangladesh - BD ', 'Handheld Browser', 'Android', '90.4093', '23.7272', 'Bangladesh', 'BD', '2021-08-22 08:37:29', '2021-08-22 08:37:29'),
(584, 122, '37.111.239.248', 'Dhaka - - Bangladesh - BD ', 'Handheld Browser', 'Android', '90.3628', '23.7701', 'Bangladesh', 'BD', '2021-08-22 10:46:09', '2021-08-22 10:46:09'),
(585, 90, '37.111.229.181', 'Dhaka - - Bangladesh - BD ', 'Handheld Browser', 'Android', '90.4093', '23.7272', 'Bangladesh', 'BD', '2021-08-22 12:00:54', '2021-08-22 12:00:54'),
(586, 32, '103.67.159.53', 'Dhaka - - Bangladesh - BD ', 'Chrome', 'Windows Server 2003/XP x64', '90.4109', '23.7908', 'Bangladesh', 'BD', '2021-08-22 12:40:54', '2021-08-22 12:40:54'),
(587, 107, '37.111.226.221', 'Parbatipur - - Bangladesh - BD ', 'Handheld Browser', 'Android', '88.9309', '25.6637', 'Bangladesh', 'BD', '2021-08-22 16:04:00', '2021-08-22 16:04:00');

-- --------------------------------------------------------

--
-- Table structure for table `withdrawals`
--

CREATE TABLE `withdrawals` (
  `id` int(10) UNSIGNED NOT NULL,
  `method_id` int(10) UNSIGNED NOT NULL,
  `user_id` int(10) UNSIGNED NOT NULL,
  `amount` decimal(18,8) NOT NULL,
  `currency` varchar(40) COLLATE utf8mb4_unicode_ci NOT NULL,
  `rate` decimal(18,8) NOT NULL,
  `charge` decimal(18,8) NOT NULL,
  `trx` varchar(40) COLLATE utf8mb4_unicode_ci NOT NULL,
  `final_amount` decimal(18,8) NOT NULL DEFAULT 0.00000000,
  `after_charge` decimal(18,8) NOT NULL,
  `withdraw_information` text COLLATE utf8mb4_unicode_ci DEFAULT NULL,
  `status` tinyint(4) NOT NULL DEFAULT 0 COMMENT '1=>success, 2=>pending, 3=>cancel,  ',
  `admin_feedback` text COLLATE utf8mb4_unicode_ci DEFAULT NULL,
  `created_at` timestamp NULL DEFAULT NULL,
  `updated_at` timestamp NULL DEFAULT NULL
) ENGINE=InnoDB DEFAULT CHARSET=utf8mb4 COLLATE=utf8mb4_unicode_ci;

--
-- Dumping data for table `withdrawals`
--

INSERT INTO `withdrawals` (`id`, `method_id`, `user_id`, `amount`, `currency`, `rate`, `charge`, `trx`, `final_amount`, `after_charge`, `withdraw_information`, `status`, `admin_feedback`, `created_at`, `updated_at`) VALUES
(1, 1, 23, 100.00000000, 'USD', 1.00000000, 1.00000000, '97RW6GYNPP5G', 99.00000000, 99.00000000, NULL, 0, NULL, '2021-07-04 04:49:02', '2021-07-04 04:49:02'),
(2, 1, 23, 100.00000000, 'USD', 1.00000000, 1.00000000, 'N5T2PNZCY1M6', 99.00000000, 99.00000000, NULL, 0, NULL, '2021-07-04 04:49:11', '2021-07-04 04:49:11'),
(3, 1, 23, 100.00000000, 'USD', 1.00000000, 1.00000000, 'PVKH8RQ5CZT4', 99.00000000, 99.00000000, NULL, 1, 'Almm', '2021-07-04 04:52:42', '2021-07-04 06:04:21'),
(4, 2, 23, 20.00000000, 'Usd', 0.30000000, 2.00000000, '8PMT2DAMDHUQ', 5.40000000, 18.00000000, NULL, 0, NULL, '2021-07-04 05:32:31', '2021-07-04 05:32:31'),
(5, 2, 23, 1000.00000000, 'Usd', 0.30000000, 100.00000000, '91EBAEC565SD', 270.00000000, 900.00000000, NULL, 0, NULL, '2021-07-05 00:30:29', '2021-07-05 00:30:29'),
(6, 2, 23, 1000.00000000, 'Usd', 0.30000000, 100.00000000, 'KZ4MYOMKHF3E', 270.00000000, 900.00000000, '{\"your_usdt_rechived_address_:-\":{\"field_name\":\"TWHRYtwuwRuyK4YnupVxVj3sN6aKFpUBz6\",\"type\":\"text\"}}', 1, 'Complete', '2021-07-05 00:33:21', '2021-07-05 00:36:58'),
(7, 2, 23, 100.00000000, 'Usd', 0.30000000, 10.00000000, 'S2UZP1165N8Y', 27.00000000, 90.00000000, '{\"your_usdt_rechived_address_:-\":{\"field_name\":\"TWHRYtwuwRuyK4YnupVxVj3sN6aKFpUBz6\",\"type\":\"text\"}}', 1, 'Yes.', '2021-07-07 10:19:56', '2021-07-07 10:28:23'),
(8, 2, 23, 900.00000000, 'Usd', 0.30000000, 90.00000000, 'BW88DY7XU6KZ', 243.00000000, 810.00000000, '{\"your_usdt_rechived_address_:-\":{\"field_name\":\"3PQMBvGit9h8TqtQqH99uJ51s1aRX78ihFA\",\"type\":\"text\"}}', 1, '3PQMBvGit9h8TqtQqH99uJ51s1aRX78isuity', '2021-07-17 03:51:26', '2021-07-17 03:55:49'),
(9, 2, 24, 100.00000000, 'Usd', 0.30000000, 10.00000000, 'X4PK7ES3BUWA', 27.00000000, 90.00000000, NULL, 0, NULL, '2021-08-01 05:02:23', '2021-08-01 05:02:23'),
(10, 2, 77, 100.00000000, 'Usd', 0.30000000, 10.00000000, 'VJWBZF2TJQBC', 27.00000000, 90.00000000, NULL, 0, NULL, '2021-08-04 07:48:57', '2021-08-04 07:48:57'),
(11, 2, 32, 100.00000000, 'Usd', 0.30000000, 10.00000000, 'OXFKMXAHXJN3', 27.00000000, 90.00000000, NULL, 0, NULL, '2021-08-05 09:38:18', '2021-08-05 09:38:18'),
(12, 2, 24, 100.00000000, 'Usd', 0.30000000, 10.00000000, 'T27ZZXRV9ZAQ', 27.00000000, 90.00000000, '{\"your_usdt_rechived_address_:-\":{\"field_name\":\"TNrcpTUg7TKvxyJsjnYqzjhvzMK7oFTANz\",\"type\":\"text\"}}', 1, 'TNrcpTUg7TKvxyJsjnYqzjhvzMK7oFTANz', '2021-08-14 05:53:56', '2021-08-14 05:54:41'),
(13, 3, 104, 80.00000000, 'USD', 0.31000000, 0.00000000, 'J4623DDVBN5J', 24.80000000, 80.00000000, '{\"payment_received_id\\/hash\":{\"field_name\":\"3PQMBvGit9h8TqtQqH99uJ51s1aRX78ihFA\",\"type\":\"text\"}}', 3, 'You are Fake.....', '2021-08-21 00:05:08', '2021-08-21 00:12:06');

-- --------------------------------------------------------

--
-- Table structure for table `withdraw_methods`
--

CREATE TABLE `withdraw_methods` (
  `id` int(10) UNSIGNED NOT NULL,
  `name` varchar(191) COLLATE utf8mb4_unicode_ci DEFAULT NULL,
  `image` varchar(191) COLLATE utf8mb4_unicode_ci DEFAULT NULL,
  `min_limit` decimal(18,8) DEFAULT NULL,
  `max_limit` decimal(18,8) NOT NULL DEFAULT 0.00000000,
  `delay` varchar(191) COLLATE utf8mb4_unicode_ci DEFAULT NULL,
  `fixed_charge` decimal(18,8) DEFAULT NULL,
  `rate` decimal(18,8) DEFAULT NULL,
  `percent_charge` decimal(5,2) DEFAULT NULL,
  `currency` varchar(20) COLLATE utf8mb4_unicode_ci DEFAULT NULL,
  `user_data` text COLLATE utf8mb4_unicode_ci DEFAULT NULL,
  `description` text COLLATE utf8mb4_unicode_ci DEFAULT NULL,
  `status` tinyint(1) NOT NULL DEFAULT 1,
  `created_at` timestamp NULL DEFAULT NULL,
  `updated_at` timestamp NULL DEFAULT NULL
) ENGINE=InnoDB DEFAULT CHARSET=utf8mb4 COLLATE=utf8mb4_unicode_ci;

--
-- Dumping data for table `withdraw_methods`
--

INSERT INTO `withdraw_methods` (`id`, `name`, `image`, `min_limit`, `max_limit`, `delay`, `fixed_charge`, `rate`, `percent_charge`, `currency`, `user_data`, `description`, `status`, `created_at`, `updated_at`) VALUES
(1, 'usdexchanger', '60e191ad1a9711625395629.jpg', 100.00000000, 1000.00000000, '7 Working day', 0.00000000, 1.00000000, 1.00, 'USD', '[]', '<br>', 0, '2021-07-04 04:47:10', '2021-07-04 05:31:35'),
(2, 'USDT', '60e19bfdb94f11625398269.jpg', 100.00000000, 10000.00000000, '24 Hours', 0.00000000, 0.31000000, 10.00, 'Usd', '{\"your_usdt_rechived_address_:-\":{\"field_name\":\"your_usdt_rechived_address_:-\",\"field_level\":\"Your USDT Rechived Address :-\",\"type\":\"text\",\"validation\":\"required\"}}', '<br>', 1, '2021-07-04 05:31:09', '2021-08-19 23:22:53'),
(3, 'Safe World 1', '6110fb1d147041628502813.jpg', 50.00000000, 1000000.00000000, '1 Hours', 0.00000000, 0.31000000, 0.00, 'USD', '{\"payment_received_id\\/hash\":{\"field_name\":\"payment_received_id\\/hash\",\"field_level\":\"Payment Received ID\\/Hash\",\"type\":\"text\",\"validation\":\"required\"}}', '<br>', 1, '2021-08-09 03:53:33', '2021-08-19 23:23:11');

--
-- Indexes for dumped tables
--

--
-- Indexes for table `admins`
--
ALTER TABLE `admins`
  ADD PRIMARY KEY (`id`);

--
-- Indexes for table `admin_notifications`
--
ALTER TABLE `admin_notifications`
  ADD PRIMARY KEY (`id`);

--
-- Indexes for table `admin_password_resets`
--
ALTER TABLE `admin_password_resets`
  ADD PRIMARY KEY (`id`);

--
-- Indexes for table `bv_logs`
--
ALTER TABLE `bv_logs`
  ADD PRIMARY KEY (`id`);

--
-- Indexes for table `deposits`
--
ALTER TABLE `deposits`
  ADD PRIMARY KEY (`id`);

--
-- Indexes for table `email_sms_templates`
--
ALTER TABLE `email_sms_templates`
  ADD PRIMARY KEY (`id`);

--
-- Indexes for table `extensions`
--
ALTER TABLE `extensions`
  ADD PRIMARY KEY (`id`);

--
-- Indexes for table `frontends`
--
ALTER TABLE `frontends`
  ADD PRIMARY KEY (`id`);

--
-- Indexes for table `gateways`
--
ALTER TABLE `gateways`
  ADD PRIMARY KEY (`id`);

--
-- Indexes for table `gateway_currencies`
--
ALTER TABLE `gateway_currencies`
  ADD PRIMARY KEY (`id`);

--
-- Indexes for table `general_settings`
--
ALTER TABLE `general_settings`
  ADD PRIMARY KEY (`id`);

--
-- Indexes for table `languages`
--
ALTER TABLE `languages`
  ADD PRIMARY KEY (`id`);

--
-- Indexes for table `migrations`
--
ALTER TABLE `migrations`
  ADD PRIMARY KEY (`id`);

--
-- Indexes for table `pages`
--
ALTER TABLE `pages`
  ADD PRIMARY KEY (`id`);

--
-- Indexes for table `plans`
--
ALTER TABLE `plans`
  ADD PRIMARY KEY (`id`);

--
-- Indexes for table `plan_purchases`
--
ALTER TABLE `plan_purchases`
  ADD PRIMARY KEY (`id`);

--
-- Indexes for table `royalty__funds`
--
ALTER TABLE `royalty__funds`
  ADD PRIMARY KEY (`id`);

--
-- Indexes for table `subscribers`
--
ALTER TABLE `subscribers`
  ADD PRIMARY KEY (`id`);

--
-- Indexes for table `support_attachments`
--
ALTER TABLE `support_attachments`
  ADD PRIMARY KEY (`id`);

--
-- Indexes for table `support_messages`
--
ALTER TABLE `support_messages`
  ADD PRIMARY KEY (`id`);

--
-- Indexes for table `support_tickets`
--
ALTER TABLE `support_tickets`
  ADD PRIMARY KEY (`id`);

--
-- Indexes for table `transactions`
--
ALTER TABLE `transactions`
  ADD PRIMARY KEY (`id`);

--
-- Indexes for table `users`
--
ALTER TABLE `users`
  ADD PRIMARY KEY (`id`);

--
-- Indexes for table `user_extras`
--
ALTER TABLE `user_extras`
  ADD PRIMARY KEY (`id`);

--
-- Indexes for table `user_logins`
--
ALTER TABLE `user_logins`
  ADD PRIMARY KEY (`id`);

--
-- Indexes for table `withdrawals`
--
ALTER TABLE `withdrawals`
  ADD PRIMARY KEY (`id`);

--
-- Indexes for table `withdraw_methods`
--
ALTER TABLE `withdraw_methods`
  ADD PRIMARY KEY (`id`);

--
-- AUTO_INCREMENT for dumped tables
--

--
-- AUTO_INCREMENT for table `admins`
--
ALTER TABLE `admins`
  MODIFY `id` bigint(20) UNSIGNED NOT NULL AUTO_INCREMENT, AUTO_INCREMENT=3;

--
-- AUTO_INCREMENT for table `admin_notifications`
--
ALTER TABLE `admin_notifications`
  MODIFY `id` bigint(20) UNSIGNED NOT NULL AUTO_INCREMENT, AUTO_INCREMENT=155;

--
-- AUTO_INCREMENT for table `admin_password_resets`
--
ALTER TABLE `admin_password_resets`
  MODIFY `id` bigint(20) UNSIGNED NOT NULL AUTO_INCREMENT;

--
-- AUTO_INCREMENT for table `bv_logs`
--
ALTER TABLE `bv_logs`
  MODIFY `id` int(10) NOT NULL AUTO_INCREMENT, AUTO_INCREMENT=275;

--
-- AUTO_INCREMENT for table `deposits`
--
ALTER TABLE `deposits`
  MODIFY `id` int(10) UNSIGNED NOT NULL AUTO_INCREMENT, AUTO_INCREMENT=66;

--
-- AUTO_INCREMENT for table `email_sms_templates`
--
ALTER TABLE `email_sms_templates`
  MODIFY `id` int(10) UNSIGNED NOT NULL AUTO_INCREMENT, AUTO_INCREMENT=223;

--
-- AUTO_INCREMENT for table `extensions`
--
ALTER TABLE `extensions`
  MODIFY `id` int(10) UNSIGNED NOT NULL AUTO_INCREMENT, AUTO_INCREMENT=7;

--
-- AUTO_INCREMENT for table `frontends`
--
ALTER TABLE `frontends`
  MODIFY `id` int(10) UNSIGNED NOT NULL AUTO_INCREMENT, AUTO_INCREMENT=94;

--
-- AUTO_INCREMENT for table `gateways`
--
ALTER TABLE `gateways`
  MODIFY `id` int(10) UNSIGNED NOT NULL AUTO_INCREMENT, AUTO_INCREMENT=34;

--
-- AUTO_INCREMENT for table `gateway_currencies`
--
ALTER TABLE `gateway_currencies`
  MODIFY `id` int(10) UNSIGNED NOT NULL AUTO_INCREMENT, AUTO_INCREMENT=3;

--
-- AUTO_INCREMENT for table `general_settings`
--
ALTER TABLE `general_settings`
  MODIFY `id` bigint(20) UNSIGNED NOT NULL AUTO_INCREMENT, AUTO_INCREMENT=2;

--
-- AUTO_INCREMENT for table `languages`
--
ALTER TABLE `languages`
  MODIFY `id` int(10) UNSIGNED NOT NULL AUTO_INCREMENT, AUTO_INCREMENT=11;

--
-- AUTO_INCREMENT for table `migrations`
--
ALTER TABLE `migrations`
  MODIFY `id` int(10) UNSIGNED NOT NULL AUTO_INCREMENT, AUTO_INCREMENT=10;

--
-- AUTO_INCREMENT for table `pages`
--
ALTER TABLE `pages`
  MODIFY `id` bigint(20) UNSIGNED NOT NULL AUTO_INCREMENT, AUTO_INCREMENT=7;

--
-- AUTO_INCREMENT for table `plans`
--
ALTER TABLE `plans`
  MODIFY `id` int(10) NOT NULL AUTO_INCREMENT, AUTO_INCREMENT=6;

--
-- AUTO_INCREMENT for table `plan_purchases`
--
ALTER TABLE `plan_purchases`
  MODIFY `id` bigint(20) UNSIGNED NOT NULL AUTO_INCREMENT, AUTO_INCREMENT=28;

--
-- AUTO_INCREMENT for table `royalty__funds`
--
ALTER TABLE `royalty__funds`
  MODIFY `id` bigint(20) UNSIGNED NOT NULL AUTO_INCREMENT, AUTO_INCREMENT=2;

--
-- AUTO_INCREMENT for table `subscribers`
--
ALTER TABLE `subscribers`
  MODIFY `id` int(10) UNSIGNED NOT NULL AUTO_INCREMENT, AUTO_INCREMENT=7;

--
-- AUTO_INCREMENT for table `support_attachments`
--
ALTER TABLE `support_attachments`
  MODIFY `id` bigint(20) UNSIGNED NOT NULL AUTO_INCREMENT;

--
-- AUTO_INCREMENT for table `support_messages`
--
ALTER TABLE `support_messages`
  MODIFY `id` int(10) UNSIGNED NOT NULL AUTO_INCREMENT, AUTO_INCREMENT=10;

--
-- AUTO_INCREMENT for table `support_tickets`
--
ALTER TABLE `support_tickets`
  MODIFY `id` bigint(20) UNSIGNED NOT NULL AUTO_INCREMENT, AUTO_INCREMENT=5;

--
-- AUTO_INCREMENT for table `transactions`
--
ALTER TABLE `transactions`
  MODIFY `id` bigint(20) UNSIGNED NOT NULL AUTO_INCREMENT, AUTO_INCREMENT=1640;

--
-- AUTO_INCREMENT for table `users`
--
ALTER TABLE `users`
  MODIFY `id` bigint(20) UNSIGNED NOT NULL AUTO_INCREMENT, AUTO_INCREMENT=125;

--
-- AUTO_INCREMENT for table `user_extras`
--
ALTER TABLE `user_extras`
  MODIFY `id` int(10) NOT NULL AUTO_INCREMENT, AUTO_INCREMENT=124;

--
-- AUTO_INCREMENT for table `user_logins`
--
ALTER TABLE `user_logins`
  MODIFY `id` bigint(20) UNSIGNED NOT NULL AUTO_INCREMENT, AUTO_INCREMENT=588;

--
-- AUTO_INCREMENT for table `withdrawals`
--
ALTER TABLE `withdrawals`
  MODIFY `id` int(10) UNSIGNED NOT NULL AUTO_INCREMENT, AUTO_INCREMENT=14;

--
-- AUTO_INCREMENT for table `withdraw_methods`
--
ALTER TABLE `withdraw_methods`
  MODIFY `id` int(10) UNSIGNED NOT NULL AUTO_INCREMENT, AUTO_INCREMENT=4;
COMMIT;

/*!40101 SET CHARACTER_SET_CLIENT=@OLD_CHARACTER_SET_CLIENT */;
/*!40101 SET CHARACTER_SET_RESULTS=@OLD_CHARACTER_SET_RESULTS */;
/*!40101 SET COLLATION_CONNECTION=@OLD_COLLATION_CONNECTION */;
